********  (C) Copyright Rosetta Commons Member Institutions.  ***************
* Use of Rosetta for commercial purposes may require purchase of a license. *
********  See LICENSE.md or email license@uw.edu for more details. **********
core.init: Checking for fconfig files in pwd and ./rosetta/flags 
core.init: Rosetta version: rosetta.binary.m1.release-371 r371 2024.09+release.06b3cf8ad0 06b3cf8ad0940d628690d0ed6fa2009d72ad2b44 https://www.rosettacommons.org 2024-02-28T21:25:09.004217
core.init: command: /Users/junyoung/Desktop/BioMatAI/rosetta/rosetta.binary.m1.release-371/main/source/bin/surface_docking.static.macosclangrelease @input/flags
basic.random.init_random_generator: 'RNG device' seed mode, using '/dev/urandom', seed=-1548240892 seed_offset=0 real_seed=-1548240892
basic.random.init_random_generator: RandomGenerator:init: Normal mode, seed=-1548240892 RG_type=mt19937
core.scoring.ScoreFunctionFactory: SCOREFUNCTION: ref2015
core.scoring.etable: Starting energy table calculation
core.scoring.etable: smooth_etable: changing atr/rep split to bottom of energy well
core.scoring.etable: smooth_etable: spline smoothing lj etables (maxdis = 6)
core.scoring.etable: smooth_etable: spline smoothing solvation etables (max_dis = 6)
core.scoring.etable: Finished calculating energy tables.
basic.io.database: Database file opened: scoring/score_functions/hbonds/ref2015_params/HBPoly1D.csv
basic.io.database: Database file opened: scoring/score_functions/hbonds/ref2015_params/HBFadeIntervals.csv
basic.io.database: Database file opened: scoring/score_functions/hbonds/ref2015_params/HBEval.csv
basic.io.database: Database file opened: scoring/score_functions/hbonds/ref2015_params/DonStrength.csv
basic.io.database: Database file opened: scoring/score_functions/hbonds/ref2015_params/AccStrength.csv
core.chemical.GlobalResidueTypeSet: Finished initializing fa_standard residue type set.  Created 987 residue types
core.chemical.GlobalResidueTypeSet: Total time to initialize 0.253879 seconds.
basic.io.database: Database file opened: scoring/score_functions/rama/fd/all.ramaProb
basic.io.database: Database file opened: scoring/score_functions/rama/fd/prepro.ramaProb
basic.io.database: Database file opened: scoring/score_functions/omega/omega_ppdep.all.txt
basic.io.database: Database file opened: scoring/score_functions/omega/omega_ppdep.gly.txt
basic.io.database: Database file opened: scoring/score_functions/omega/omega_ppdep.pro.txt
basic.io.database: Database file opened: scoring/score_functions/omega/omega_ppdep.valile.txt
basic.io.database: Database file opened: scoring/score_functions/P_AA_pp/P_AA
basic.io.database: Database file opened: scoring/score_functions/P_AA_pp/P_AA_n
core.scoring.P_AA: shapovalov_lib::shap_p_aa_pp_smooth_level of 1( aka low_smooth ) got activated.
basic.io.database: Database file opened: scoring/score_functions/P_AA_pp/shapovalov/10deg/kappa131/a20.prop
protocols.SurfaceDocking.SurfaceDockingProtocol: Setting Weights for talaris
protocols.jd2.PDBJobInputter: Instantiate PDBJobInputter
protocols.jd2.PDBJobInputter: PDBJobInputter::fill_jobs
protocols.jd2.PDBJobInputter: pushed input/complex.pdb nstruct index 1
protocols.evaluation.ChiWellRmsdEvaluatorCreator: Evaluation Creator active ... 
protocols.jd2.PDBJobInputter: PDBJobInputter::pose_from_job
protocols.jd2.PDBJobInputter: filling pose from PDB input/complex.pdb
core.import_pose.import_pose: File 'input/complex.pdb' automatically determined to be of type PDB
core.io.pose_from_sfr.PoseFromSFRBuilder: Adding undetected upper terminus type to residue 1156, 1156 A
core.conformation.Conformation: [ WARNING ] missing heavyatom:  OXT on residue ALA:CtermProteinFull 1156
core.conformation.Conformation: Found disulfide between residues 49 58
core.conformation.Conformation: Found disulfide between residues 71 87
core.conformation.Conformation: Found disulfide between residues 86 97
core.conformation.Conformation: Found disulfide between residues 120 165
core.conformation.Conformation: Found disulfide between residues 164 173
core.conformation.Conformation: Found disulfide between residues 196 242
core.conformation.Conformation: Found disulfide between residues 241 249
core.conformation.Conformation: Found disulfide between residues 261 275
core.conformation.Conformation: Found disulfide between residues 274 285
core.conformation.Conformation: Found disulfide between residues 312 357
core.conformation.Conformation: Found disulfide between residues 356 365
core.conformation.Conformation: Found disulfide between residues 388 434
core.conformation.Conformation: Found disulfide between residues 433 444
core.conformation.Conformation: Found disulfide between residues 457 473
core.conformation.Conformation: Found disulfide between residues 472 483
core.conformation.Conformation: Found disulfide between residues 510 555
core.conformation.Conformation: Found disulfide between residues 554 563
core.conformation.Conformation: Found disulfide between residues 627 636
core.conformation.Conformation: Found disulfide between residues 649 665
core.conformation.Conformation: Found disulfide between residues 664 675
core.conformation.Conformation: Found disulfide between residues 698 743
core.conformation.Conformation: Found disulfide between residues 742 751
core.conformation.Conformation: Found disulfide between residues 774 820
core.conformation.Conformation: Found disulfide between residues 819 827
core.conformation.Conformation: Found disulfide between residues 839 853
core.conformation.Conformation: Found disulfide between residues 852 863
core.conformation.Conformation: Found disulfide between residues 890 935
core.conformation.Conformation: Found disulfide between residues 934 943
core.conformation.Conformation: Found disulfide between residues 966 1012
core.conformation.Conformation: Found disulfide between residues 1011 1022
core.conformation.Conformation: Found disulfide between residues 1035 1051
core.conformation.Conformation: Found disulfide between residues 1050 1061
core.conformation.Conformation: Found disulfide between residues 1088 1133
core.conformation.Conformation: Found disulfide between residues 1132 1141
protocols.SurfaceDocking.SurfaceDockingProtocol: Starting Surface Docking Protocol...
protocols.surfaceDocking.SurfaceParameters: Surface Vectors value inside constructor:
protocols.surfaceDocking.SurfaceParameters: SURFA0:      30.85100000000000       33.06000000000000       25.11400000000000
protocols.surfaceDocking.SurfaceParameters: SURFA1:      30.85100000000000       43.06000000000000       25.11500000000000
protocols.surfaceDocking.SurfaceParameters: SURFA2:      20.85100000000000       33.06000000000000       25.11100000000000
protocols.SurfaceDocking.SurfaceDockingProtocol: Setting up classic abinitio
protocols.SurfaceDocking.SurfaceDockingProtocol: Loading Fragment 9:
core.fragments.ConstantLengthFragSet: finished reading top 1 9mer fragments from file input/albumin_9mers
protocols.SurfaceDocking.SurfaceDockingProtocol: Loading Fragment 3:
core.fragments.ConstantLengthFragSet: finished reading top 1 3mer fragments from file input/albumin_3mers
protocols.SurfaceDocking.CentroidRelaxMover: CentroidRelaxMover Constructor Called
protocols.SurfaceDocking.CentroidRelaxMover: Setting Defaults
basic.io.database: Database file opened: scoring/score_functions/EnvPairPotential/env_log.txt
basic.io.database: Database file opened: scoring/score_functions/EnvPairPotential/cbeta_den.txt
basic.io.database: Database file opened: scoring/score_functions/EnvPairPotential/pair_log.txt
basic.io.database: Database file opened: scoring/score_functions/EnvPairPotential/cenpack_log.txt
basic.io.database: Database file opened: scoring/score_functions/SecondaryStructurePotential/phi.theta.36.HS.resmooth
basic.io.database: Database file opened: scoring/score_functions/SecondaryStructurePotential/phi.theta.36.SS.resmooth
core.scoring.ramachandran: shapovalov_lib::shap_rama_smooth_level of 4( aka highest_smooth ) got activated.
basic.io.database: Database file opened: scoring/score_functions/rama/shapovalov/kappa25/all.ramaProb
core.scoring.ScoreFunctionFactory: SCOREFUNCTION: ref2015
protocols.SurfaceDocking.FullatomRelaxMover: Random Number Generated
protocols.SurfaceDocking.FullatomRelaxMover: Adsorption will occur after 3 cycles...
protocols.SurfaceDocking.SurfaceDockingProtocol: Reorienting protein above the surface...
protocols.SurfaceDocking.SurfaceOrientMover: Initial Protein Centroid:      48.89533844082534       39.57815149693538      -24.58783731296072
protocols.SurfaceDocking.SurfaceOrientMover: Surface Centroid:      26.46347550581779       7.611166570954948      -13.24499818111150
protocols.SurfaceDocking.SurfaceOrientMover: Recenter vector:      -20.00000000000000      -30.00000000000000   -0.008999999999993236
protocols.SurfaceDocking.SurfaceOrientMover: Recenter vector magnitude: 36.0555
protocols.SurfaceDocking.SurfaceOrientMover: SurfaceOrient Complete...
protocols.SurfaceDocking.SurfaceDockingProtocol: Abinitio started...
core.kinematics.FoldTree: delete_jump_seqpos: deleting jump 1
core.kinematics.FoldTree: delete_jump_seqpos: renumbering jump 8946 to 1
core.kinematics.FoldTree: delete_jump_seqpos: deleting jump 2
core.kinematics.FoldTree: delete_jump_seqpos: renumbering jump 8945 to 2
core.kinematics.FoldTree: delete_jump_seqpos: deleting jump 3
core.kinematics.FoldTree: delete_jump_seqpos: renumbering jump 8944 to 3
core.kinematics.FoldTree: delete_jump_seqpos: deleting jump 4
core.kinematics.FoldTree: delete_jump_seqpos: renumbering jump 8943 to 4
core.kinematics.FoldTree: delete_jump_seqpos: deleting jump 5
core.kinematics.FoldTree: delete_jump_seqpos: renumbering jump 8942 to 5
core.kinematics.FoldTree: delete_jump_seqpos: deleting jump 6
core.kinematics.FoldTree: delete_jump_seqpos: renumbering jump 8941 to 6
core.kinematics.FoldTree: delete_jump_seqpos: deleting jump 7
core.kinematics.FoldTree: delete_jump_seqpos: renumbering jump 8940 to 7
core.kinematics.FoldTree: delete_jump_seqpos: deleting jump 8
core.kinematics.FoldTree: delete_jump_seqpos: renumbering jump 8939 to 8
core.kinematics.FoldTree: delete_jump_seqpos: deleting jump 9
core.kinematics.FoldTree: delete_jump_seqpos: renumbering jump 8938 to 9
core.kinematics.FoldTree: delete_jump_seqpos: deleting jump 10
core.kinematics.FoldTree: delete_jump_seqpos: renumbering jump 8937 to 10
core.kinematics.FoldTree: delete_jump_seqpos: deleting jump 11
core.kinematics.FoldTree: delete_jump_seqpos: renumbering jump 8936 to 11
core.kinematics.FoldTree: delete_jump_seqpos: deleting jump 12
core.kinematics.FoldTree: delete_jump_seqpos: renumbering jump 8935 to 12
core.kinematics.FoldTree: delete_jump_seqpos: deleting jump 13
core.kinematics.FoldTree: delete_jump_seqpos: renumbering jump 8934 to 13
core.kinematics.FoldTree: delete_jump_seqpos: deleting jump 14
core.kinematics.FoldTree: delete_jump_seqpos: renumbering jump 8933 to 14
core.kinematics.FoldTree: delete_jump_seqpos: deleting jump 15
core.kinematics.FoldTree: delete_jump_seqpos: renumbering jump 8932 to 15
core.kinematics.FoldTree: delete_jump_seqpos: deleting jump 16
core.kinematics.FoldTree: delete_jump_seqpos: renumbering jump 8931 to 16
core.kinematics.FoldTree: delete_jump_seqpos: deleting jump 17
core.kinematics.FoldTree: delete_jump_seqpos: renumbering jump 8930 to 17
core.kinematics.FoldTree: delete_jump_seqpos: deleting jump 18
core.kinematics.FoldTree: delete_jump_seqpos: renumbering jump 8929 to 18
core.kinematics.FoldTree: delete_jump_seqpos: deleting jump 19
core.kinematics.FoldTree: delete_jump_seqpos: renumbering jump 8928 to 19
core.kinematics.FoldTree: delete_jump_seqpos: deleting jump 20
core.kinematics.FoldTree: delete_jump_seqpos: renumbering jump 8927 to 20
core.kinematics.FoldTree: delete_jump_seqpos: deleting jump 21
core.kinematics.FoldTree: delete_jump_seqpos: renumbering jump 8926 to 21
core.kinematics.FoldTree: delete_jump_seqpos: deleting jump 22
core.kinematics.FoldTree: delete_jump_seqpos: renumbering jump 8925 to 22
core.kinematics.FoldTree: delete_jump_seqpos: deleting jump 23
core.kinematics.FoldTree: delete_jump_seqpos: renumbering jump 8924 to 23
core.kinematics.FoldTree: delete_jump_seqpos: deleting jump 24
core.kinematics.FoldTree: delete_jump_seqpos: renumbering jump 8923 to 24
core.kinematics.FoldTree: delete_jump_seqpos: deleting jump 25
core.kinematics.FoldTree: delete_jump_seqpos: renumbering jump 8922 to 25
core.kinematics.FoldTree: delete_jump_seqpos: deleting jump 26
core.kinematics.FoldTree: delete_jump_seqpos: renumbering jump 8921 to 26
core.kinematics.FoldTree: delete_jump_seqpos: deleting jump 27
core.kinematics.FoldTree: delete_jump_seqpos: renumbering jump 8920 to 27
core.kinematics.FoldTree: delete_jump_seqpos: deleting jump 28
core.kinematics.FoldTree: delete_jump_seqpos: renumbering jump 8919 to 28
core.kinematics.FoldTree: delete_jump_seqpos: deleting jump 29
core.kinematics.FoldTree: delete_jump_seqpos: renumbering jump 8918 to 29
core.kinematics.FoldTree: delete_jump_seqpos: deleting jump 30
core.kinematics.FoldTree: delete_jump_seqpos: renumbering jump 8917 to 30
core.kinematics.FoldTree: delete_jump_seqpos: deleting jump 31
core.kinematics.FoldTree: delete_jump_seqpos: renumbering jump 8916 to 31
core.kinematics.FoldTree: delete_jump_seqpos: deleting jump 32
core.kinematics.FoldTree: delete_jump_seqpos: renumbering jump 8915 to 32
core.kinematics.FoldTree: delete_jump_seqpos: deleting jump 33
core.kinematics.FoldTree: delete_jump_seqpos: renumbering jump 8914 to 33
core.kinematics.FoldTree: delete_jump_seqpos: deleting jump 34
core.kinematics.FoldTree: delete_jump_seqpos: renumbering jump 8913 to 34
core.kinematics.FoldTree: delete_jump_seqpos: deleting jump 35
core.kinematics.FoldTree: delete_jump_seqpos: renumbering jump 8912 to 35
core.kinematics.FoldTree: delete_jump_seqpos: deleting jump 36
core.kinematics.FoldTree: delete_jump_seqpos: renumbering jump 8911 to 36
core.kinematics.FoldTree: delete_jump_seqpos: deleting jump 37
core.kinematics.FoldTree: delete_jump_seqpos: renumbering jump 8910 to 37
core.kinematics.FoldTree: delete_jump_seqpos: deleting jump 38
core.kinematics.FoldTree: delete_jump_seqpos: renumbering jump 8909 to 38
core.kinematics.FoldTree: delete_jump_seqpos: deleting jump 39
core.kinematics.FoldTree: delete_jump_seqpos: renumbering jump 8908 to 39
core.kinematics.FoldTree: delete_jump_seqpos: deleting jump 40
core.kinematics.FoldTree: delete_jump_seqpos: renumbering jump 8907 to 40
core.kinematics.FoldTree: delete_jump_seqpos: deleting jump 41
core.kinematics.FoldTree: delete_jump_seqpos: renumbering jump 8906 to 41
core.kinematics.FoldTree: delete_jump_seqpos: deleting jump 42
core.kinematics.FoldTree: delete_jump_seqpos: renumbering jump 8905 to 42
core.kinematics.FoldTree: delete_jump_seqpos: deleting jump 43
core.kinematics.FoldTree: delete_jump_seqpos: renumbering jump 8904 to 43
core.kinematics.FoldTree: delete_jump_seqpos: deleting jump 44
core.kinematics.FoldTree: delete_jump_seqpos: renumbering jump 8903 to 44
core.kinematics.FoldTree: delete_jump_seqpos: deleting jump 45
core.kinematics.FoldTree: delete_jump_seqpos: renumbering jump 8902 to 45
core.kinematics.FoldTree: delete_jump_seqpos: deleting jump 46
core.kinematics.FoldTree: delete_jump_seqpos: renumbering jump 8901 to 46
core.kinematics.FoldTree: delete_jump_seqpos: deleting jump 47
core.kinematics.FoldTree: delete_jump_seqpos: renumbering jump 8900 to 47
core.kinematics.FoldTree: delete_jump_seqpos: deleting jump 48
core.kinematics.FoldTree: delete_jump_seqpos: renumbering jump 8899 to 48
core.kinematics.FoldTree: delete_jump_seqpos: deleting jump 49
core.kinematics.FoldTree: delete_jump_seqpos: renumbering jump 8898 to 49
core.kinematics.FoldTree: delete_jump_seqpos: deleting jump 50
core.kinematics.FoldTree: delete_jump_seqpos: renumbering jump 8897 to 50
core.kinematics.FoldTree: delete_jump_seqpos: deleting jump 51
core.kinematics.FoldTree: delete_jump_seqpos: renumbering jump 8896 to 51
core.kinematics.FoldTree: delete_jump_seqpos: deleting jump 52
core.kinematics.FoldTree: delete_jump_seqpos: renumbering jump 8895 to 52
core.kinematics.FoldTree: delete_jump_seqpos: deleting jump 53
core.kinematics.FoldTree: delete_jump_seqpos: renumbering jump 8894 to 53
core.kinematics.FoldTree: delete_jump_seqpos: deleting jump 54
core.kinematics.FoldTree: delete_jump_seqpos: renumbering jump 8893 to 54
core.kinematics.FoldTree: delete_jump_seqpos: deleting jump 55
core.kinematics.FoldTree: delete_jump_seqpos: renumbering jump 8892 to 55
core.kinematics.FoldTree: delete_jump_seqpos: deleting jump 56
core.kinematics.FoldTree: delete_jump_seqpos: renumbering jump 8891 to 56
core.kinematics.FoldTree: delete_jump_seqpos: deleting jump 57
core.kinematics.FoldTree: delete_jump_seqpos: renumbering jump 8890 to 57
core.kinematics.FoldTree: delete_jump_seqpos: deleting jump 58
core.kinematics.FoldTree: delete_jump_seqpos: renumbering jump 8889 to 58
core.kinematics.FoldTree: delete_jump_seqpos: deleting jump 59
core.kinematics.FoldTree: delete_jump_seqpos: renumbering jump 8888 to 59
core.kinematics.FoldTree: delete_jump_seqpos: deleting jump 60
core.kinematics.FoldTree: delete_jump_seqpos: renumbering jump 8887 to 60
core.kinematics.FoldTree: delete_jump_seqpos: deleting jump 61
core.kinematics.FoldTree: delete_jump_seqpos: renumbering jump 8886 to 61
core.kinematics.FoldTree: delete_jump_seqpos: deleting jump 62
core.kinematics.FoldTree: delete_jump_seqpos: renumbering jump 8885 to 62
core.kinematics.FoldTree: delete_jump_seqpos: deleting jump 63
core.kinematics.FoldTree: delete_jump_seqpos: renumbering jump 8884 to 63
core.kinematics.FoldTree: delete_jump_seqpos: deleting jump 64
core.kinematics.FoldTree: delete_jump_seqpos: renumbering jump 8883 to 64
core.kinematics.FoldTree: delete_jump_seqpos: deleting jump 65
core.kinematics.FoldTree: delete_jump_seqpos: renumbering jump 8882 to 65
core.kinematics.FoldTree: delete_jump_seqpos: deleting jump 66
core.kinematics.FoldTree: delete_jump_seqpos: renumbering jump 8881 to 66
core.kinematics.FoldTree: delete_jump_seqpos: deleting jump 67
core.kinematics.FoldTree: delete_jump_seqpos: renumbering jump 8880 to 67
core.kinematics.FoldTree: delete_jump_seqpos: deleting jump 68
core.kinematics.FoldTree: delete_jump_seqpos: renumbering jump 8879 to 68
core.kinematics.FoldTree: delete_jump_seqpos: deleting jump 69
core.kinematics.FoldTree: delete_jump_seqpos: renumbering jump 8878 to 69
core.kinematics.FoldTree: delete_jump_seqpos: deleting jump 70
core.kinematics.FoldTree: delete_jump_seqpos: renumbering jump 8877 to 70
core.kinematics.FoldTree: delete_jump_seqpos: deleting jump 71
core.kinematics.FoldTree: delete_jump_seqpos: renumbering jump 8876 to 71
core.kinematics.FoldTree: delete_jump_seqpos: deleting jump 72
core.kinematics.FoldTree: delete_jump_seqpos: renumbering jump 8875 to 72
core.kinematics.FoldTree: delete_jump_seqpos: deleting jump 73
core.kinematics.FoldTree: delete_jump_seqpos: renumbering jump 8874 to 73
core.kinematics.FoldTree: delete_jump_seqpos: deleting jump 74
core.kinematics.FoldTree: delete_jump_seqpos: renumbering jump 8873 to 74
core.kinematics.FoldTree: delete_jump_seqpos: deleting jump 75
core.kinematics.FoldTree: delete_jump_seqpos: renumbering jump 8872 to 75
core.kinematics.FoldTree: delete_jump_seqpos: deleting jump 76
core.kinematics.FoldTree: delete_jump_seqpos: renumbering jump 8871 to 76
core.kinematics.FoldTree: delete_jump_seqpos: deleting jump 77
core.kinematics.FoldTree: delete_jump_seqpos: renumbering jump 8870 to 77
core.kinematics.FoldTree: delete_jump_seqpos: deleting jump 78
core.kinematics.FoldTree: delete_jump_seqpos: renumbering jump 8869 to 78
core.kinematics.FoldTree: delete_jump_seqpos: deleting jump 79
core.kinematics.FoldTree: delete_jump_seqpos: renumbering jump 8868 to 79
core.kinematics.FoldTree: delete_jump_seqpos: deleting jump 80
core.kinematics.FoldTree: delete_jump_seqpos: renumbering jump 8867 to 80
core.kinematics.FoldTree: delete_jump_seqpos: deleting jump 81
core.kinematics.FoldTree: delete_jump_seqpos: renumbering jump 8866 to 81
core.kinematics.FoldTree: delete_jump_seqpos: deleting jump 82
core.kinematics.FoldTree: delete_jump_seqpos: renumbering jump 8865 to 82
core.kinematics.FoldTree: delete_jump_seqpos: deleting jump 83
core.kinematics.FoldTree: delete_jump_seqpos: renumbering jump 8864 to 83
core.kinematics.FoldTree: delete_jump_seqpos: deleting jump 84
core.kinematics.FoldTree: delete_jump_seqpos: renumbering jump 8863 to 84
core.kinematics.FoldTree: delete_jump_seqpos: deleting jump 85
core.kinematics.FoldTree: delete_jump_seqpos: renumbering jump 8862 to 85
core.kinematics.FoldTree: delete_jump_seqpos: deleting jump 86
core.kinematics.FoldTree: delete_jump_seqpos: renumbering jump 8861 to 86
core.kinematics.FoldTree: delete_jump_seqpos: deleting jump 87
core.kinematics.FoldTree: delete_jump_seqpos: renumbering jump 8860 to 87
core.kinematics.FoldTree: delete_jump_seqpos: deleting jump 88
core.kinematics.FoldTree: delete_jump_seqpos: renumbering jump 8859 to 88
core.kinematics.FoldTree: delete_jump_seqpos: deleting jump 89
core.kinematics.FoldTree: delete_jump_seqpos: renumbering jump 8858 to 89
core.kinematics.FoldTree: delete_jump_seqpos: deleting jump 90
core.kinematics.FoldTree: delete_jump_seqpos: renumbering jump 8857 to 90
core.kinematics.FoldTree: delete_jump_seqpos: deleting jump 91
core.kinematics.FoldTree: delete_jump_seqpos: renumbering jump 8856 to 91
core.kinematics.FoldTree: delete_jump_seqpos: deleting jump 92
core.kinematics.FoldTree: delete_jump_seqpos: renumbering jump 8855 to 92
core.kinematics.FoldTree: delete_jump_seqpos: deleting jump 93
core.kinematics.FoldTree: delete_jump_seqpos: renumbering jump 8854 to 93
core.kinematics.FoldTree: delete_jump_seqpos: deleting jump 94
core.kinematics.FoldTree: delete_jump_seqpos: renumbering jump 8853 to 94
core.kinematics.FoldTree: delete_jump_seqpos: deleting jump 95
core.kinematics.FoldTree: delete_jump_seqpos: renumbering jump 8852 to 95
core.kinematics.FoldTree: delete_jump_seqpos: deleting jump 96
core.kinematics.FoldTree: delete_jump_seqpos: renumbering jump 8851 to 96
core.kinematics.FoldTree: delete_jump_seqpos: deleting jump 97
core.kinematics.FoldTree: delete_jump_seqpos: renumbering jump 8850 to 97
core.kinematics.FoldTree: delete_jump_seqpos: deleting jump 98
core.kinematics.FoldTree: delete_jump_seqpos: renumbering jump 8849 to 98
core.kinematics.FoldTree: delete_jump_seqpos: deleting jump 99
core.kinematics.FoldTree: delete_jump_seqpos: renumbering jump 8848 to 99
core.kinematics.FoldTree: delete_jump_seqpos: deleting jump 100
core.kinematics.FoldTree: delete_jump_seqpos: renumbering jump 8847 to 100
core.kinematics.FoldTree: delete_jump_seqpos: deleting jump 101
core.kinematics.FoldTree: delete_jump_seqpos: renumbering jump 8846 to 101
core.kinematics.FoldTree: delete_jump_seqpos: deleting jump 102
core.kinematics.FoldTree: delete_jump_seqpos: renumbering jump 8845 to 102
core.kinematics.FoldTree: delete_jump_seqpos: deleting jump 103
core.kinematics.FoldTree: delete_jump_seqpos: renumbering jump 8844 to 103
core.kinematics.FoldTree: delete_jump_seqpos: deleting jump 104
core.kinematics.FoldTree: delete_jump_seqpos: renumbering jump 8843 to 104
core.kinematics.FoldTree: delete_jump_seqpos: deleting jump 105
core.kinematics.FoldTree: delete_jump_seqpos: renumbering jump 8842 to 105
core.kinematics.FoldTree: delete_jump_seqpos: deleting jump 106
core.kinematics.FoldTree: delete_jump_seqpos: renumbering jump 8841 to 106
core.kinematics.FoldTree: delete_jump_seqpos: deleting jump 107
core.kinematics.FoldTree: delete_jump_seqpos: renumbering jump 8840 to 107
core.kinematics.FoldTree: delete_jump_seqpos: deleting jump 108
core.kinematics.FoldTree: delete_jump_seqpos: renumbering jump 8839 to 108
core.kinematics.FoldTree: delete_jump_seqpos: deleting jump 109
core.kinematics.FoldTree: delete_jump_seqpos: renumbering jump 8838 to 109
core.kinematics.FoldTree: delete_jump_seqpos: deleting jump 110
core.kinematics.FoldTree: delete_jump_seqpos: renumbering jump 8837 to 110
core.kinematics.FoldTree: delete_jump_seqpos: deleting jump 111
core.kinematics.FoldTree: delete_jump_seqpos: renumbering jump 8836 to 111
core.kinematics.FoldTree: delete_jump_seqpos: deleting jump 112
core.kinematics.FoldTree: delete_jump_seqpos: renumbering jump 8835 to 112
core.kinematics.FoldTree: delete_jump_seqpos: deleting jump 113
core.kinematics.FoldTree: delete_jump_seqpos: renumbering jump 8834 to 113
core.kinematics.FoldTree: delete_jump_seqpos: deleting jump 114
core.kinematics.FoldTree: delete_jump_seqpos: renumbering jump 8833 to 114
core.kinematics.FoldTree: delete_jump_seqpos: deleting jump 115
core.kinematics.FoldTree: delete_jump_seqpos: renumbering jump 8832 to 115
core.kinematics.FoldTree: delete_jump_seqpos: deleting jump 116
core.kinematics.FoldTree: delete_jump_seqpos: renumbering jump 8831 to 116
core.kinematics.FoldTree: delete_jump_seqpos: deleting jump 117
core.kinematics.FoldTree: delete_jump_seqpos: renumbering jump 8830 to 117
core.kinematics.FoldTree: delete_jump_seqpos: deleting jump 118
core.kinematics.FoldTree: delete_jump_seqpos: renumbering jump 8829 to 118
core.kinematics.FoldTree: delete_jump_seqpos: deleting jump 119
core.kinematics.FoldTree: delete_jump_seqpos: renumbering jump 8828 to 119
core.kinematics.FoldTree: delete_jump_seqpos: deleting jump 120
core.kinematics.FoldTree: delete_jump_seqpos: renumbering jump 8827 to 120
core.kinematics.FoldTree: delete_jump_seqpos: deleting jump 121
core.kinematics.FoldTree: delete_jump_seqpos: renumbering jump 8826 to 121
core.kinematics.FoldTree: delete_jump_seqpos: deleting jump 122
core.kinematics.FoldTree: delete_jump_seqpos: renumbering jump 8825 to 122
core.kinematics.FoldTree: delete_jump_seqpos: deleting jump 123
core.kinematics.FoldTree: delete_jump_seqpos: renumbering jump 8824 to 123
core.kinematics.FoldTree: delete_jump_seqpos: deleting jump 124
core.kinematics.FoldTree: delete_jump_seqpos: renumbering jump 8823 to 124
core.kinematics.FoldTree: delete_jump_seqpos: deleting jump 125
core.kinematics.FoldTree: delete_jump_seqpos: renumbering jump 8822 to 125
core.kinematics.FoldTree: delete_jump_seqpos: deleting jump 126
core.kinematics.FoldTree: delete_jump_seqpos: renumbering jump 8821 to 126
core.kinematics.FoldTree: delete_jump_seqpos: deleting jump 127
core.kinematics.FoldTree: delete_jump_seqpos: renumbering jump 8820 to 127
core.kinematics.FoldTree: delete_jump_seqpos: deleting jump 128
core.kinematics.FoldTree: delete_jump_seqpos: renumbering jump 8819 to 128
core.kinematics.FoldTree: delete_jump_seqpos: deleting jump 129
core.kinematics.FoldTree: delete_jump_seqpos: renumbering jump 8818 to 129
core.kinematics.FoldTree: delete_jump_seqpos: deleting jump 130
core.kinematics.FoldTree: delete_jump_seqpos: renumbering jump 8817 to 130
core.kinematics.FoldTree: delete_jump_seqpos: deleting jump 131
core.kinematics.FoldTree: delete_jump_seqpos: renumbering jump 8816 to 131
core.kinematics.FoldTree: delete_jump_seqpos: deleting jump 132
core.kinematics.FoldTree: delete_jump_seqpos: renumbering jump 8815 to 132
core.kinematics.FoldTree: delete_jump_seqpos: deleting jump 133
core.kinematics.FoldTree: delete_jump_seqpos: renumbering jump 8814 to 133
core.kinematics.FoldTree: delete_jump_seqpos: deleting jump 134
core.kinematics.FoldTree: delete_jump_seqpos: renumbering jump 8813 to 134
core.kinematics.FoldTree: delete_jump_seqpos: deleting jump 135
core.kinematics.FoldTree: delete_jump_seqpos: renumbering jump 8812 to 135
core.kinematics.FoldTree: delete_jump_seqpos: deleting jump 136
core.kinematics.FoldTree: delete_jump_seqpos: renumbering jump 8811 to 136
core.kinematics.FoldTree: delete_jump_seqpos: deleting jump 137
core.kinematics.FoldTree: delete_jump_seqpos: renumbering jump 8810 to 137
core.kinematics.FoldTree: delete_jump_seqpos: deleting jump 138
core.kinematics.FoldTree: delete_jump_seqpos: renumbering jump 8809 to 138
core.kinematics.FoldTree: delete_jump_seqpos: deleting jump 139
core.kinematics.FoldTree: delete_jump_seqpos: renumbering jump 8808 to 139
core.kinematics.FoldTree: delete_jump_seqpos: deleting jump 140
core.kinematics.FoldTree: delete_jump_seqpos: renumbering jump 8807 to 140
core.kinematics.FoldTree: delete_jump_seqpos: deleting jump 141
core.kinematics.FoldTree: delete_jump_seqpos: renumbering jump 8806 to 141
core.kinematics.FoldTree: delete_jump_seqpos: deleting jump 142
core.kinematics.FoldTree: delete_jump_seqpos: renumbering jump 8805 to 142
core.kinematics.FoldTree: delete_jump_seqpos: deleting jump 143
core.kinematics.FoldTree: delete_jump_seqpos: renumbering jump 8804 to 143
core.kinematics.FoldTree: delete_jump_seqpos: deleting jump 144
core.kinematics.FoldTree: delete_jump_seqpos: renumbering jump 8803 to 144
core.kinematics.FoldTree: delete_jump_seqpos: deleting jump 145
core.kinematics.FoldTree: delete_jump_seqpos: renumbering jump 8802 to 145
core.kinematics.FoldTree: delete_jump_seqpos: deleting jump 146
core.kinematics.FoldTree: delete_jump_seqpos: renumbering jump 8801 to 146
core.kinematics.FoldTree: delete_jump_seqpos: deleting jump 147
core.kinematics.FoldTree: delete_jump_seqpos: renumbering jump 8800 to 147
core.kinematics.FoldTree: delete_jump_seqpos: deleting jump 148
core.kinematics.FoldTree: delete_jump_seqpos: renumbering jump 8799 to 148
core.kinematics.FoldTree: delete_jump_seqpos: deleting jump 149
core.kinematics.FoldTree: delete_jump_seqpos: renumbering jump 8798 to 149
core.kinematics.FoldTree: delete_jump_seqpos: deleting jump 150
core.kinematics.FoldTree: delete_jump_seqpos: renumbering jump 8797 to 150
core.kinematics.FoldTree: delete_jump_seqpos: deleting jump 151
core.kinematics.FoldTree: delete_jump_seqpos: renumbering jump 8796 to 151
core.kinematics.FoldTree: delete_jump_seqpos: deleting jump 152
core.kinematics.FoldTree: delete_jump_seqpos: renumbering jump 8795 to 152
core.kinematics.FoldTree: delete_jump_seqpos: deleting jump 153
core.kinematics.FoldTree: delete_jump_seqpos: renumbering jump 8794 to 153
core.kinematics.FoldTree: delete_jump_seqpos: deleting jump 154
core.kinematics.FoldTree: delete_jump_seqpos: renumbering jump 8793 to 154
core.kinematics.FoldTree: delete_jump_seqpos: deleting jump 155
core.kinematics.FoldTree: delete_jump_seqpos: renumbering jump 8792 to 155
core.kinematics.FoldTree: delete_jump_seqpos: deleting jump 156
core.kinematics.FoldTree: delete_jump_seqpos: renumbering jump 8791 to 156
core.kinematics.FoldTree: delete_jump_seqpos: deleting jump 157
core.kinematics.FoldTree: delete_jump_seqpos: renumbering jump 8790 to 157
core.kinematics.FoldTree: delete_jump_seqpos: deleting jump 158
core.kinematics.FoldTree: delete_jump_seqpos: renumbering jump 8789 to 158
core.kinematics.FoldTree: delete_jump_seqpos: deleting jump 159
core.kinematics.FoldTree: delete_jump_seqpos: renumbering jump 8788 to 159
core.kinematics.FoldTree: delete_jump_seqpos: deleting jump 160
core.kinematics.FoldTree: delete_jump_seqpos: renumbering jump 8787 to 160
core.kinematics.FoldTree: delete_jump_seqpos: deleting jump 161
core.kinematics.FoldTree: delete_jump_seqpos: renumbering jump 8786 to 161
core.kinematics.FoldTree: delete_jump_seqpos: deleting jump 162
core.kinematics.FoldTree: delete_jump_seqpos: renumbering jump 8785 to 162
core.kinematics.FoldTree: delete_jump_seqpos: deleting jump 163
core.kinematics.FoldTree: delete_jump_seqpos: renumbering jump 8784 to 163
core.kinematics.FoldTree: delete_jump_seqpos: deleting jump 164
core.kinematics.FoldTree: delete_jump_seqpos: renumbering jump 8783 to 164
core.kinematics.FoldTree: delete_jump_seqpos: deleting jump 165
core.kinematics.FoldTree: delete_jump_seqpos: renumbering jump 8782 to 165
core.kinematics.FoldTree: delete_jump_seqpos: deleting jump 166
core.kinematics.FoldTree: delete_jump_seqpos: renumbering jump 8781 to 166
core.kinematics.FoldTree: delete_jump_seqpos: deleting jump 167
core.kinematics.FoldTree: delete_jump_seqpos: renumbering jump 8780 to 167
core.kinematics.FoldTree: delete_jump_seqpos: deleting jump 168
core.kinematics.FoldTree: delete_jump_seqpos: renumbering jump 8779 to 168
core.kinematics.FoldTree: delete_jump_seqpos: deleting jump 169
core.kinematics.FoldTree: delete_jump_seqpos: renumbering jump 8778 to 169
core.kinematics.FoldTree: delete_jump_seqpos: deleting jump 170
core.kinematics.FoldTree: delete_jump_seqpos: renumbering jump 8777 to 170
core.kinematics.FoldTree: delete_jump_seqpos: deleting jump 171
core.kinematics.FoldTree: delete_jump_seqpos: renumbering jump 8776 to 171
core.kinematics.FoldTree: delete_jump_seqpos: deleting jump 172
core.kinematics.FoldTree: delete_jump_seqpos: renumbering jump 8775 to 172
core.kinematics.FoldTree: delete_jump_seqpos: deleting jump 173
core.kinematics.FoldTree: delete_jump_seqpos: renumbering jump 8774 to 173
core.kinematics.FoldTree: delete_jump_seqpos: deleting jump 174
core.kinematics.FoldTree: delete_jump_seqpos: renumbering jump 8773 to 174
core.kinematics.FoldTree: delete_jump_seqpos: deleting jump 175
core.kinematics.FoldTree: delete_jump_seqpos: renumbering jump 8772 to 175
core.kinematics.FoldTree: delete_jump_seqpos: deleting jump 176
core.kinematics.FoldTree: delete_jump_seqpos: renumbering jump 8771 to 176
core.kinematics.FoldTree: delete_jump_seqpos: deleting jump 177
core.kinematics.FoldTree: delete_jump_seqpos: renumbering jump 8770 to 177
core.kinematics.FoldTree: delete_jump_seqpos: deleting jump 178
core.kinematics.FoldTree: delete_jump_seqpos: renumbering jump 8769 to 178
core.kinematics.FoldTree: delete_jump_seqpos: deleting jump 179
core.kinematics.FoldTree: delete_jump_seqpos: renumbering jump 8768 to 179
core.kinematics.FoldTree: delete_jump_seqpos: deleting jump 180
core.kinematics.FoldTree: delete_jump_seqpos: renumbering jump 8767 to 180
core.kinematics.FoldTree: delete_jump_seqpos: deleting jump 181
core.kinematics.FoldTree: delete_jump_seqpos: renumbering jump 8766 to 181
core.kinematics.FoldTree: delete_jump_seqpos: deleting jump 182
core.kinematics.FoldTree: delete_jump_seqpos: renumbering jump 8765 to 182
core.kinematics.FoldTree: delete_jump_seqpos: deleting jump 183
core.kinematics.FoldTree: delete_jump_seqpos: renumbering jump 8764 to 183
core.kinematics.FoldTree: delete_jump_seqpos: deleting jump 184
core.kinematics.FoldTree: delete_jump_seqpos: renumbering jump 8763 to 184
core.kinematics.FoldTree: delete_jump_seqpos: deleting jump 185
core.kinematics.FoldTree: delete_jump_seqpos: renumbering jump 8762 to 185
core.kinematics.FoldTree: delete_jump_seqpos: deleting jump 186
core.kinematics.FoldTree: delete_jump_seqpos: renumbering jump 8761 to 186
core.kinematics.FoldTree: delete_jump_seqpos: deleting jump 187
core.kinematics.FoldTree: delete_jump_seqpos: renumbering jump 8760 to 187
core.kinematics.FoldTree: delete_jump_seqpos: deleting jump 188
core.kinematics.FoldTree: delete_jump_seqpos: renumbering jump 8759 to 188
core.kinematics.FoldTree: delete_jump_seqpos: deleting jump 189
core.kinematics.FoldTree: delete_jump_seqpos: renumbering jump 8758 to 189
core.kinematics.FoldTree: delete_jump_seqpos: deleting jump 190
core.kinematics.FoldTree: delete_jump_seqpos: renumbering jump 8757 to 190
core.kinematics.FoldTree: delete_jump_seqpos: deleting jump 191
core.kinematics.FoldTree: delete_jump_seqpos: renumbering jump 8756 to 191
core.kinematics.FoldTree: delete_jump_seqpos: deleting jump 192
core.kinematics.FoldTree: delete_jump_seqpos: renumbering jump 8755 to 192
core.kinematics.FoldTree: delete_jump_seqpos: deleting jump 193
core.kinematics.FoldTree: delete_jump_seqpos: renumbering jump 8754 to 193
core.kinematics.FoldTree: delete_jump_seqpos: deleting jump 194
core.kinematics.FoldTree: delete_jump_seqpos: renumbering jump 8753 to 194
core.kinematics.FoldTree: delete_jump_seqpos: deleting jump 195
core.kinematics.FoldTree: delete_jump_seqpos: renumbering jump 8752 to 195
core.kinematics.FoldTree: delete_jump_seqpos: deleting jump 196
core.kinematics.FoldTree: delete_jump_seqpos: renumbering jump 8751 to 196
core.kinematics.FoldTree: delete_jump_seqpos: deleting jump 197
core.kinematics.FoldTree: delete_jump_seqpos: renumbering jump 8750 to 197
core.kinematics.FoldTree: delete_jump_seqpos: deleting jump 198
core.kinematics.FoldTree: delete_jump_seqpos: renumbering jump 8749 to 198
core.kinematics.FoldTree: delete_jump_seqpos: deleting jump 199
core.kinematics.FoldTree: delete_jump_seqpos: renumbering jump 8748 to 199
core.kinematics.FoldTree: delete_jump_seqpos: deleting jump 200
core.kinematics.FoldTree: delete_jump_seqpos: renumbering jump 8747 to 200
core.kinematics.FoldTree: delete_jump_seqpos: deleting jump 201
core.kinematics.FoldTree: delete_jump_seqpos: renumbering jump 8746 to 201
core.kinematics.FoldTree: delete_jump_seqpos: deleting jump 202
core.kinematics.FoldTree: delete_jump_seqpos: renumbering jump 8745 to 202
core.kinematics.FoldTree: delete_jump_seqpos: deleting jump 203
core.kinematics.FoldTree: delete_jump_seqpos: renumbering jump 8744 to 203
core.kinematics.FoldTree: delete_jump_seqpos: deleting jump 204
core.kinematics.FoldTree: delete_jump_seqpos: renumbering jump 8743 to 204
core.kinematics.FoldTree: delete_jump_seqpos: deleting jump 205
core.kinematics.FoldTree: delete_jump_seqpos: renumbering jump 8742 to 205
core.kinematics.FoldTree: delete_jump_seqpos: deleting jump 206
core.kinematics.FoldTree: delete_jump_seqpos: renumbering jump 8741 to 206
core.kinematics.FoldTree: delete_jump_seqpos: deleting jump 207
core.kinematics.FoldTree: delete_jump_seqpos: renumbering jump 8740 to 207
core.kinematics.FoldTree: delete_jump_seqpos: deleting jump 208
core.kinematics.FoldTree: delete_jump_seqpos: renumbering jump 8739 to 208
core.kinematics.FoldTree: delete_jump_seqpos: deleting jump 209
core.kinematics.FoldTree: delete_jump_seqpos: renumbering jump 8738 to 209
core.kinematics.FoldTree: delete_jump_seqpos: deleting jump 210
core.kinematics.FoldTree: delete_jump_seqpos: renumbering jump 8737 to 210
core.kinematics.FoldTree: delete_jump_seqpos: deleting jump 211
core.kinematics.FoldTree: delete_jump_seqpos: renumbering jump 8736 to 211
core.kinematics.FoldTree: delete_jump_seqpos: deleting jump 212
core.kinematics.FoldTree: delete_jump_seqpos: renumbering jump 8735 to 212
core.kinematics.FoldTree: delete_jump_seqpos: deleting jump 213
core.kinematics.FoldTree: delete_jump_seqpos: renumbering jump 8734 to 213
core.kinematics.FoldTree: delete_jump_seqpos: deleting jump 214
core.kinematics.FoldTree: delete_jump_seqpos: renumbering jump 8733 to 214
core.kinematics.FoldTree: delete_jump_seqpos: deleting jump 215
core.kinematics.FoldTree: delete_jump_seqpos: renumbering jump 8732 to 215
core.kinematics.FoldTree: delete_jump_seqpos: deleting jump 216
core.kinematics.FoldTree: delete_jump_seqpos: renumbering jump 8731 to 216
core.kinematics.FoldTree: delete_jump_seqpos: deleting jump 217
core.kinematics.FoldTree: delete_jump_seqpos: renumbering jump 8730 to 217
core.kinematics.FoldTree: delete_jump_seqpos: deleting jump 218
core.kinematics.FoldTree: delete_jump_seqpos: renumbering jump 8729 to 218
core.kinematics.FoldTree: delete_jump_seqpos: deleting jump 219
core.kinematics.FoldTree: delete_jump_seqpos: renumbering jump 8728 to 219
core.kinematics.FoldTree: delete_jump_seqpos: deleting jump 220
core.kinematics.FoldTree: delete_jump_seqpos: renumbering jump 8727 to 220
core.kinematics.FoldTree: delete_jump_seqpos: deleting jump 221
core.kinematics.FoldTree: delete_jump_seqpos: renumbering jump 8726 to 221
core.kinematics.FoldTree: delete_jump_seqpos: deleting jump 222
core.kinematics.FoldTree: delete_jump_seqpos: renumbering jump 8725 to 222
core.kinematics.FoldTree: delete_jump_seqpos: deleting jump 223
core.kinematics.FoldTree: delete_jump_seqpos: renumbering jump 8724 to 223
core.kinematics.FoldTree: delete_jump_seqpos: deleting jump 224
core.kinematics.FoldTree: delete_jump_seqpos: renumbering jump 8723 to 224
core.kinematics.FoldTree: delete_jump_seqpos: deleting jump 225
core.kinematics.FoldTree: delete_jump_seqpos: renumbering jump 8722 to 225
core.kinematics.FoldTree: delete_jump_seqpos: deleting jump 226
core.kinematics.FoldTree: delete_jump_seqpos: renumbering jump 8721 to 226
core.kinematics.FoldTree: delete_jump_seqpos: deleting jump 227
core.kinematics.FoldTree: delete_jump_seqpos: renumbering jump 8720 to 227
core.kinematics.FoldTree: delete_jump_seqpos: deleting jump 228
core.kinematics.FoldTree: delete_jump_seqpos: renumbering jump 8719 to 228
core.kinematics.FoldTree: delete_jump_seqpos: deleting jump 229
core.kinematics.FoldTree: delete_jump_seqpos: renumbering jump 8718 to 229
core.kinematics.FoldTree: delete_jump_seqpos: deleting jump 230
core.kinematics.FoldTree: delete_jump_seqpos: renumbering jump 8717 to 230
core.kinematics.FoldTree: delete_jump_seqpos: deleting jump 231
core.kinematics.FoldTree: delete_jump_seqpos: renumbering jump 8716 to 231
core.kinematics.FoldTree: delete_jump_seqpos: deleting jump 232
core.kinematics.FoldTree: delete_jump_seqpos: renumbering jump 8715 to 232
core.kinematics.FoldTree: delete_jump_seqpos: deleting jump 233
core.kinematics.FoldTree: delete_jump_seqpos: renumbering jump 8714 to 233
core.kinematics.FoldTree: delete_jump_seqpos: deleting jump 234
core.kinematics.FoldTree: delete_jump_seqpos: renumbering jump 8713 to 234
core.kinematics.FoldTree: delete_jump_seqpos: deleting jump 235
core.kinematics.FoldTree: delete_jump_seqpos: renumbering jump 8712 to 235
core.kinematics.FoldTree: delete_jump_seqpos: deleting jump 236
core.kinematics.FoldTree: delete_jump_seqpos: renumbering jump 8711 to 236
core.kinematics.FoldTree: delete_jump_seqpos: deleting jump 237
core.kinematics.FoldTree: delete_jump_seqpos: renumbering jump 8710 to 237
core.kinematics.FoldTree: delete_jump_seqpos: deleting jump 238
core.kinematics.FoldTree: delete_jump_seqpos: renumbering jump 8709 to 238
core.kinematics.FoldTree: delete_jump_seqpos: deleting jump 239
core.kinematics.FoldTree: delete_jump_seqpos: renumbering jump 8708 to 239
core.kinematics.FoldTree: delete_jump_seqpos: deleting jump 240
core.kinematics.FoldTree: delete_jump_seqpos: renumbering jump 8707 to 240
core.kinematics.FoldTree: delete_jump_seqpos: deleting jump 241
core.kinematics.FoldTree: delete_jump_seqpos: renumbering jump 8706 to 241
core.kinematics.FoldTree: delete_jump_seqpos: deleting jump 242
core.kinematics.FoldTree: delete_jump_seqpos: renumbering jump 8705 to 242
core.kinematics.FoldTree: delete_jump_seqpos: deleting jump 243
core.kinematics.FoldTree: delete_jump_seqpos: renumbering jump 8704 to 243
core.kinematics.FoldTree: delete_jump_seqpos: deleting jump 244
core.kinematics.FoldTree: delete_jump_seqpos: renumbering jump 8703 to 244
core.kinematics.FoldTree: delete_jump_seqpos: deleting jump 245
core.kinematics.FoldTree: delete_jump_seqpos: renumbering jump 8702 to 245
core.kinematics.FoldTree: delete_jump_seqpos: deleting jump 246
core.kinematics.FoldTree: delete_jump_seqpos: renumbering jump 8701 to 246
core.kinematics.FoldTree: delete_jump_seqpos: deleting jump 247
core.kinematics.FoldTree: delete_jump_seqpos: renumbering jump 8700 to 247
core.kinematics.FoldTree: delete_jump_seqpos: deleting jump 248
core.kinematics.FoldTree: delete_jump_seqpos: renumbering jump 8699 to 248
core.kinematics.FoldTree: delete_jump_seqpos: deleting jump 249
core.kinematics.FoldTree: delete_jump_seqpos: renumbering jump 8698 to 249
core.kinematics.FoldTree: delete_jump_seqpos: deleting jump 250
core.kinematics.FoldTree: delete_jump_seqpos: renumbering jump 8697 to 250
core.kinematics.FoldTree: delete_jump_seqpos: deleting jump 251
core.kinematics.FoldTree: delete_jump_seqpos: renumbering jump 8696 to 251
core.kinematics.FoldTree: delete_jump_seqpos: deleting jump 252
core.kinematics.FoldTree: delete_jump_seqpos: renumbering jump 8695 to 252
core.kinematics.FoldTree: delete_jump_seqpos: deleting jump 253
core.kinematics.FoldTree: delete_jump_seqpos: renumbering jump 8694 to 253
core.kinematics.FoldTree: delete_jump_seqpos: deleting jump 254
core.kinematics.FoldTree: delete_jump_seqpos: renumbering jump 8693 to 254
core.kinematics.FoldTree: delete_jump_seqpos: deleting jump 255
core.kinematics.FoldTree: delete_jump_seqpos: renumbering jump 8692 to 255
core.kinematics.FoldTree: delete_jump_seqpos: deleting jump 256
core.kinematics.FoldTree: delete_jump_seqpos: renumbering jump 8691 to 256
core.kinematics.FoldTree: delete_jump_seqpos: deleting jump 257
core.kinematics.FoldTree: delete_jump_seqpos: renumbering jump 8690 to 257
core.kinematics.FoldTree: delete_jump_seqpos: deleting jump 258
core.kinematics.FoldTree: delete_jump_seqpos: renumbering jump 8689 to 258
core.kinematics.FoldTree: delete_jump_seqpos: deleting jump 259
core.kinematics.FoldTree: delete_jump_seqpos: renumbering jump 8688 to 259
core.kinematics.FoldTree: delete_jump_seqpos: deleting jump 260
core.kinematics.FoldTree: delete_jump_seqpos: renumbering jump 8687 to 260
core.kinematics.FoldTree: delete_jump_seqpos: deleting jump 261
core.kinematics.FoldTree: delete_jump_seqpos: renumbering jump 8686 to 261
core.kinematics.FoldTree: delete_jump_seqpos: deleting jump 262
core.kinematics.FoldTree: delete_jump_seqpos: renumbering jump 8685 to 262
core.kinematics.FoldTree: delete_jump_seqpos: deleting jump 263
core.kinematics.FoldTree: delete_jump_seqpos: renumbering jump 8684 to 263
core.kinematics.FoldTree: delete_jump_seqpos: deleting jump 264
core.kinematics.FoldTree: delete_jump_seqpos: renumbering jump 8683 to 264
core.kinematics.FoldTree: delete_jump_seqpos: deleting jump 265
core.kinematics.FoldTree: delete_jump_seqpos: renumbering jump 8682 to 265
core.kinematics.FoldTree: delete_jump_seqpos: deleting jump 266
core.kinematics.FoldTree: delete_jump_seqpos: renumbering jump 8681 to 266
core.kinematics.FoldTree: delete_jump_seqpos: deleting jump 267
core.kinematics.FoldTree: delete_jump_seqpos: renumbering jump 8680 to 267
core.kinematics.FoldTree: delete_jump_seqpos: deleting jump 268
core.kinematics.FoldTree: delete_jump_seqpos: renumbering jump 8679 to 268
core.kinematics.FoldTree: delete_jump_seqpos: deleting jump 269
core.kinematics.FoldTree: delete_jump_seqpos: renumbering jump 8678 to 269
core.kinematics.FoldTree: delete_jump_seqpos: deleting jump 270
core.kinematics.FoldTree: delete_jump_seqpos: renumbering jump 8677 to 270
core.kinematics.FoldTree: delete_jump_seqpos: deleting jump 271
core.kinematics.FoldTree: delete_jump_seqpos: renumbering jump 8676 to 271
core.kinematics.FoldTree: delete_jump_seqpos: deleting jump 272
core.kinematics.FoldTree: delete_jump_seqpos: renumbering jump 8675 to 272
core.kinematics.FoldTree: delete_jump_seqpos: deleting jump 273
core.kinematics.FoldTree: delete_jump_seqpos: renumbering jump 8674 to 273
core.kinematics.FoldTree: delete_jump_seqpos: deleting jump 274
core.kinematics.FoldTree: delete_jump_seqpos: renumbering jump 8673 to 274
core.kinematics.FoldTree: delete_jump_seqpos: deleting jump 275
core.kinematics.FoldTree: delete_jump_seqpos: renumbering jump 8672 to 275
core.kinematics.FoldTree: delete_jump_seqpos: deleting jump 276
core.kinematics.FoldTree: delete_jump_seqpos: renumbering jump 8671 to 276
core.kinematics.FoldTree: delete_jump_seqpos: deleting jump 277
core.kinematics.FoldTree: delete_jump_seqpos: renumbering jump 8670 to 277
core.kinematics.FoldTree: delete_jump_seqpos: deleting jump 278
core.kinematics.FoldTree: delete_jump_seqpos: renumbering jump 8669 to 278
core.kinematics.FoldTree: delete_jump_seqpos: deleting jump 279
core.kinematics.FoldTree: delete_jump_seqpos: renumbering jump 8668 to 279
core.kinematics.FoldTree: delete_jump_seqpos: deleting jump 280
core.kinematics.FoldTree: delete_jump_seqpos: renumbering jump 8667 to 280
core.kinematics.FoldTree: delete_jump_seqpos: deleting jump 281
core.kinematics.FoldTree: delete_jump_seqpos: renumbering jump 8666 to 281
core.kinematics.FoldTree: delete_jump_seqpos: deleting jump 282
core.kinematics.FoldTree: delete_jump_seqpos: renumbering jump 8665 to 282
core.kinematics.FoldTree: delete_jump_seqpos: deleting jump 283
core.kinematics.FoldTree: delete_jump_seqpos: renumbering jump 8664 to 283
core.kinematics.FoldTree: delete_jump_seqpos: deleting jump 284
core.kinematics.FoldTree: delete_jump_seqpos: renumbering jump 8663 to 284
core.kinematics.FoldTree: delete_jump_seqpos: deleting jump 285
core.kinematics.FoldTree: delete_jump_seqpos: renumbering jump 8662 to 285
core.kinematics.FoldTree: delete_jump_seqpos: deleting jump 286
core.kinematics.FoldTree: delete_jump_seqpos: renumbering jump 8661 to 286
core.kinematics.FoldTree: delete_jump_seqpos: deleting jump 287
core.kinematics.FoldTree: delete_jump_seqpos: renumbering jump 8660 to 287
core.kinematics.FoldTree: delete_jump_seqpos: deleting jump 288
core.kinematics.FoldTree: delete_jump_seqpos: renumbering jump 8659 to 288
core.kinematics.FoldTree: delete_jump_seqpos: deleting jump 289
core.kinematics.FoldTree: delete_jump_seqpos: renumbering jump 8658 to 289
core.kinematics.FoldTree: delete_jump_seqpos: deleting jump 290
core.kinematics.FoldTree: delete_jump_seqpos: renumbering jump 8657 to 290
core.kinematics.FoldTree: delete_jump_seqpos: deleting jump 291
core.kinematics.FoldTree: delete_jump_seqpos: renumbering jump 8656 to 291
core.kinematics.FoldTree: delete_jump_seqpos: deleting jump 292
core.kinematics.FoldTree: delete_jump_seqpos: renumbering jump 8655 to 292
core.kinematics.FoldTree: delete_jump_seqpos: deleting jump 293
core.kinematics.FoldTree: delete_jump_seqpos: renumbering jump 8654 to 293
core.kinematics.FoldTree: delete_jump_seqpos: deleting jump 294
core.kinematics.FoldTree: delete_jump_seqpos: renumbering jump 8653 to 294
core.kinematics.FoldTree: delete_jump_seqpos: deleting jump 295
core.kinematics.FoldTree: delete_jump_seqpos: renumbering jump 8652 to 295
core.kinematics.FoldTree: delete_jump_seqpos: deleting jump 296
core.kinematics.FoldTree: delete_jump_seqpos: renumbering jump 8651 to 296
core.kinematics.FoldTree: delete_jump_seqpos: deleting jump 297
core.kinematics.FoldTree: delete_jump_seqpos: renumbering jump 8650 to 297
core.kinematics.FoldTree: delete_jump_seqpos: deleting jump 298
core.kinematics.FoldTree: delete_jump_seqpos: renumbering jump 8649 to 298
core.kinematics.FoldTree: delete_jump_seqpos: deleting jump 299
core.kinematics.FoldTree: delete_jump_seqpos: renumbering jump 8648 to 299
core.kinematics.FoldTree: delete_jump_seqpos: deleting jump 300
core.kinematics.FoldTree: delete_jump_seqpos: renumbering jump 8647 to 300
core.kinematics.FoldTree: delete_jump_seqpos: deleting jump 301
core.kinematics.FoldTree: delete_jump_seqpos: renumbering jump 8646 to 301
core.kinematics.FoldTree: delete_jump_seqpos: deleting jump 302
core.kinematics.FoldTree: delete_jump_seqpos: renumbering jump 8645 to 302
core.kinematics.FoldTree: delete_jump_seqpos: deleting jump 303
core.kinematics.FoldTree: delete_jump_seqpos: renumbering jump 8644 to 303
core.kinematics.FoldTree: delete_jump_seqpos: deleting jump 304
core.kinematics.FoldTree: delete_jump_seqpos: renumbering jump 8643 to 304
core.kinematics.FoldTree: delete_jump_seqpos: deleting jump 305
core.kinematics.FoldTree: delete_jump_seqpos: renumbering jump 8642 to 305
core.kinematics.FoldTree: delete_jump_seqpos: deleting jump 306
core.kinematics.FoldTree: delete_jump_seqpos: renumbering jump 8641 to 306
core.kinematics.FoldTree: delete_jump_seqpos: deleting jump 307
core.kinematics.FoldTree: delete_jump_seqpos: renumbering jump 8640 to 307
core.kinematics.FoldTree: delete_jump_seqpos: deleting jump 308
core.kinematics.FoldTree: delete_jump_seqpos: renumbering jump 8639 to 308
core.kinematics.FoldTree: delete_jump_seqpos: deleting jump 309
core.kinematics.FoldTree: delete_jump_seqpos: renumbering jump 8638 to 309
core.kinematics.FoldTree: delete_jump_seqpos: deleting jump 310
core.kinematics.FoldTree: delete_jump_seqpos: renumbering jump 8637 to 310
core.kinematics.FoldTree: delete_jump_seqpos: deleting jump 311
core.kinematics.FoldTree: delete_jump_seqpos: renumbering jump 8636 to 311
core.kinematics.FoldTree: delete_jump_seqpos: deleting jump 312
core.kinematics.FoldTree: delete_jump_seqpos: renumbering jump 8635 to 312
core.kinematics.FoldTree: delete_jump_seqpos: deleting jump 313
core.kinematics.FoldTree: delete_jump_seqpos: renumbering jump 8634 to 313
core.kinematics.FoldTree: delete_jump_seqpos: deleting jump 314
core.kinematics.FoldTree: delete_jump_seqpos: renumbering jump 8633 to 314
core.kinematics.FoldTree: delete_jump_seqpos: deleting jump 315
core.kinematics.FoldTree: delete_jump_seqpos: renumbering jump 8632 to 315
core.kinematics.FoldTree: delete_jump_seqpos: deleting jump 316
core.kinematics.FoldTree: delete_jump_seqpos: renumbering jump 8631 to 316
core.kinematics.FoldTree: delete_jump_seqpos: deleting jump 317
core.kinematics.FoldTree: delete_jump_seqpos: renumbering jump 8630 to 317
core.kinematics.FoldTree: delete_jump_seqpos: deleting jump 318
core.kinematics.FoldTree: delete_jump_seqpos: renumbering jump 8629 to 318
core.kinematics.FoldTree: delete_jump_seqpos: deleting jump 319
core.kinematics.FoldTree: delete_jump_seqpos: renumbering jump 8628 to 319
core.kinematics.FoldTree: delete_jump_seqpos: deleting jump 320
core.kinematics.FoldTree: delete_jump_seqpos: renumbering jump 8627 to 320
core.kinematics.FoldTree: delete_jump_seqpos: deleting jump 321
core.kinematics.FoldTree: delete_jump_seqpos: renumbering jump 8626 to 321
core.kinematics.FoldTree: delete_jump_seqpos: deleting jump 322
core.kinematics.FoldTree: delete_jump_seqpos: renumbering jump 8625 to 322
core.kinematics.FoldTree: delete_jump_seqpos: deleting jump 323
core.kinematics.FoldTree: delete_jump_seqpos: renumbering jump 8624 to 323
core.kinematics.FoldTree: delete_jump_seqpos: deleting jump 324
core.kinematics.FoldTree: delete_jump_seqpos: renumbering jump 8623 to 324
core.kinematics.FoldTree: delete_jump_seqpos: deleting jump 325
core.kinematics.FoldTree: delete_jump_seqpos: renumbering jump 8622 to 325
core.kinematics.FoldTree: delete_jump_seqpos: deleting jump 326
core.kinematics.FoldTree: delete_jump_seqpos: renumbering jump 8621 to 326
core.kinematics.FoldTree: delete_jump_seqpos: deleting jump 327
core.kinematics.FoldTree: delete_jump_seqpos: renumbering jump 8620 to 327
core.kinematics.FoldTree: delete_jump_seqpos: deleting jump 328
core.kinematics.FoldTree: delete_jump_seqpos: renumbering jump 8619 to 328
core.kinematics.FoldTree: delete_jump_seqpos: deleting jump 329
core.kinematics.FoldTree: delete_jump_seqpos: renumbering jump 8618 to 329
core.kinematics.FoldTree: delete_jump_seqpos: deleting jump 330
core.kinematics.FoldTree: delete_jump_seqpos: renumbering jump 8617 to 330
core.kinematics.FoldTree: delete_jump_seqpos: deleting jump 331
core.kinematics.FoldTree: delete_jump_seqpos: renumbering jump 8616 to 331
core.kinematics.FoldTree: delete_jump_seqpos: deleting jump 332
core.kinematics.FoldTree: delete_jump_seqpos: renumbering jump 8615 to 332
core.kinematics.FoldTree: delete_jump_seqpos: deleting jump 333
core.kinematics.FoldTree: delete_jump_seqpos: renumbering jump 8614 to 333
core.kinematics.FoldTree: delete_jump_seqpos: deleting jump 334
core.kinematics.FoldTree: delete_jump_seqpos: renumbering jump 8613 to 334
core.kinematics.FoldTree: delete_jump_seqpos: deleting jump 335
core.kinematics.FoldTree: delete_jump_seqpos: renumbering jump 8612 to 335
core.kinematics.FoldTree: delete_jump_seqpos: deleting jump 336
core.kinematics.FoldTree: delete_jump_seqpos: renumbering jump 8611 to 336
core.kinematics.FoldTree: delete_jump_seqpos: deleting jump 337
core.kinematics.FoldTree: delete_jump_seqpos: renumbering jump 8610 to 337
core.kinematics.FoldTree: delete_jump_seqpos: deleting jump 338
core.kinematics.FoldTree: delete_jump_seqpos: renumbering jump 8609 to 338
core.kinematics.FoldTree: delete_jump_seqpos: deleting jump 339
core.kinematics.FoldTree: delete_jump_seqpos: renumbering jump 8608 to 339
core.kinematics.FoldTree: delete_jump_seqpos: deleting jump 340
core.kinematics.FoldTree: delete_jump_seqpos: renumbering jump 8607 to 340
core.kinematics.FoldTree: delete_jump_seqpos: deleting jump 341
core.kinematics.FoldTree: delete_jump_seqpos: renumbering jump 8606 to 341
core.kinematics.FoldTree: delete_jump_seqpos: deleting jump 342
core.kinematics.FoldTree: delete_jump_seqpos: renumbering jump 8605 to 342
core.kinematics.FoldTree: delete_jump_seqpos: deleting jump 343
core.kinematics.FoldTree: delete_jump_seqpos: renumbering jump 8604 to 343
core.kinematics.FoldTree: delete_jump_seqpos: deleting jump 344
core.kinematics.FoldTree: delete_jump_seqpos: renumbering jump 8603 to 344
core.kinematics.FoldTree: delete_jump_seqpos: deleting jump 345
core.kinematics.FoldTree: delete_jump_seqpos: renumbering jump 8602 to 345
core.kinematics.FoldTree: delete_jump_seqpos: deleting jump 346
core.kinematics.FoldTree: delete_jump_seqpos: renumbering jump 8601 to 346
core.kinematics.FoldTree: delete_jump_seqpos: deleting jump 347
core.kinematics.FoldTree: delete_jump_seqpos: renumbering jump 8600 to 347
core.kinematics.FoldTree: delete_jump_seqpos: deleting jump 348
core.kinematics.FoldTree: delete_jump_seqpos: renumbering jump 8599 to 348
core.kinematics.FoldTree: delete_jump_seqpos: deleting jump 349
core.kinematics.FoldTree: delete_jump_seqpos: renumbering jump 8598 to 349
core.kinematics.FoldTree: delete_jump_seqpos: deleting jump 350
core.kinematics.FoldTree: delete_jump_seqpos: renumbering jump 8597 to 350
core.kinematics.FoldTree: delete_jump_seqpos: deleting jump 351
core.kinematics.FoldTree: delete_jump_seqpos: renumbering jump 8596 to 351
core.kinematics.FoldTree: delete_jump_seqpos: deleting jump 352
core.kinematics.FoldTree: delete_jump_seqpos: renumbering jump 8595 to 352
core.kinematics.FoldTree: delete_jump_seqpos: deleting jump 353
core.kinematics.FoldTree: delete_jump_seqpos: renumbering jump 8594 to 353
core.kinematics.FoldTree: delete_jump_seqpos: deleting jump 354
core.kinematics.FoldTree: delete_jump_seqpos: renumbering jump 8593 to 354
core.kinematics.FoldTree: delete_jump_seqpos: deleting jump 355
core.kinematics.FoldTree: delete_jump_seqpos: renumbering jump 8592 to 355
core.kinematics.FoldTree: delete_jump_seqpos: deleting jump 356
core.kinematics.FoldTree: delete_jump_seqpos: renumbering jump 8591 to 356
core.kinematics.FoldTree: delete_jump_seqpos: deleting jump 357
core.kinematics.FoldTree: delete_jump_seqpos: renumbering jump 8590 to 357
core.kinematics.FoldTree: delete_jump_seqpos: deleting jump 358
core.kinematics.FoldTree: delete_jump_seqpos: renumbering jump 8589 to 358
core.kinematics.FoldTree: delete_jump_seqpos: deleting jump 359
core.kinematics.FoldTree: delete_jump_seqpos: renumbering jump 8588 to 359
core.kinematics.FoldTree: delete_jump_seqpos: deleting jump 360
core.kinematics.FoldTree: delete_jump_seqpos: renumbering jump 8587 to 360
core.kinematics.FoldTree: delete_jump_seqpos: deleting jump 361
core.kinematics.FoldTree: delete_jump_seqpos: renumbering jump 8586 to 361
core.kinematics.FoldTree: delete_jump_seqpos: deleting jump 362
core.kinematics.FoldTree: delete_jump_seqpos: renumbering jump 8585 to 362
core.kinematics.FoldTree: delete_jump_seqpos: deleting jump 363
core.kinematics.FoldTree: delete_jump_seqpos: renumbering jump 8584 to 363
core.kinematics.FoldTree: delete_jump_seqpos: deleting jump 364
core.kinematics.FoldTree: delete_jump_seqpos: renumbering jump 8583 to 364
core.kinematics.FoldTree: delete_jump_seqpos: deleting jump 365
core.kinematics.FoldTree: delete_jump_seqpos: renumbering jump 8582 to 365
core.kinematics.FoldTree: delete_jump_seqpos: deleting jump 366
core.kinematics.FoldTree: delete_jump_seqpos: renumbering jump 8581 to 366
core.kinematics.FoldTree: delete_jump_seqpos: deleting jump 367
core.kinematics.FoldTree: delete_jump_seqpos: renumbering jump 8580 to 367
core.kinematics.FoldTree: delete_jump_seqpos: deleting jump 368
core.kinematics.FoldTree: delete_jump_seqpos: renumbering jump 8579 to 368
core.kinematics.FoldTree: delete_jump_seqpos: deleting jump 369
core.kinematics.FoldTree: delete_jump_seqpos: renumbering jump 8578 to 369
core.kinematics.FoldTree: delete_jump_seqpos: deleting jump 370
core.kinematics.FoldTree: delete_jump_seqpos: renumbering jump 8577 to 370
core.kinematics.FoldTree: delete_jump_seqpos: deleting jump 371
core.kinematics.FoldTree: delete_jump_seqpos: renumbering jump 8576 to 371
core.kinematics.FoldTree: delete_jump_seqpos: deleting jump 372
core.kinematics.FoldTree: delete_jump_seqpos: renumbering jump 8575 to 372
core.kinematics.FoldTree: delete_jump_seqpos: deleting jump 373
core.kinematics.FoldTree: delete_jump_seqpos: renumbering jump 8574 to 373
core.kinematics.FoldTree: delete_jump_seqpos: deleting jump 374
core.kinematics.FoldTree: delete_jump_seqpos: renumbering jump 8573 to 374
core.kinematics.FoldTree: delete_jump_seqpos: deleting jump 375
core.kinematics.FoldTree: delete_jump_seqpos: renumbering jump 8572 to 375
core.kinematics.FoldTree: delete_jump_seqpos: deleting jump 376
core.kinematics.FoldTree: delete_jump_seqpos: renumbering jump 8571 to 376
core.kinematics.FoldTree: delete_jump_seqpos: deleting jump 377
core.kinematics.FoldTree: delete_jump_seqpos: renumbering jump 8570 to 377
core.kinematics.FoldTree: delete_jump_seqpos: deleting jump 378
core.kinematics.FoldTree: delete_jump_seqpos: renumbering jump 8569 to 378
core.kinematics.FoldTree: delete_jump_seqpos: deleting jump 379
core.kinematics.FoldTree: delete_jump_seqpos: renumbering jump 8568 to 379
core.kinematics.FoldTree: delete_jump_seqpos: deleting jump 380
core.kinematics.FoldTree: delete_jump_seqpos: renumbering jump 8567 to 380
core.kinematics.FoldTree: delete_jump_seqpos: deleting jump 381
core.kinematics.FoldTree: delete_jump_seqpos: renumbering jump 8566 to 381
core.kinematics.FoldTree: delete_jump_seqpos: deleting jump 382
core.kinematics.FoldTree: delete_jump_seqpos: renumbering jump 8565 to 382
core.kinematics.FoldTree: delete_jump_seqpos: deleting jump 383
core.kinematics.FoldTree: delete_jump_seqpos: renumbering jump 8564 to 383
core.kinematics.FoldTree: delete_jump_seqpos: deleting jump 384
core.kinematics.FoldTree: delete_jump_seqpos: renumbering jump 8563 to 384
core.kinematics.FoldTree: delete_jump_seqpos: deleting jump 385
core.kinematics.FoldTree: delete_jump_seqpos: renumbering jump 8562 to 385
core.kinematics.FoldTree: delete_jump_seqpos: deleting jump 386
core.kinematics.FoldTree: delete_jump_seqpos: renumbering jump 8561 to 386
core.kinematics.FoldTree: delete_jump_seqpos: deleting jump 387
core.kinematics.FoldTree: delete_jump_seqpos: renumbering jump 8560 to 387
core.kinematics.FoldTree: delete_jump_seqpos: deleting jump 388
core.kinematics.FoldTree: delete_jump_seqpos: renumbering jump 8559 to 388
core.kinematics.FoldTree: delete_jump_seqpos: deleting jump 389
core.kinematics.FoldTree: delete_jump_seqpos: renumbering jump 8558 to 389
core.kinematics.FoldTree: delete_jump_seqpos: deleting jump 390
core.kinematics.FoldTree: delete_jump_seqpos: renumbering jump 8557 to 390
core.kinematics.FoldTree: delete_jump_seqpos: deleting jump 391
core.kinematics.FoldTree: delete_jump_seqpos: renumbering jump 8556 to 391
core.kinematics.FoldTree: delete_jump_seqpos: deleting jump 392
core.kinematics.FoldTree: delete_jump_seqpos: renumbering jump 8555 to 392
core.kinematics.FoldTree: delete_jump_seqpos: deleting jump 393
core.kinematics.FoldTree: delete_jump_seqpos: renumbering jump 8554 to 393
core.kinematics.FoldTree: delete_jump_seqpos: deleting jump 394
core.kinematics.FoldTree: delete_jump_seqpos: renumbering jump 8553 to 394
core.kinematics.FoldTree: delete_jump_seqpos: deleting jump 395
core.kinematics.FoldTree: delete_jump_seqpos: renumbering jump 8552 to 395
core.kinematics.FoldTree: delete_jump_seqpos: deleting jump 396
core.kinematics.FoldTree: delete_jump_seqpos: renumbering jump 8551 to 396
core.kinematics.FoldTree: delete_jump_seqpos: deleting jump 397
core.kinematics.FoldTree: delete_jump_seqpos: renumbering jump 8550 to 397
core.kinematics.FoldTree: delete_jump_seqpos: deleting jump 398
core.kinematics.FoldTree: delete_jump_seqpos: renumbering jump 8549 to 398
core.kinematics.FoldTree: delete_jump_seqpos: deleting jump 399
core.kinematics.FoldTree: delete_jump_seqpos: renumbering jump 8548 to 399
core.kinematics.FoldTree: delete_jump_seqpos: deleting jump 400
core.kinematics.FoldTree: delete_jump_seqpos: renumbering jump 8547 to 400
core.kinematics.FoldTree: delete_jump_seqpos: deleting jump 401
core.kinematics.FoldTree: delete_jump_seqpos: renumbering jump 8546 to 401
core.kinematics.FoldTree: delete_jump_seqpos: deleting jump 402
core.kinematics.FoldTree: delete_jump_seqpos: renumbering jump 8545 to 402
core.kinematics.FoldTree: delete_jump_seqpos: deleting jump 403
core.kinematics.FoldTree: delete_jump_seqpos: renumbering jump 8544 to 403
core.kinematics.FoldTree: delete_jump_seqpos: deleting jump 404
core.kinematics.FoldTree: delete_jump_seqpos: renumbering jump 8543 to 404
core.kinematics.FoldTree: delete_jump_seqpos: deleting jump 405
core.kinematics.FoldTree: delete_jump_seqpos: renumbering jump 8542 to 405
core.kinematics.FoldTree: delete_jump_seqpos: deleting jump 406
core.kinematics.FoldTree: delete_jump_seqpos: renumbering jump 8541 to 406
core.kinematics.FoldTree: delete_jump_seqpos: deleting jump 407
core.kinematics.FoldTree: delete_jump_seqpos: renumbering jump 8540 to 407
core.kinematics.FoldTree: delete_jump_seqpos: deleting jump 408
core.kinematics.FoldTree: delete_jump_seqpos: renumbering jump 8539 to 408
core.kinematics.FoldTree: delete_jump_seqpos: deleting jump 409
core.kinematics.FoldTree: delete_jump_seqpos: renumbering jump 8538 to 409
core.kinematics.FoldTree: delete_jump_seqpos: deleting jump 410
core.kinematics.FoldTree: delete_jump_seqpos: renumbering jump 8537 to 410
core.kinematics.FoldTree: delete_jump_seqpos: deleting jump 411
core.kinematics.FoldTree: delete_jump_seqpos: renumbering jump 8536 to 411
core.kinematics.FoldTree: delete_jump_seqpos: deleting jump 412
core.kinematics.FoldTree: delete_jump_seqpos: renumbering jump 8535 to 412
core.kinematics.FoldTree: delete_jump_seqpos: deleting jump 413
core.kinematics.FoldTree: delete_jump_seqpos: renumbering jump 8534 to 413
core.kinematics.FoldTree: delete_jump_seqpos: deleting jump 414
core.kinematics.FoldTree: delete_jump_seqpos: renumbering jump 8533 to 414
core.kinematics.FoldTree: delete_jump_seqpos: deleting jump 415
core.kinematics.FoldTree: delete_jump_seqpos: renumbering jump 8532 to 415
core.kinematics.FoldTree: delete_jump_seqpos: deleting jump 416
core.kinematics.FoldTree: delete_jump_seqpos: renumbering jump 8531 to 416
core.kinematics.FoldTree: delete_jump_seqpos: deleting jump 417
core.kinematics.FoldTree: delete_jump_seqpos: renumbering jump 8530 to 417
core.kinematics.FoldTree: delete_jump_seqpos: deleting jump 418
core.kinematics.FoldTree: delete_jump_seqpos: renumbering jump 8529 to 418
core.kinematics.FoldTree: delete_jump_seqpos: deleting jump 419
core.kinematics.FoldTree: delete_jump_seqpos: renumbering jump 8528 to 419
core.kinematics.FoldTree: delete_jump_seqpos: deleting jump 420
core.kinematics.FoldTree: delete_jump_seqpos: renumbering jump 8527 to 420
core.kinematics.FoldTree: delete_jump_seqpos: deleting jump 421
core.kinematics.FoldTree: delete_jump_seqpos: renumbering jump 8526 to 421
core.kinematics.FoldTree: delete_jump_seqpos: deleting jump 422
core.kinematics.FoldTree: delete_jump_seqpos: renumbering jump 8525 to 422
core.kinematics.FoldTree: delete_jump_seqpos: deleting jump 423
core.kinematics.FoldTree: delete_jump_seqpos: renumbering jump 8524 to 423
core.kinematics.FoldTree: delete_jump_seqpos: deleting jump 424
core.kinematics.FoldTree: delete_jump_seqpos: renumbering jump 8523 to 424
core.kinematics.FoldTree: delete_jump_seqpos: deleting jump 425
core.kinematics.FoldTree: delete_jump_seqpos: renumbering jump 8522 to 425
core.kinematics.FoldTree: delete_jump_seqpos: deleting jump 426
core.kinematics.FoldTree: delete_jump_seqpos: renumbering jump 8521 to 426
core.kinematics.FoldTree: delete_jump_seqpos: deleting jump 427
core.kinematics.FoldTree: delete_jump_seqpos: renumbering jump 8520 to 427
core.kinematics.FoldTree: delete_jump_seqpos: deleting jump 428
core.kinematics.FoldTree: delete_jump_seqpos: renumbering jump 8519 to 428
core.kinematics.FoldTree: delete_jump_seqpos: deleting jump 429
core.kinematics.FoldTree: delete_jump_seqpos: renumbering jump 8518 to 429
core.kinematics.FoldTree: delete_jump_seqpos: deleting jump 430
core.kinematics.FoldTree: delete_jump_seqpos: renumbering jump 8517 to 430
core.kinematics.FoldTree: delete_jump_seqpos: deleting jump 431
core.kinematics.FoldTree: delete_jump_seqpos: renumbering jump 8516 to 431
core.kinematics.FoldTree: delete_jump_seqpos: deleting jump 432
core.kinematics.FoldTree: delete_jump_seqpos: renumbering jump 8515 to 432
core.kinematics.FoldTree: delete_jump_seqpos: deleting jump 433
core.kinematics.FoldTree: delete_jump_seqpos: renumbering jump 8514 to 433
core.kinematics.FoldTree: delete_jump_seqpos: deleting jump 434
core.kinematics.FoldTree: delete_jump_seqpos: renumbering jump 8513 to 434
core.kinematics.FoldTree: delete_jump_seqpos: deleting jump 435
core.kinematics.FoldTree: delete_jump_seqpos: renumbering jump 8512 to 435
core.kinematics.FoldTree: delete_jump_seqpos: deleting jump 436
core.kinematics.FoldTree: delete_jump_seqpos: renumbering jump 8511 to 436
core.kinematics.FoldTree: delete_jump_seqpos: deleting jump 437
core.kinematics.FoldTree: delete_jump_seqpos: renumbering jump 8510 to 437
core.kinematics.FoldTree: delete_jump_seqpos: deleting jump 438
core.kinematics.FoldTree: delete_jump_seqpos: renumbering jump 8509 to 438
core.kinematics.FoldTree: delete_jump_seqpos: deleting jump 439
core.kinematics.FoldTree: delete_jump_seqpos: renumbering jump 8508 to 439
core.kinematics.FoldTree: delete_jump_seqpos: deleting jump 440
core.kinematics.FoldTree: delete_jump_seqpos: renumbering jump 8507 to 440
core.kinematics.FoldTree: delete_jump_seqpos: deleting jump 441
core.kinematics.FoldTree: delete_jump_seqpos: renumbering jump 8506 to 441
core.kinematics.FoldTree: delete_jump_seqpos: deleting jump 442
core.kinematics.FoldTree: delete_jump_seqpos: renumbering jump 8505 to 442
core.kinematics.FoldTree: delete_jump_seqpos: deleting jump 443
core.kinematics.FoldTree: delete_jump_seqpos: renumbering jump 8504 to 443
core.kinematics.FoldTree: delete_jump_seqpos: deleting jump 444
core.kinematics.FoldTree: delete_jump_seqpos: renumbering jump 8503 to 444
core.kinematics.FoldTree: delete_jump_seqpos: deleting jump 445
core.kinematics.FoldTree: delete_jump_seqpos: renumbering jump 8502 to 445
core.kinematics.FoldTree: delete_jump_seqpos: deleting jump 446
core.kinematics.FoldTree: delete_jump_seqpos: renumbering jump 8501 to 446
core.kinematics.FoldTree: delete_jump_seqpos: deleting jump 447
core.kinematics.FoldTree: delete_jump_seqpos: renumbering jump 8500 to 447
core.kinematics.FoldTree: delete_jump_seqpos: deleting jump 448
core.kinematics.FoldTree: delete_jump_seqpos: renumbering jump 8499 to 448
core.kinematics.FoldTree: delete_jump_seqpos: deleting jump 449
core.kinematics.FoldTree: delete_jump_seqpos: renumbering jump 8498 to 449
core.kinematics.FoldTree: delete_jump_seqpos: deleting jump 450
core.kinematics.FoldTree: delete_jump_seqpos: renumbering jump 8497 to 450
core.kinematics.FoldTree: delete_jump_seqpos: deleting jump 451
core.kinematics.FoldTree: delete_jump_seqpos: renumbering jump 8496 to 451
core.kinematics.FoldTree: delete_jump_seqpos: deleting jump 452
core.kinematics.FoldTree: delete_jump_seqpos: renumbering jump 8495 to 452
core.kinematics.FoldTree: delete_jump_seqpos: deleting jump 453
core.kinematics.FoldTree: delete_jump_seqpos: renumbering jump 8494 to 453
core.kinematics.FoldTree: delete_jump_seqpos: deleting jump 454
core.kinematics.FoldTree: delete_jump_seqpos: renumbering jump 8493 to 454
core.kinematics.FoldTree: delete_jump_seqpos: deleting jump 455
core.kinematics.FoldTree: delete_jump_seqpos: renumbering jump 8492 to 455
core.kinematics.FoldTree: delete_jump_seqpos: deleting jump 456
core.kinematics.FoldTree: delete_jump_seqpos: renumbering jump 8491 to 456
core.kinematics.FoldTree: delete_jump_seqpos: deleting jump 457
core.kinematics.FoldTree: delete_jump_seqpos: renumbering jump 8490 to 457
core.kinematics.FoldTree: delete_jump_seqpos: deleting jump 458
core.kinematics.FoldTree: delete_jump_seqpos: renumbering jump 8489 to 458
core.kinematics.FoldTree: delete_jump_seqpos: deleting jump 459
core.kinematics.FoldTree: delete_jump_seqpos: renumbering jump 8488 to 459
core.kinematics.FoldTree: delete_jump_seqpos: deleting jump 460
core.kinematics.FoldTree: delete_jump_seqpos: renumbering jump 8487 to 460
core.kinematics.FoldTree: delete_jump_seqpos: deleting jump 461
core.kinematics.FoldTree: delete_jump_seqpos: renumbering jump 8486 to 461
core.kinematics.FoldTree: delete_jump_seqpos: deleting jump 462
core.kinematics.FoldTree: delete_jump_seqpos: renumbering jump 8485 to 462
core.kinematics.FoldTree: delete_jump_seqpos: deleting jump 463
core.kinematics.FoldTree: delete_jump_seqpos: renumbering jump 8484 to 463
core.kinematics.FoldTree: delete_jump_seqpos: deleting jump 464
core.kinematics.FoldTree: delete_jump_seqpos: renumbering jump 8483 to 464
core.kinematics.FoldTree: delete_jump_seqpos: deleting jump 465
core.kinematics.FoldTree: delete_jump_seqpos: renumbering jump 8482 to 465
core.kinematics.FoldTree: delete_jump_seqpos: deleting jump 466
core.kinematics.FoldTree: delete_jump_seqpos: renumbering jump 8481 to 466
core.kinematics.FoldTree: delete_jump_seqpos: deleting jump 467
core.kinematics.FoldTree: delete_jump_seqpos: renumbering jump 8480 to 467
core.kinematics.FoldTree: delete_jump_seqpos: deleting jump 468
core.kinematics.FoldTree: delete_jump_seqpos: renumbering jump 8479 to 468
core.kinematics.FoldTree: delete_jump_seqpos: deleting jump 469
core.kinematics.FoldTree: delete_jump_seqpos: renumbering jump 8478 to 469
core.kinematics.FoldTree: delete_jump_seqpos: deleting jump 470
core.kinematics.FoldTree: delete_jump_seqpos: renumbering jump 8477 to 470
core.kinematics.FoldTree: delete_jump_seqpos: deleting jump 471
core.kinematics.FoldTree: delete_jump_seqpos: renumbering jump 8476 to 471
core.kinematics.FoldTree: delete_jump_seqpos: deleting jump 472
core.kinematics.FoldTree: delete_jump_seqpos: renumbering jump 8475 to 472
core.kinematics.FoldTree: delete_jump_seqpos: deleting jump 473
core.kinematics.FoldTree: delete_jump_seqpos: renumbering jump 8474 to 473
core.kinematics.FoldTree: delete_jump_seqpos: deleting jump 474
core.kinematics.FoldTree: delete_jump_seqpos: renumbering jump 8473 to 474
core.kinematics.FoldTree: delete_jump_seqpos: deleting jump 475
core.kinematics.FoldTree: delete_jump_seqpos: renumbering jump 8472 to 475
core.kinematics.FoldTree: delete_jump_seqpos: deleting jump 476
core.kinematics.FoldTree: delete_jump_seqpos: renumbering jump 8471 to 476
core.kinematics.FoldTree: delete_jump_seqpos: deleting jump 477
core.kinematics.FoldTree: delete_jump_seqpos: renumbering jump 8470 to 477
core.kinematics.FoldTree: delete_jump_seqpos: deleting jump 478
core.kinematics.FoldTree: delete_jump_seqpos: renumbering jump 8469 to 478
core.kinematics.FoldTree: delete_jump_seqpos: deleting jump 479
core.kinematics.FoldTree: delete_jump_seqpos: renumbering jump 8468 to 479
core.kinematics.FoldTree: delete_jump_seqpos: deleting jump 480
core.kinematics.FoldTree: delete_jump_seqpos: renumbering jump 8467 to 480
core.kinematics.FoldTree: delete_jump_seqpos: deleting jump 481
core.kinematics.FoldTree: delete_jump_seqpos: renumbering jump 8466 to 481
core.kinematics.FoldTree: delete_jump_seqpos: deleting jump 482
core.kinematics.FoldTree: delete_jump_seqpos: renumbering jump 8465 to 482
core.kinematics.FoldTree: delete_jump_seqpos: deleting jump 483
core.kinematics.FoldTree: delete_jump_seqpos: renumbering jump 8464 to 483
core.kinematics.FoldTree: delete_jump_seqpos: deleting jump 484
core.kinematics.FoldTree: delete_jump_seqpos: renumbering jump 8463 to 484
core.kinematics.FoldTree: delete_jump_seqpos: deleting jump 485
core.kinematics.FoldTree: delete_jump_seqpos: renumbering jump 8462 to 485
core.kinematics.FoldTree: delete_jump_seqpos: deleting jump 486
core.kinematics.FoldTree: delete_jump_seqpos: renumbering jump 8461 to 486
core.kinematics.FoldTree: delete_jump_seqpos: deleting jump 487
core.kinematics.FoldTree: delete_jump_seqpos: renumbering jump 8460 to 487
core.kinematics.FoldTree: delete_jump_seqpos: deleting jump 488
core.kinematics.FoldTree: delete_jump_seqpos: renumbering jump 8459 to 488
core.kinematics.FoldTree: delete_jump_seqpos: deleting jump 489
core.kinematics.FoldTree: delete_jump_seqpos: renumbering jump 8458 to 489
core.kinematics.FoldTree: delete_jump_seqpos: deleting jump 490
core.kinematics.FoldTree: delete_jump_seqpos: renumbering jump 8457 to 490
core.kinematics.FoldTree: delete_jump_seqpos: deleting jump 491
core.kinematics.FoldTree: delete_jump_seqpos: renumbering jump 8456 to 491
core.kinematics.FoldTree: delete_jump_seqpos: deleting jump 492
core.kinematics.FoldTree: delete_jump_seqpos: renumbering jump 8455 to 492
core.kinematics.FoldTree: delete_jump_seqpos: deleting jump 493
core.kinematics.FoldTree: delete_jump_seqpos: renumbering jump 8454 to 493
core.kinematics.FoldTree: delete_jump_seqpos: deleting jump 494
core.kinematics.FoldTree: delete_jump_seqpos: renumbering jump 8453 to 494
core.kinematics.FoldTree: delete_jump_seqpos: deleting jump 495
core.kinematics.FoldTree: delete_jump_seqpos: renumbering jump 8452 to 495
core.kinematics.FoldTree: delete_jump_seqpos: deleting jump 496
core.kinematics.FoldTree: delete_jump_seqpos: renumbering jump 8451 to 496
core.kinematics.FoldTree: delete_jump_seqpos: deleting jump 497
core.kinematics.FoldTree: delete_jump_seqpos: renumbering jump 8450 to 497
core.kinematics.FoldTree: delete_jump_seqpos: deleting jump 498
core.kinematics.FoldTree: delete_jump_seqpos: renumbering jump 8449 to 498
core.kinematics.FoldTree: delete_jump_seqpos: deleting jump 499
core.kinematics.FoldTree: delete_jump_seqpos: renumbering jump 8448 to 499
core.kinematics.FoldTree: delete_jump_seqpos: deleting jump 500
core.kinematics.FoldTree: delete_jump_seqpos: renumbering jump 8447 to 500
core.kinematics.FoldTree: delete_jump_seqpos: deleting jump 501
core.kinematics.FoldTree: delete_jump_seqpos: renumbering jump 8446 to 501
core.kinematics.FoldTree: delete_jump_seqpos: deleting jump 502
core.kinematics.FoldTree: delete_jump_seqpos: renumbering jump 8445 to 502
core.kinematics.FoldTree: delete_jump_seqpos: deleting jump 503
core.kinematics.FoldTree: delete_jump_seqpos: renumbering jump 8444 to 503
core.kinematics.FoldTree: delete_jump_seqpos: deleting jump 504
core.kinematics.FoldTree: delete_jump_seqpos: renumbering jump 8443 to 504
core.kinematics.FoldTree: delete_jump_seqpos: deleting jump 505
core.kinematics.FoldTree: delete_jump_seqpos: renumbering jump 8442 to 505
core.kinematics.FoldTree: delete_jump_seqpos: deleting jump 506
core.kinematics.FoldTree: delete_jump_seqpos: renumbering jump 8441 to 506
core.kinematics.FoldTree: delete_jump_seqpos: deleting jump 507
core.kinematics.FoldTree: delete_jump_seqpos: renumbering jump 8440 to 507
core.kinematics.FoldTree: delete_jump_seqpos: deleting jump 508
core.kinematics.FoldTree: delete_jump_seqpos: renumbering jump 8439 to 508
core.kinematics.FoldTree: delete_jump_seqpos: deleting jump 509
core.kinematics.FoldTree: delete_jump_seqpos: renumbering jump 8438 to 509
core.kinematics.FoldTree: delete_jump_seqpos: deleting jump 510
core.kinematics.FoldTree: delete_jump_seqpos: renumbering jump 8437 to 510
core.kinematics.FoldTree: delete_jump_seqpos: deleting jump 511
core.kinematics.FoldTree: delete_jump_seqpos: renumbering jump 8436 to 511
core.kinematics.FoldTree: delete_jump_seqpos: deleting jump 512
core.kinematics.FoldTree: delete_jump_seqpos: renumbering jump 8435 to 512
core.kinematics.FoldTree: delete_jump_seqpos: deleting jump 513
core.kinematics.FoldTree: delete_jump_seqpos: renumbering jump 8434 to 513
core.kinematics.FoldTree: delete_jump_seqpos: deleting jump 514
core.kinematics.FoldTree: delete_jump_seqpos: renumbering jump 8433 to 514
core.kinematics.FoldTree: delete_jump_seqpos: deleting jump 515
core.kinematics.FoldTree: delete_jump_seqpos: renumbering jump 8432 to 515
core.kinematics.FoldTree: delete_jump_seqpos: deleting jump 516
core.kinematics.FoldTree: delete_jump_seqpos: renumbering jump 8431 to 516
core.kinematics.FoldTree: delete_jump_seqpos: deleting jump 517
core.kinematics.FoldTree: delete_jump_seqpos: renumbering jump 8430 to 517
core.kinematics.FoldTree: delete_jump_seqpos: deleting jump 518
core.kinematics.FoldTree: delete_jump_seqpos: renumbering jump 8429 to 518
core.kinematics.FoldTree: delete_jump_seqpos: deleting jump 519
core.kinematics.FoldTree: delete_jump_seqpos: renumbering jump 8428 to 519
core.kinematics.FoldTree: delete_jump_seqpos: deleting jump 520
core.kinematics.FoldTree: delete_jump_seqpos: renumbering jump 8427 to 520
core.kinematics.FoldTree: delete_jump_seqpos: deleting jump 521
core.kinematics.FoldTree: delete_jump_seqpos: renumbering jump 8426 to 521
core.kinematics.FoldTree: delete_jump_seqpos: deleting jump 522
core.kinematics.FoldTree: delete_jump_seqpos: renumbering jump 8425 to 522
core.kinematics.FoldTree: delete_jump_seqpos: deleting jump 523
core.kinematics.FoldTree: delete_jump_seqpos: renumbering jump 8424 to 523
core.kinematics.FoldTree: delete_jump_seqpos: deleting jump 524
core.kinematics.FoldTree: delete_jump_seqpos: renumbering jump 8423 to 524
core.kinematics.FoldTree: delete_jump_seqpos: deleting jump 525
core.kinematics.FoldTree: delete_jump_seqpos: renumbering jump 8422 to 525
core.kinematics.FoldTree: delete_jump_seqpos: deleting jump 526
core.kinematics.FoldTree: delete_jump_seqpos: renumbering jump 8421 to 526
core.kinematics.FoldTree: delete_jump_seqpos: deleting jump 527
core.kinematics.FoldTree: delete_jump_seqpos: renumbering jump 8420 to 527
core.kinematics.FoldTree: delete_jump_seqpos: deleting jump 528
core.kinematics.FoldTree: delete_jump_seqpos: renumbering jump 8419 to 528
core.kinematics.FoldTree: delete_jump_seqpos: deleting jump 529
core.kinematics.FoldTree: delete_jump_seqpos: renumbering jump 8418 to 529
core.kinematics.FoldTree: delete_jump_seqpos: deleting jump 530
core.kinematics.FoldTree: delete_jump_seqpos: renumbering jump 8417 to 530
core.kinematics.FoldTree: delete_jump_seqpos: deleting jump 531
core.kinematics.FoldTree: delete_jump_seqpos: renumbering jump 8416 to 531
core.kinematics.FoldTree: delete_jump_seqpos: deleting jump 532
core.kinematics.FoldTree: delete_jump_seqpos: renumbering jump 8415 to 532
core.kinematics.FoldTree: delete_jump_seqpos: deleting jump 533
core.kinematics.FoldTree: delete_jump_seqpos: renumbering jump 8414 to 533
core.kinematics.FoldTree: delete_jump_seqpos: deleting jump 534
core.kinematics.FoldTree: delete_jump_seqpos: renumbering jump 8413 to 534
core.kinematics.FoldTree: delete_jump_seqpos: deleting jump 535
core.kinematics.FoldTree: delete_jump_seqpos: renumbering jump 8412 to 535
core.kinematics.FoldTree: delete_jump_seqpos: deleting jump 536
core.kinematics.FoldTree: delete_jump_seqpos: renumbering jump 8411 to 536
core.kinematics.FoldTree: delete_jump_seqpos: deleting jump 537
core.kinematics.FoldTree: delete_jump_seqpos: renumbering jump 8410 to 537
core.kinematics.FoldTree: delete_jump_seqpos: deleting jump 538
core.kinematics.FoldTree: delete_jump_seqpos: renumbering jump 8409 to 538
core.kinematics.FoldTree: delete_jump_seqpos: deleting jump 539
core.kinematics.FoldTree: delete_jump_seqpos: renumbering jump 8408 to 539
core.kinematics.FoldTree: delete_jump_seqpos: deleting jump 540
core.kinematics.FoldTree: delete_jump_seqpos: renumbering jump 8407 to 540
core.kinematics.FoldTree: delete_jump_seqpos: deleting jump 541
core.kinematics.FoldTree: delete_jump_seqpos: renumbering jump 8406 to 541
core.kinematics.FoldTree: delete_jump_seqpos: deleting jump 542
core.kinematics.FoldTree: delete_jump_seqpos: renumbering jump 8405 to 542
core.kinematics.FoldTree: delete_jump_seqpos: deleting jump 543
core.kinematics.FoldTree: delete_jump_seqpos: renumbering jump 8404 to 543
core.kinematics.FoldTree: delete_jump_seqpos: deleting jump 544
core.kinematics.FoldTree: delete_jump_seqpos: renumbering jump 8403 to 544
core.kinematics.FoldTree: delete_jump_seqpos: deleting jump 545
core.kinematics.FoldTree: delete_jump_seqpos: renumbering jump 8402 to 545
core.kinematics.FoldTree: delete_jump_seqpos: deleting jump 546
core.kinematics.FoldTree: delete_jump_seqpos: renumbering jump 8401 to 546
core.kinematics.FoldTree: delete_jump_seqpos: deleting jump 547
core.kinematics.FoldTree: delete_jump_seqpos: renumbering jump 8400 to 547
core.kinematics.FoldTree: delete_jump_seqpos: deleting jump 548
core.kinematics.FoldTree: delete_jump_seqpos: renumbering jump 8399 to 548
core.kinematics.FoldTree: delete_jump_seqpos: deleting jump 549
core.kinematics.FoldTree: delete_jump_seqpos: renumbering jump 8398 to 549
core.kinematics.FoldTree: delete_jump_seqpos: deleting jump 550
core.kinematics.FoldTree: delete_jump_seqpos: renumbering jump 8397 to 550
core.kinematics.FoldTree: delete_jump_seqpos: deleting jump 551
core.kinematics.FoldTree: delete_jump_seqpos: renumbering jump 8396 to 551
core.kinematics.FoldTree: delete_jump_seqpos: deleting jump 552
core.kinematics.FoldTree: delete_jump_seqpos: renumbering jump 8395 to 552
core.kinematics.FoldTree: delete_jump_seqpos: deleting jump 553
core.kinematics.FoldTree: delete_jump_seqpos: renumbering jump 8394 to 553
core.kinematics.FoldTree: delete_jump_seqpos: deleting jump 554
core.kinematics.FoldTree: delete_jump_seqpos: renumbering jump 8393 to 554
core.kinematics.FoldTree: delete_jump_seqpos: deleting jump 555
core.kinematics.FoldTree: delete_jump_seqpos: renumbering jump 8392 to 555
core.kinematics.FoldTree: delete_jump_seqpos: deleting jump 556
core.kinematics.FoldTree: delete_jump_seqpos: renumbering jump 8391 to 556
core.kinematics.FoldTree: delete_jump_seqpos: deleting jump 557
core.kinematics.FoldTree: delete_jump_seqpos: renumbering jump 8390 to 557
core.kinematics.FoldTree: delete_jump_seqpos: deleting jump 558
core.kinematics.FoldTree: delete_jump_seqpos: renumbering jump 8389 to 558
core.kinematics.FoldTree: delete_jump_seqpos: deleting jump 559
core.kinematics.FoldTree: delete_jump_seqpos: renumbering jump 8388 to 559
core.kinematics.FoldTree: delete_jump_seqpos: deleting jump 560
core.kinematics.FoldTree: delete_jump_seqpos: renumbering jump 8387 to 560
core.kinematics.FoldTree: delete_jump_seqpos: deleting jump 561
core.kinematics.FoldTree: delete_jump_seqpos: renumbering jump 8386 to 561
core.kinematics.FoldTree: delete_jump_seqpos: deleting jump 562
core.kinematics.FoldTree: delete_jump_seqpos: renumbering jump 8385 to 562
core.kinematics.FoldTree: delete_jump_seqpos: deleting jump 563
core.kinematics.FoldTree: delete_jump_seqpos: renumbering jump 8384 to 563
core.kinematics.FoldTree: delete_jump_seqpos: deleting jump 564
core.kinematics.FoldTree: delete_jump_seqpos: renumbering jump 8383 to 564
core.kinematics.FoldTree: delete_jump_seqpos: deleting jump 565
core.kinematics.FoldTree: delete_jump_seqpos: renumbering jump 8382 to 565
core.kinematics.FoldTree: delete_jump_seqpos: deleting jump 566
core.kinematics.FoldTree: delete_jump_seqpos: renumbering jump 8381 to 566
core.kinematics.FoldTree: delete_jump_seqpos: deleting jump 567
core.kinematics.FoldTree: delete_jump_seqpos: renumbering jump 8380 to 567
core.kinematics.FoldTree: delete_jump_seqpos: deleting jump 568
core.kinematics.FoldTree: delete_jump_seqpos: renumbering jump 8379 to 568
core.kinematics.FoldTree: delete_jump_seqpos: deleting jump 569
core.kinematics.FoldTree: delete_jump_seqpos: renumbering jump 8378 to 569
core.kinematics.FoldTree: delete_jump_seqpos: deleting jump 570
core.kinematics.FoldTree: delete_jump_seqpos: renumbering jump 8377 to 570
core.kinematics.FoldTree: delete_jump_seqpos: deleting jump 571
core.kinematics.FoldTree: delete_jump_seqpos: renumbering jump 8376 to 571
core.kinematics.FoldTree: delete_jump_seqpos: deleting jump 572
core.kinematics.FoldTree: delete_jump_seqpos: renumbering jump 8375 to 572
core.kinematics.FoldTree: delete_jump_seqpos: deleting jump 573
core.kinematics.FoldTree: delete_jump_seqpos: renumbering jump 8374 to 573
core.kinematics.FoldTree: delete_jump_seqpos: deleting jump 574
core.kinematics.FoldTree: delete_jump_seqpos: renumbering jump 8373 to 574
core.kinematics.FoldTree: delete_jump_seqpos: deleting jump 575
core.kinematics.FoldTree: delete_jump_seqpos: renumbering jump 8372 to 575
core.kinematics.FoldTree: delete_jump_seqpos: deleting jump 576
core.kinematics.FoldTree: delete_jump_seqpos: renumbering jump 8371 to 576
core.kinematics.FoldTree: delete_jump_seqpos: deleting jump 577
core.kinematics.FoldTree: delete_jump_seqpos: renumbering jump 8370 to 577
core.kinematics.FoldTree: delete_jump_seqpos: deleting jump 578
core.kinematics.FoldTree: delete_jump_seqpos: renumbering jump 8369 to 578
core.kinematics.FoldTree: delete_jump_seqpos: deleting jump 579
core.kinematics.FoldTree: delete_jump_seqpos: renumbering jump 8368 to 579
core.kinematics.FoldTree: delete_jump_seqpos: deleting jump 580
core.kinematics.FoldTree: delete_jump_seqpos: renumbering jump 8367 to 580
core.kinematics.FoldTree: delete_jump_seqpos: deleting jump 581
core.kinematics.FoldTree: delete_jump_seqpos: renumbering jump 8366 to 581
core.kinematics.FoldTree: delete_jump_seqpos: deleting jump 582
core.kinematics.FoldTree: delete_jump_seqpos: renumbering jump 8365 to 582
core.kinematics.FoldTree: delete_jump_seqpos: deleting jump 583
core.kinematics.FoldTree: delete_jump_seqpos: renumbering jump 8364 to 583
core.kinematics.FoldTree: delete_jump_seqpos: deleting jump 584
core.kinematics.FoldTree: delete_jump_seqpos: renumbering jump 8363 to 584
core.kinematics.FoldTree: delete_jump_seqpos: deleting jump 585
core.kinematics.FoldTree: delete_jump_seqpos: renumbering jump 8362 to 585
core.kinematics.FoldTree: delete_jump_seqpos: deleting jump 586
core.kinematics.FoldTree: delete_jump_seqpos: renumbering jump 8361 to 586
core.kinematics.FoldTree: delete_jump_seqpos: deleting jump 587
core.kinematics.FoldTree: delete_jump_seqpos: renumbering jump 8360 to 587
core.kinematics.FoldTree: delete_jump_seqpos: deleting jump 588
core.kinematics.FoldTree: delete_jump_seqpos: renumbering jump 8359 to 588
core.kinematics.FoldTree: delete_jump_seqpos: deleting jump 589
core.kinematics.FoldTree: delete_jump_seqpos: renumbering jump 8358 to 589
core.kinematics.FoldTree: delete_jump_seqpos: deleting jump 590
core.kinematics.FoldTree: delete_jump_seqpos: renumbering jump 8357 to 590
core.kinematics.FoldTree: delete_jump_seqpos: deleting jump 591
core.kinematics.FoldTree: delete_jump_seqpos: renumbering jump 8356 to 591
core.kinematics.FoldTree: delete_jump_seqpos: deleting jump 592
core.kinematics.FoldTree: delete_jump_seqpos: renumbering jump 8355 to 592
core.kinematics.FoldTree: delete_jump_seqpos: deleting jump 593
core.kinematics.FoldTree: delete_jump_seqpos: renumbering jump 8354 to 593
core.kinematics.FoldTree: delete_jump_seqpos: deleting jump 594
core.kinematics.FoldTree: delete_jump_seqpos: renumbering jump 8353 to 594
core.kinematics.FoldTree: delete_jump_seqpos: deleting jump 595
core.kinematics.FoldTree: delete_jump_seqpos: renumbering jump 8352 to 595
core.kinematics.FoldTree: delete_jump_seqpos: deleting jump 596
core.kinematics.FoldTree: delete_jump_seqpos: renumbering jump 8351 to 596
core.kinematics.FoldTree: delete_jump_seqpos: deleting jump 597
core.kinematics.FoldTree: delete_jump_seqpos: renumbering jump 8350 to 597
core.kinematics.FoldTree: delete_jump_seqpos: deleting jump 598
core.kinematics.FoldTree: delete_jump_seqpos: renumbering jump 8349 to 598
core.kinematics.FoldTree: delete_jump_seqpos: deleting jump 599
core.kinematics.FoldTree: delete_jump_seqpos: renumbering jump 8348 to 599
core.kinematics.FoldTree: delete_jump_seqpos: deleting jump 600
core.kinematics.FoldTree: delete_jump_seqpos: renumbering jump 8347 to 600
core.kinematics.FoldTree: delete_jump_seqpos: deleting jump 601
core.kinematics.FoldTree: delete_jump_seqpos: renumbering jump 8346 to 601
core.kinematics.FoldTree: delete_jump_seqpos: deleting jump 602
core.kinematics.FoldTree: delete_jump_seqpos: renumbering jump 8345 to 602
core.kinematics.FoldTree: delete_jump_seqpos: deleting jump 603
core.kinematics.FoldTree: delete_jump_seqpos: renumbering jump 8344 to 603
core.kinematics.FoldTree: delete_jump_seqpos: deleting jump 604
core.kinematics.FoldTree: delete_jump_seqpos: renumbering jump 8343 to 604
core.kinematics.FoldTree: delete_jump_seqpos: deleting jump 605
core.kinematics.FoldTree: delete_jump_seqpos: renumbering jump 8342 to 605
core.kinematics.FoldTree: delete_jump_seqpos: deleting jump 606
core.kinematics.FoldTree: delete_jump_seqpos: renumbering jump 8341 to 606
core.kinematics.FoldTree: delete_jump_seqpos: deleting jump 607
core.kinematics.FoldTree: delete_jump_seqpos: renumbering jump 8340 to 607
core.kinematics.FoldTree: delete_jump_seqpos: deleting jump 608
core.kinematics.FoldTree: delete_jump_seqpos: renumbering jump 8339 to 608
core.kinematics.FoldTree: delete_jump_seqpos: deleting jump 609
core.kinematics.FoldTree: delete_jump_seqpos: renumbering jump 8338 to 609
core.kinematics.FoldTree: delete_jump_seqpos: deleting jump 610
core.kinematics.FoldTree: delete_jump_seqpos: renumbering jump 8337 to 610
core.kinematics.FoldTree: delete_jump_seqpos: deleting jump 611
core.kinematics.FoldTree: delete_jump_seqpos: renumbering jump 8336 to 611
core.kinematics.FoldTree: delete_jump_seqpos: deleting jump 612
core.kinematics.FoldTree: delete_jump_seqpos: renumbering jump 8335 to 612
core.kinematics.FoldTree: delete_jump_seqpos: deleting jump 613
core.kinematics.FoldTree: delete_jump_seqpos: renumbering jump 8334 to 613
core.kinematics.FoldTree: delete_jump_seqpos: deleting jump 614
core.kinematics.FoldTree: delete_jump_seqpos: renumbering jump 8333 to 614
core.kinematics.FoldTree: delete_jump_seqpos: deleting jump 615
core.kinematics.FoldTree: delete_jump_seqpos: renumbering jump 8332 to 615
core.kinematics.FoldTree: delete_jump_seqpos: deleting jump 616
core.kinematics.FoldTree: delete_jump_seqpos: renumbering jump 8331 to 616
core.kinematics.FoldTree: delete_jump_seqpos: deleting jump 617
core.kinematics.FoldTree: delete_jump_seqpos: renumbering jump 8330 to 617
core.kinematics.FoldTree: delete_jump_seqpos: deleting jump 618
core.kinematics.FoldTree: delete_jump_seqpos: renumbering jump 8329 to 618
core.kinematics.FoldTree: delete_jump_seqpos: deleting jump 619
core.kinematics.FoldTree: delete_jump_seqpos: renumbering jump 8328 to 619
core.kinematics.FoldTree: delete_jump_seqpos: deleting jump 620
core.kinematics.FoldTree: delete_jump_seqpos: renumbering jump 8327 to 620
core.kinematics.FoldTree: delete_jump_seqpos: deleting jump 621
core.kinematics.FoldTree: delete_jump_seqpos: renumbering jump 8326 to 621
core.kinematics.FoldTree: delete_jump_seqpos: deleting jump 622
core.kinematics.FoldTree: delete_jump_seqpos: renumbering jump 8325 to 622
core.kinematics.FoldTree: delete_jump_seqpos: deleting jump 623
core.kinematics.FoldTree: delete_jump_seqpos: renumbering jump 8324 to 623
core.kinematics.FoldTree: delete_jump_seqpos: deleting jump 624
core.kinematics.FoldTree: delete_jump_seqpos: renumbering jump 8323 to 624
core.kinematics.FoldTree: delete_jump_seqpos: deleting jump 625
core.kinematics.FoldTree: delete_jump_seqpos: renumbering jump 8322 to 625
core.kinematics.FoldTree: delete_jump_seqpos: deleting jump 626
core.kinematics.FoldTree: delete_jump_seqpos: renumbering jump 8321 to 626
core.kinematics.FoldTree: delete_jump_seqpos: deleting jump 627
core.kinematics.FoldTree: delete_jump_seqpos: renumbering jump 8320 to 627
core.kinematics.FoldTree: delete_jump_seqpos: deleting jump 628
core.kinematics.FoldTree: delete_jump_seqpos: renumbering jump 8319 to 628
core.kinematics.FoldTree: delete_jump_seqpos: deleting jump 629
core.kinematics.FoldTree: delete_jump_seqpos: renumbering jump 8318 to 629
core.kinematics.FoldTree: delete_jump_seqpos: deleting jump 630
core.kinematics.FoldTree: delete_jump_seqpos: renumbering jump 8317 to 630
core.kinematics.FoldTree: delete_jump_seqpos: deleting jump 631
core.kinematics.FoldTree: delete_jump_seqpos: renumbering jump 8316 to 631
core.kinematics.FoldTree: delete_jump_seqpos: deleting jump 632
core.kinematics.FoldTree: delete_jump_seqpos: renumbering jump 8315 to 632
core.kinematics.FoldTree: delete_jump_seqpos: deleting jump 633
core.kinematics.FoldTree: delete_jump_seqpos: renumbering jump 8314 to 633
core.kinematics.FoldTree: delete_jump_seqpos: deleting jump 634
core.kinematics.FoldTree: delete_jump_seqpos: renumbering jump 8313 to 634
core.kinematics.FoldTree: delete_jump_seqpos: deleting jump 635
core.kinematics.FoldTree: delete_jump_seqpos: renumbering jump 8312 to 635
core.kinematics.FoldTree: delete_jump_seqpos: deleting jump 636
core.kinematics.FoldTree: delete_jump_seqpos: renumbering jump 8311 to 636
core.kinematics.FoldTree: delete_jump_seqpos: deleting jump 637
core.kinematics.FoldTree: delete_jump_seqpos: renumbering jump 8310 to 637
core.kinematics.FoldTree: delete_jump_seqpos: deleting jump 638
core.kinematics.FoldTree: delete_jump_seqpos: renumbering jump 8309 to 638
core.kinematics.FoldTree: delete_jump_seqpos: deleting jump 639
core.kinematics.FoldTree: delete_jump_seqpos: renumbering jump 8308 to 639
core.kinematics.FoldTree: delete_jump_seqpos: deleting jump 640
core.kinematics.FoldTree: delete_jump_seqpos: renumbering jump 8307 to 640
core.kinematics.FoldTree: delete_jump_seqpos: deleting jump 641
core.kinematics.FoldTree: delete_jump_seqpos: renumbering jump 8306 to 641
core.kinematics.FoldTree: delete_jump_seqpos: deleting jump 642
core.kinematics.FoldTree: delete_jump_seqpos: renumbering jump 8305 to 642
core.kinematics.FoldTree: delete_jump_seqpos: deleting jump 643
core.kinematics.FoldTree: delete_jump_seqpos: renumbering jump 8304 to 643
core.kinematics.FoldTree: delete_jump_seqpos: deleting jump 644
core.kinematics.FoldTree: delete_jump_seqpos: renumbering jump 8303 to 644
core.kinematics.FoldTree: delete_jump_seqpos: deleting jump 645
core.kinematics.FoldTree: delete_jump_seqpos: renumbering jump 8302 to 645
core.kinematics.FoldTree: delete_jump_seqpos: deleting jump 646
core.kinematics.FoldTree: delete_jump_seqpos: renumbering jump 8301 to 646
core.kinematics.FoldTree: delete_jump_seqpos: deleting jump 647
core.kinematics.FoldTree: delete_jump_seqpos: renumbering jump 8300 to 647
core.kinematics.FoldTree: delete_jump_seqpos: deleting jump 648
core.kinematics.FoldTree: delete_jump_seqpos: renumbering jump 8299 to 648
core.kinematics.FoldTree: delete_jump_seqpos: deleting jump 649
core.kinematics.FoldTree: delete_jump_seqpos: renumbering jump 8298 to 649
core.kinematics.FoldTree: delete_jump_seqpos: deleting jump 650
core.kinematics.FoldTree: delete_jump_seqpos: renumbering jump 8297 to 650
core.kinematics.FoldTree: delete_jump_seqpos: deleting jump 651
core.kinematics.FoldTree: delete_jump_seqpos: renumbering jump 8296 to 651
core.kinematics.FoldTree: delete_jump_seqpos: deleting jump 652
core.kinematics.FoldTree: delete_jump_seqpos: renumbering jump 8295 to 652
core.kinematics.FoldTree: delete_jump_seqpos: deleting jump 653
core.kinematics.FoldTree: delete_jump_seqpos: renumbering jump 8294 to 653
core.kinematics.FoldTree: delete_jump_seqpos: deleting jump 654
core.kinematics.FoldTree: delete_jump_seqpos: renumbering jump 8293 to 654
core.kinematics.FoldTree: delete_jump_seqpos: deleting jump 655
core.kinematics.FoldTree: delete_jump_seqpos: renumbering jump 8292 to 655
core.kinematics.FoldTree: delete_jump_seqpos: deleting jump 656
core.kinematics.FoldTree: delete_jump_seqpos: renumbering jump 8291 to 656
core.kinematics.FoldTree: delete_jump_seqpos: deleting jump 657
core.kinematics.FoldTree: delete_jump_seqpos: renumbering jump 8290 to 657
core.kinematics.FoldTree: delete_jump_seqpos: deleting jump 658
core.kinematics.FoldTree: delete_jump_seqpos: renumbering jump 8289 to 658
core.kinematics.FoldTree: delete_jump_seqpos: deleting jump 659
core.kinematics.FoldTree: delete_jump_seqpos: renumbering jump 8288 to 659
core.kinematics.FoldTree: delete_jump_seqpos: deleting jump 660
core.kinematics.FoldTree: delete_jump_seqpos: renumbering jump 8287 to 660
core.kinematics.FoldTree: delete_jump_seqpos: deleting jump 661
core.kinematics.FoldTree: delete_jump_seqpos: renumbering jump 8286 to 661
core.kinematics.FoldTree: delete_jump_seqpos: deleting jump 662
core.kinematics.FoldTree: delete_jump_seqpos: renumbering jump 8285 to 662
core.kinematics.FoldTree: delete_jump_seqpos: deleting jump 663
core.kinematics.FoldTree: delete_jump_seqpos: renumbering jump 8284 to 663
core.kinematics.FoldTree: delete_jump_seqpos: deleting jump 664
core.kinematics.FoldTree: delete_jump_seqpos: renumbering jump 8283 to 664
core.kinematics.FoldTree: delete_jump_seqpos: deleting jump 665
core.kinematics.FoldTree: delete_jump_seqpos: renumbering jump 8282 to 665
core.kinematics.FoldTree: delete_jump_seqpos: deleting jump 666
core.kinematics.FoldTree: delete_jump_seqpos: renumbering jump 8281 to 666
core.kinematics.FoldTree: delete_jump_seqpos: deleting jump 667
core.kinematics.FoldTree: delete_jump_seqpos: renumbering jump 8280 to 667
core.kinematics.FoldTree: delete_jump_seqpos: deleting jump 668
core.kinematics.FoldTree: delete_jump_seqpos: renumbering jump 8279 to 668
core.kinematics.FoldTree: delete_jump_seqpos: deleting jump 669
core.kinematics.FoldTree: delete_jump_seqpos: renumbering jump 8278 to 669
core.kinematics.FoldTree: delete_jump_seqpos: deleting jump 670
core.kinematics.FoldTree: delete_jump_seqpos: renumbering jump 8277 to 670
core.kinematics.FoldTree: delete_jump_seqpos: deleting jump 671
core.kinematics.FoldTree: delete_jump_seqpos: renumbering jump 8276 to 671
core.kinematics.FoldTree: delete_jump_seqpos: deleting jump 672
core.kinematics.FoldTree: delete_jump_seqpos: renumbering jump 8275 to 672
core.kinematics.FoldTree: delete_jump_seqpos: deleting jump 673
core.kinematics.FoldTree: delete_jump_seqpos: renumbering jump 8274 to 673
core.kinematics.FoldTree: delete_jump_seqpos: deleting jump 674
core.kinematics.FoldTree: delete_jump_seqpos: renumbering jump 8273 to 674
core.kinematics.FoldTree: delete_jump_seqpos: deleting jump 675
core.kinematics.FoldTree: delete_jump_seqpos: renumbering jump 8272 to 675
core.kinematics.FoldTree: delete_jump_seqpos: deleting jump 676
core.kinematics.FoldTree: delete_jump_seqpos: renumbering jump 8271 to 676
core.kinematics.FoldTree: delete_jump_seqpos: deleting jump 677
core.kinematics.FoldTree: delete_jump_seqpos: renumbering jump 8270 to 677
core.kinematics.FoldTree: delete_jump_seqpos: deleting jump 678
core.kinematics.FoldTree: delete_jump_seqpos: renumbering jump 8269 to 678
core.kinematics.FoldTree: delete_jump_seqpos: deleting jump 679
core.kinematics.FoldTree: delete_jump_seqpos: renumbering jump 8268 to 679
core.kinematics.FoldTree: delete_jump_seqpos: deleting jump 680
core.kinematics.FoldTree: delete_jump_seqpos: renumbering jump 8267 to 680
core.kinematics.FoldTree: delete_jump_seqpos: deleting jump 681
core.kinematics.FoldTree: delete_jump_seqpos: renumbering jump 8266 to 681
core.kinematics.FoldTree: delete_jump_seqpos: deleting jump 682
core.kinematics.FoldTree: delete_jump_seqpos: renumbering jump 8265 to 682
core.kinematics.FoldTree: delete_jump_seqpos: deleting jump 683
core.kinematics.FoldTree: delete_jump_seqpos: renumbering jump 8264 to 683
core.kinematics.FoldTree: delete_jump_seqpos: deleting jump 684
core.kinematics.FoldTree: delete_jump_seqpos: renumbering jump 8263 to 684
core.kinematics.FoldTree: delete_jump_seqpos: deleting jump 685
core.kinematics.FoldTree: delete_jump_seqpos: renumbering jump 8262 to 685
core.kinematics.FoldTree: delete_jump_seqpos: deleting jump 686
core.kinematics.FoldTree: delete_jump_seqpos: renumbering jump 8261 to 686
core.kinematics.FoldTree: delete_jump_seqpos: deleting jump 687
core.kinematics.FoldTree: delete_jump_seqpos: renumbering jump 8260 to 687
core.kinematics.FoldTree: delete_jump_seqpos: deleting jump 688
core.kinematics.FoldTree: delete_jump_seqpos: renumbering jump 8259 to 688
core.kinematics.FoldTree: delete_jump_seqpos: deleting jump 689
core.kinematics.FoldTree: delete_jump_seqpos: renumbering jump 8258 to 689
core.kinematics.FoldTree: delete_jump_seqpos: deleting jump 690
core.kinematics.FoldTree: delete_jump_seqpos: renumbering jump 8257 to 690
core.kinematics.FoldTree: delete_jump_seqpos: deleting jump 691
core.kinematics.FoldTree: delete_jump_seqpos: renumbering jump 8256 to 691
core.kinematics.FoldTree: delete_jump_seqpos: deleting jump 692
core.kinematics.FoldTree: delete_jump_seqpos: renumbering jump 8255 to 692
core.kinematics.FoldTree: delete_jump_seqpos: deleting jump 693
core.kinematics.FoldTree: delete_jump_seqpos: renumbering jump 8254 to 693
core.kinematics.FoldTree: delete_jump_seqpos: deleting jump 694
core.kinematics.FoldTree: delete_jump_seqpos: renumbering jump 8253 to 694
core.kinematics.FoldTree: delete_jump_seqpos: deleting jump 695
core.kinematics.FoldTree: delete_jump_seqpos: renumbering jump 8252 to 695
core.kinematics.FoldTree: delete_jump_seqpos: deleting jump 696
core.kinematics.FoldTree: delete_jump_seqpos: renumbering jump 8251 to 696
core.kinematics.FoldTree: delete_jump_seqpos: deleting jump 697
core.kinematics.FoldTree: delete_jump_seqpos: renumbering jump 8250 to 697
core.kinematics.FoldTree: delete_jump_seqpos: deleting jump 698
core.kinematics.FoldTree: delete_jump_seqpos: renumbering jump 8249 to 698
core.kinematics.FoldTree: delete_jump_seqpos: deleting jump 699
core.kinematics.FoldTree: delete_jump_seqpos: renumbering jump 8248 to 699
core.kinematics.FoldTree: delete_jump_seqpos: deleting jump 700
core.kinematics.FoldTree: delete_jump_seqpos: renumbering jump 8247 to 700
core.kinematics.FoldTree: delete_jump_seqpos: deleting jump 701
core.kinematics.FoldTree: delete_jump_seqpos: renumbering jump 8246 to 701
core.kinematics.FoldTree: delete_jump_seqpos: deleting jump 702
core.kinematics.FoldTree: delete_jump_seqpos: renumbering jump 8245 to 702
core.kinematics.FoldTree: delete_jump_seqpos: deleting jump 703
core.kinematics.FoldTree: delete_jump_seqpos: renumbering jump 8244 to 703
core.kinematics.FoldTree: delete_jump_seqpos: deleting jump 704
core.kinematics.FoldTree: delete_jump_seqpos: renumbering jump 8243 to 704
core.kinematics.FoldTree: delete_jump_seqpos: deleting jump 705
core.kinematics.FoldTree: delete_jump_seqpos: renumbering jump 8242 to 705
core.kinematics.FoldTree: delete_jump_seqpos: deleting jump 706
core.kinematics.FoldTree: delete_jump_seqpos: renumbering jump 8241 to 706
core.kinematics.FoldTree: delete_jump_seqpos: deleting jump 707
core.kinematics.FoldTree: delete_jump_seqpos: renumbering jump 8240 to 707
core.kinematics.FoldTree: delete_jump_seqpos: deleting jump 708
core.kinematics.FoldTree: delete_jump_seqpos: renumbering jump 8239 to 708
core.kinematics.FoldTree: delete_jump_seqpos: deleting jump 709
core.kinematics.FoldTree: delete_jump_seqpos: renumbering jump 8238 to 709
core.kinematics.FoldTree: delete_jump_seqpos: deleting jump 710
core.kinematics.FoldTree: delete_jump_seqpos: renumbering jump 8237 to 710
core.kinematics.FoldTree: delete_jump_seqpos: deleting jump 711
core.kinematics.FoldTree: delete_jump_seqpos: renumbering jump 8236 to 711
core.kinematics.FoldTree: delete_jump_seqpos: deleting jump 712
core.kinematics.FoldTree: delete_jump_seqpos: renumbering jump 8235 to 712
core.kinematics.FoldTree: delete_jump_seqpos: deleting jump 713
core.kinematics.FoldTree: delete_jump_seqpos: renumbering jump 8234 to 713
core.kinematics.FoldTree: delete_jump_seqpos: deleting jump 714
core.kinematics.FoldTree: delete_jump_seqpos: renumbering jump 8233 to 714
core.kinematics.FoldTree: delete_jump_seqpos: deleting jump 715
core.kinematics.FoldTree: delete_jump_seqpos: renumbering jump 8232 to 715
core.kinematics.FoldTree: delete_jump_seqpos: deleting jump 716
core.kinematics.FoldTree: delete_jump_seqpos: renumbering jump 8231 to 716
core.kinematics.FoldTree: delete_jump_seqpos: deleting jump 717
core.kinematics.FoldTree: delete_jump_seqpos: renumbering jump 8230 to 717
core.kinematics.FoldTree: delete_jump_seqpos: deleting jump 718
core.kinematics.FoldTree: delete_jump_seqpos: renumbering jump 8229 to 718
core.kinematics.FoldTree: delete_jump_seqpos: deleting jump 719
core.kinematics.FoldTree: delete_jump_seqpos: renumbering jump 8228 to 719
core.kinematics.FoldTree: delete_jump_seqpos: deleting jump 720
core.kinematics.FoldTree: delete_jump_seqpos: renumbering jump 8227 to 720
core.kinematics.FoldTree: delete_jump_seqpos: deleting jump 721
core.kinematics.FoldTree: delete_jump_seqpos: renumbering jump 8226 to 721
core.kinematics.FoldTree: delete_jump_seqpos: deleting jump 722
core.kinematics.FoldTree: delete_jump_seqpos: renumbering jump 8225 to 722
core.kinematics.FoldTree: delete_jump_seqpos: deleting jump 723
core.kinematics.FoldTree: delete_jump_seqpos: renumbering jump 8224 to 723
core.kinematics.FoldTree: delete_jump_seqpos: deleting jump 724
core.kinematics.FoldTree: delete_jump_seqpos: renumbering jump 8223 to 724
core.kinematics.FoldTree: delete_jump_seqpos: deleting jump 725
core.kinematics.FoldTree: delete_jump_seqpos: renumbering jump 8222 to 725
core.kinematics.FoldTree: delete_jump_seqpos: deleting jump 726
core.kinematics.FoldTree: delete_jump_seqpos: renumbering jump 8221 to 726
core.kinematics.FoldTree: delete_jump_seqpos: deleting jump 727
core.kinematics.FoldTree: delete_jump_seqpos: renumbering jump 8220 to 727
core.kinematics.FoldTree: delete_jump_seqpos: deleting jump 728
core.kinematics.FoldTree: delete_jump_seqpos: renumbering jump 8219 to 728
core.kinematics.FoldTree: delete_jump_seqpos: deleting jump 729
core.kinematics.FoldTree: delete_jump_seqpos: renumbering jump 8218 to 729
core.kinematics.FoldTree: delete_jump_seqpos: deleting jump 730
core.kinematics.FoldTree: delete_jump_seqpos: renumbering jump 8217 to 730
core.kinematics.FoldTree: delete_jump_seqpos: deleting jump 731
core.kinematics.FoldTree: delete_jump_seqpos: renumbering jump 8216 to 731
core.kinematics.FoldTree: delete_jump_seqpos: deleting jump 732
core.kinematics.FoldTree: delete_jump_seqpos: renumbering jump 8215 to 732
core.kinematics.FoldTree: delete_jump_seqpos: deleting jump 733
core.kinematics.FoldTree: delete_jump_seqpos: renumbering jump 8214 to 733
core.kinematics.FoldTree: delete_jump_seqpos: deleting jump 734
core.kinematics.FoldTree: delete_jump_seqpos: renumbering jump 8213 to 734
core.kinematics.FoldTree: delete_jump_seqpos: deleting jump 735
core.kinematics.FoldTree: delete_jump_seqpos: renumbering jump 8212 to 735
core.kinematics.FoldTree: delete_jump_seqpos: deleting jump 736
core.kinematics.FoldTree: delete_jump_seqpos: renumbering jump 8211 to 736
core.kinematics.FoldTree: delete_jump_seqpos: deleting jump 737
core.kinematics.FoldTree: delete_jump_seqpos: renumbering jump 8210 to 737
core.kinematics.FoldTree: delete_jump_seqpos: deleting jump 738
core.kinematics.FoldTree: delete_jump_seqpos: renumbering jump 8209 to 738
core.kinematics.FoldTree: delete_jump_seqpos: deleting jump 739
core.kinematics.FoldTree: delete_jump_seqpos: renumbering jump 8208 to 739
core.kinematics.FoldTree: delete_jump_seqpos: deleting jump 740
core.kinematics.FoldTree: delete_jump_seqpos: renumbering jump 8207 to 740
core.kinematics.FoldTree: delete_jump_seqpos: deleting jump 741
core.kinematics.FoldTree: delete_jump_seqpos: renumbering jump 8206 to 741
core.kinematics.FoldTree: delete_jump_seqpos: deleting jump 742
core.kinematics.FoldTree: delete_jump_seqpos: renumbering jump 8205 to 742
core.kinematics.FoldTree: delete_jump_seqpos: deleting jump 743
core.kinematics.FoldTree: delete_jump_seqpos: renumbering jump 8204 to 743
core.kinematics.FoldTree: delete_jump_seqpos: deleting jump 744
core.kinematics.FoldTree: delete_jump_seqpos: renumbering jump 8203 to 744
core.kinematics.FoldTree: delete_jump_seqpos: deleting jump 745
core.kinematics.FoldTree: delete_jump_seqpos: renumbering jump 8202 to 745
core.kinematics.FoldTree: delete_jump_seqpos: deleting jump 746
core.kinematics.FoldTree: delete_jump_seqpos: renumbering jump 8201 to 746
core.kinematics.FoldTree: delete_jump_seqpos: deleting jump 747
core.kinematics.FoldTree: delete_jump_seqpos: renumbering jump 8200 to 747
core.kinematics.FoldTree: delete_jump_seqpos: deleting jump 748
core.kinematics.FoldTree: delete_jump_seqpos: renumbering jump 8199 to 748
core.kinematics.FoldTree: delete_jump_seqpos: deleting jump 749
core.kinematics.FoldTree: delete_jump_seqpos: renumbering jump 8198 to 749
core.kinematics.FoldTree: delete_jump_seqpos: deleting jump 750
core.kinematics.FoldTree: delete_jump_seqpos: renumbering jump 8197 to 750
core.kinematics.FoldTree: delete_jump_seqpos: deleting jump 751
core.kinematics.FoldTree: delete_jump_seqpos: renumbering jump 8196 to 751
core.kinematics.FoldTree: delete_jump_seqpos: deleting jump 752
core.kinematics.FoldTree: delete_jump_seqpos: renumbering jump 8195 to 752
core.kinematics.FoldTree: delete_jump_seqpos: deleting jump 753
core.kinematics.FoldTree: delete_jump_seqpos: renumbering jump 8194 to 753
core.kinematics.FoldTree: delete_jump_seqpos: deleting jump 754
core.kinematics.FoldTree: delete_jump_seqpos: renumbering jump 8193 to 754
core.kinematics.FoldTree: delete_jump_seqpos: deleting jump 755
core.kinematics.FoldTree: delete_jump_seqpos: renumbering jump 8192 to 755
core.kinematics.FoldTree: delete_jump_seqpos: deleting jump 756
core.kinematics.FoldTree: delete_jump_seqpos: renumbering jump 8191 to 756
core.kinematics.FoldTree: delete_jump_seqpos: deleting jump 757
core.kinematics.FoldTree: delete_jump_seqpos: renumbering jump 8190 to 757
core.kinematics.FoldTree: delete_jump_seqpos: deleting jump 758
core.kinematics.FoldTree: delete_jump_seqpos: renumbering jump 8189 to 758
core.kinematics.FoldTree: delete_jump_seqpos: deleting jump 759
core.kinematics.FoldTree: delete_jump_seqpos: renumbering jump 8188 to 759
core.kinematics.FoldTree: delete_jump_seqpos: deleting jump 760
core.kinematics.FoldTree: delete_jump_seqpos: renumbering jump 8187 to 760
core.kinematics.FoldTree: delete_jump_seqpos: deleting jump 761
core.kinematics.FoldTree: delete_jump_seqpos: renumbering jump 8186 to 761
core.kinematics.FoldTree: delete_jump_seqpos: deleting jump 762
core.kinematics.FoldTree: delete_jump_seqpos: renumbering jump 8185 to 762
core.kinematics.FoldTree: delete_jump_seqpos: deleting jump 763
core.kinematics.FoldTree: delete_jump_seqpos: renumbering jump 8184 to 763
core.kinematics.FoldTree: delete_jump_seqpos: deleting jump 764
core.kinematics.FoldTree: delete_jump_seqpos: renumbering jump 8183 to 764
core.kinematics.FoldTree: delete_jump_seqpos: deleting jump 765
core.kinematics.FoldTree: delete_jump_seqpos: renumbering jump 8182 to 765
core.kinematics.FoldTree: delete_jump_seqpos: deleting jump 766
core.kinematics.FoldTree: delete_jump_seqpos: renumbering jump 8181 to 766
core.kinematics.FoldTree: delete_jump_seqpos: deleting jump 767
core.kinematics.FoldTree: delete_jump_seqpos: renumbering jump 8180 to 767
core.kinematics.FoldTree: delete_jump_seqpos: deleting jump 768
core.kinematics.FoldTree: delete_jump_seqpos: renumbering jump 8179 to 768
core.kinematics.FoldTree: delete_jump_seqpos: deleting jump 769
core.kinematics.FoldTree: delete_jump_seqpos: renumbering jump 8178 to 769
core.kinematics.FoldTree: delete_jump_seqpos: deleting jump 770
core.kinematics.FoldTree: delete_jump_seqpos: renumbering jump 8177 to 770
core.kinematics.FoldTree: delete_jump_seqpos: deleting jump 771
core.kinematics.FoldTree: delete_jump_seqpos: renumbering jump 8176 to 771
core.kinematics.FoldTree: delete_jump_seqpos: deleting jump 772
core.kinematics.FoldTree: delete_jump_seqpos: renumbering jump 8175 to 772
core.kinematics.FoldTree: delete_jump_seqpos: deleting jump 773
core.kinematics.FoldTree: delete_jump_seqpos: renumbering jump 8174 to 773
core.kinematics.FoldTree: delete_jump_seqpos: deleting jump 774
core.kinematics.FoldTree: delete_jump_seqpos: renumbering jump 8173 to 774
core.kinematics.FoldTree: delete_jump_seqpos: deleting jump 775
core.kinematics.FoldTree: delete_jump_seqpos: renumbering jump 8172 to 775
core.kinematics.FoldTree: delete_jump_seqpos: deleting jump 776
core.kinematics.FoldTree: delete_jump_seqpos: renumbering jump 8171 to 776
core.kinematics.FoldTree: delete_jump_seqpos: deleting jump 777
core.kinematics.FoldTree: delete_jump_seqpos: renumbering jump 8170 to 777
core.kinematics.FoldTree: delete_jump_seqpos: deleting jump 778
core.kinematics.FoldTree: delete_jump_seqpos: renumbering jump 8169 to 778
core.kinematics.FoldTree: delete_jump_seqpos: deleting jump 779
core.kinematics.FoldTree: delete_jump_seqpos: renumbering jump 8168 to 779
core.kinematics.FoldTree: delete_jump_seqpos: deleting jump 780
core.kinematics.FoldTree: delete_jump_seqpos: renumbering jump 8167 to 780
core.kinematics.FoldTree: delete_jump_seqpos: deleting jump 781
core.kinematics.FoldTree: delete_jump_seqpos: renumbering jump 8166 to 781
core.kinematics.FoldTree: delete_jump_seqpos: deleting jump 782
core.kinematics.FoldTree: delete_jump_seqpos: renumbering jump 8165 to 782
core.kinematics.FoldTree: delete_jump_seqpos: deleting jump 783
core.kinematics.FoldTree: delete_jump_seqpos: renumbering jump 8164 to 783
core.kinematics.FoldTree: delete_jump_seqpos: deleting jump 784
core.kinematics.FoldTree: delete_jump_seqpos: renumbering jump 8163 to 784
core.kinematics.FoldTree: delete_jump_seqpos: deleting jump 785
core.kinematics.FoldTree: delete_jump_seqpos: renumbering jump 8162 to 785
core.kinematics.FoldTree: delete_jump_seqpos: deleting jump 786
core.kinematics.FoldTree: delete_jump_seqpos: renumbering jump 8161 to 786
core.kinematics.FoldTree: delete_jump_seqpos: deleting jump 787
core.kinematics.FoldTree: delete_jump_seqpos: renumbering jump 8160 to 787
core.kinematics.FoldTree: delete_jump_seqpos: deleting jump 788
core.kinematics.FoldTree: delete_jump_seqpos: renumbering jump 8159 to 788
core.kinematics.FoldTree: delete_jump_seqpos: deleting jump 789
core.kinematics.FoldTree: delete_jump_seqpos: renumbering jump 8158 to 789
core.kinematics.FoldTree: delete_jump_seqpos: deleting jump 790
core.kinematics.FoldTree: delete_jump_seqpos: renumbering jump 8157 to 790
core.kinematics.FoldTree: delete_jump_seqpos: deleting jump 791
core.kinematics.FoldTree: delete_jump_seqpos: renumbering jump 8156 to 791
core.kinematics.FoldTree: delete_jump_seqpos: deleting jump 792
core.kinematics.FoldTree: delete_jump_seqpos: renumbering jump 8155 to 792
core.kinematics.FoldTree: delete_jump_seqpos: deleting jump 793
core.kinematics.FoldTree: delete_jump_seqpos: renumbering jump 8154 to 793
core.kinematics.FoldTree: delete_jump_seqpos: deleting jump 794
core.kinematics.FoldTree: delete_jump_seqpos: renumbering jump 8153 to 794
core.kinematics.FoldTree: delete_jump_seqpos: deleting jump 795
core.kinematics.FoldTree: delete_jump_seqpos: renumbering jump 8152 to 795
core.kinematics.FoldTree: delete_jump_seqpos: deleting jump 796
core.kinematics.FoldTree: delete_jump_seqpos: renumbering jump 8151 to 796
core.kinematics.FoldTree: delete_jump_seqpos: deleting jump 797
core.kinematics.FoldTree: delete_jump_seqpos: renumbering jump 8150 to 797
core.kinematics.FoldTree: delete_jump_seqpos: deleting jump 798
core.kinematics.FoldTree: delete_jump_seqpos: renumbering jump 8149 to 798
core.kinematics.FoldTree: delete_jump_seqpos: deleting jump 799
core.kinematics.FoldTree: delete_jump_seqpos: renumbering jump 8148 to 799
core.kinematics.FoldTree: delete_jump_seqpos: deleting jump 800
core.kinematics.FoldTree: delete_jump_seqpos: renumbering jump 8147 to 800
core.kinematics.FoldTree: delete_jump_seqpos: deleting jump 801
core.kinematics.FoldTree: delete_jump_seqpos: renumbering jump 8146 to 801
core.kinematics.FoldTree: delete_jump_seqpos: deleting jump 802
core.kinematics.FoldTree: delete_jump_seqpos: renumbering jump 8145 to 802
core.kinematics.FoldTree: delete_jump_seqpos: deleting jump 803
core.kinematics.FoldTree: delete_jump_seqpos: renumbering jump 8144 to 803
core.kinematics.FoldTree: delete_jump_seqpos: deleting jump 804
core.kinematics.FoldTree: delete_jump_seqpos: renumbering jump 8143 to 804
core.kinematics.FoldTree: delete_jump_seqpos: deleting jump 805
core.kinematics.FoldTree: delete_jump_seqpos: renumbering jump 8142 to 805
core.kinematics.FoldTree: delete_jump_seqpos: deleting jump 806
core.kinematics.FoldTree: delete_jump_seqpos: renumbering jump 8141 to 806
core.kinematics.FoldTree: delete_jump_seqpos: deleting jump 807
core.kinematics.FoldTree: delete_jump_seqpos: renumbering jump 8140 to 807
core.kinematics.FoldTree: delete_jump_seqpos: deleting jump 808
core.kinematics.FoldTree: delete_jump_seqpos: renumbering jump 8139 to 808
core.kinematics.FoldTree: delete_jump_seqpos: deleting jump 809
core.kinematics.FoldTree: delete_jump_seqpos: renumbering jump 8138 to 809
core.kinematics.FoldTree: delete_jump_seqpos: deleting jump 810
core.kinematics.FoldTree: delete_jump_seqpos: renumbering jump 8137 to 810
core.kinematics.FoldTree: delete_jump_seqpos: deleting jump 811
core.kinematics.FoldTree: delete_jump_seqpos: renumbering jump 8136 to 811
core.kinematics.FoldTree: delete_jump_seqpos: deleting jump 812
core.kinematics.FoldTree: delete_jump_seqpos: renumbering jump 8135 to 812
core.kinematics.FoldTree: delete_jump_seqpos: deleting jump 813
core.kinematics.FoldTree: delete_jump_seqpos: renumbering jump 8134 to 813
core.kinematics.FoldTree: delete_jump_seqpos: deleting jump 814
core.kinematics.FoldTree: delete_jump_seqpos: renumbering jump 8133 to 814
core.kinematics.FoldTree: delete_jump_seqpos: deleting jump 815
core.kinematics.FoldTree: delete_jump_seqpos: renumbering jump 8132 to 815
core.kinematics.FoldTree: delete_jump_seqpos: deleting jump 816
core.kinematics.FoldTree: delete_jump_seqpos: renumbering jump 8131 to 816
core.kinematics.FoldTree: delete_jump_seqpos: deleting jump 817
core.kinematics.FoldTree: delete_jump_seqpos: renumbering jump 8130 to 817
core.kinematics.FoldTree: delete_jump_seqpos: deleting jump 818
core.kinematics.FoldTree: delete_jump_seqpos: renumbering jump 8129 to 818
core.kinematics.FoldTree: delete_jump_seqpos: deleting jump 819
core.kinematics.FoldTree: delete_jump_seqpos: renumbering jump 8128 to 819
core.kinematics.FoldTree: delete_jump_seqpos: deleting jump 820
core.kinematics.FoldTree: delete_jump_seqpos: renumbering jump 8127 to 820
core.kinematics.FoldTree: delete_jump_seqpos: deleting jump 821
core.kinematics.FoldTree: delete_jump_seqpos: renumbering jump 8126 to 821
core.kinematics.FoldTree: delete_jump_seqpos: deleting jump 822
core.kinematics.FoldTree: delete_jump_seqpos: renumbering jump 8125 to 822
core.kinematics.FoldTree: delete_jump_seqpos: deleting jump 823
core.kinematics.FoldTree: delete_jump_seqpos: renumbering jump 8124 to 823
core.kinematics.FoldTree: delete_jump_seqpos: deleting jump 824
core.kinematics.FoldTree: delete_jump_seqpos: renumbering jump 8123 to 824
core.kinematics.FoldTree: delete_jump_seqpos: deleting jump 825
core.kinematics.FoldTree: delete_jump_seqpos: renumbering jump 8122 to 825
core.kinematics.FoldTree: delete_jump_seqpos: deleting jump 826
core.kinematics.FoldTree: delete_jump_seqpos: renumbering jump 8121 to 826
core.kinematics.FoldTree: delete_jump_seqpos: deleting jump 827
core.kinematics.FoldTree: delete_jump_seqpos: renumbering jump 8120 to 827
core.kinematics.FoldTree: delete_jump_seqpos: deleting jump 828
core.kinematics.FoldTree: delete_jump_seqpos: renumbering jump 8119 to 828
core.kinematics.FoldTree: delete_jump_seqpos: deleting jump 829
core.kinematics.FoldTree: delete_jump_seqpos: renumbering jump 8118 to 829
core.kinematics.FoldTree: delete_jump_seqpos: deleting jump 830
core.kinematics.FoldTree: delete_jump_seqpos: renumbering jump 8117 to 830
core.kinematics.FoldTree: delete_jump_seqpos: deleting jump 831
core.kinematics.FoldTree: delete_jump_seqpos: renumbering jump 8116 to 831
core.kinematics.FoldTree: delete_jump_seqpos: deleting jump 832
core.kinematics.FoldTree: delete_jump_seqpos: renumbering jump 8115 to 832
core.kinematics.FoldTree: delete_jump_seqpos: deleting jump 833
core.kinematics.FoldTree: delete_jump_seqpos: renumbering jump 8114 to 833
core.kinematics.FoldTree: delete_jump_seqpos: deleting jump 834
core.kinematics.FoldTree: delete_jump_seqpos: renumbering jump 8113 to 834
core.kinematics.FoldTree: delete_jump_seqpos: deleting jump 835
core.kinematics.FoldTree: delete_jump_seqpos: renumbering jump 8112 to 835
core.kinematics.FoldTree: delete_jump_seqpos: deleting jump 836
core.kinematics.FoldTree: delete_jump_seqpos: renumbering jump 8111 to 836
core.kinematics.FoldTree: delete_jump_seqpos: deleting jump 837
core.kinematics.FoldTree: delete_jump_seqpos: renumbering jump 8110 to 837
core.kinematics.FoldTree: delete_jump_seqpos: deleting jump 838
core.kinematics.FoldTree: delete_jump_seqpos: renumbering jump 8109 to 838
core.kinematics.FoldTree: delete_jump_seqpos: deleting jump 839
core.kinematics.FoldTree: delete_jump_seqpos: renumbering jump 8108 to 839
core.kinematics.FoldTree: delete_jump_seqpos: deleting jump 840
core.kinematics.FoldTree: delete_jump_seqpos: renumbering jump 8107 to 840
core.kinematics.FoldTree: delete_jump_seqpos: deleting jump 841
core.kinematics.FoldTree: delete_jump_seqpos: renumbering jump 8106 to 841
core.kinematics.FoldTree: delete_jump_seqpos: deleting jump 842
core.kinematics.FoldTree: delete_jump_seqpos: renumbering jump 8105 to 842
core.kinematics.FoldTree: delete_jump_seqpos: deleting jump 843
core.kinematics.FoldTree: delete_jump_seqpos: renumbering jump 8104 to 843
core.kinematics.FoldTree: delete_jump_seqpos: deleting jump 844
core.kinematics.FoldTree: delete_jump_seqpos: renumbering jump 8103 to 844
core.kinematics.FoldTree: delete_jump_seqpos: deleting jump 845
core.kinematics.FoldTree: delete_jump_seqpos: renumbering jump 8102 to 845
core.kinematics.FoldTree: delete_jump_seqpos: deleting jump 846
core.kinematics.FoldTree: delete_jump_seqpos: renumbering jump 8101 to 846
core.kinematics.FoldTree: delete_jump_seqpos: deleting jump 847
core.kinematics.FoldTree: delete_jump_seqpos: renumbering jump 8100 to 847
core.kinematics.FoldTree: delete_jump_seqpos: deleting jump 848
core.kinematics.FoldTree: delete_jump_seqpos: renumbering jump 8099 to 848
core.kinematics.FoldTree: delete_jump_seqpos: deleting jump 849
core.kinematics.FoldTree: delete_jump_seqpos: renumbering jump 8098 to 849
core.kinematics.FoldTree: delete_jump_seqpos: deleting jump 850
core.kinematics.FoldTree: delete_jump_seqpos: renumbering jump 8097 to 850
core.kinematics.FoldTree: delete_jump_seqpos: deleting jump 851
core.kinematics.FoldTree: delete_jump_seqpos: renumbering jump 8096 to 851
core.kinematics.FoldTree: delete_jump_seqpos: deleting jump 852
core.kinematics.FoldTree: delete_jump_seqpos: renumbering jump 8095 to 852
core.kinematics.FoldTree: delete_jump_seqpos: deleting jump 853
core.kinematics.FoldTree: delete_jump_seqpos: renumbering jump 8094 to 853
core.kinematics.FoldTree: delete_jump_seqpos: deleting jump 854
core.kinematics.FoldTree: delete_jump_seqpos: renumbering jump 8093 to 854
core.kinematics.FoldTree: delete_jump_seqpos: deleting jump 855
core.kinematics.FoldTree: delete_jump_seqpos: renumbering jump 8092 to 855
core.kinematics.FoldTree: delete_jump_seqpos: deleting jump 856
core.kinematics.FoldTree: delete_jump_seqpos: renumbering jump 8091 to 856
core.kinematics.FoldTree: delete_jump_seqpos: deleting jump 857
core.kinematics.FoldTree: delete_jump_seqpos: renumbering jump 8090 to 857
core.kinematics.FoldTree: delete_jump_seqpos: deleting jump 858
core.kinematics.FoldTree: delete_jump_seqpos: renumbering jump 8089 to 858
core.kinematics.FoldTree: delete_jump_seqpos: deleting jump 859
core.kinematics.FoldTree: delete_jump_seqpos: renumbering jump 8088 to 859
core.kinematics.FoldTree: delete_jump_seqpos: deleting jump 860
core.kinematics.FoldTree: delete_jump_seqpos: renumbering jump 8087 to 860
core.kinematics.FoldTree: delete_jump_seqpos: deleting jump 861
core.kinematics.FoldTree: delete_jump_seqpos: renumbering jump 8086 to 861
core.kinematics.FoldTree: delete_jump_seqpos: deleting jump 862
core.kinematics.FoldTree: delete_jump_seqpos: renumbering jump 8085 to 862
core.kinematics.FoldTree: delete_jump_seqpos: deleting jump 863
core.kinematics.FoldTree: delete_jump_seqpos: renumbering jump 8084 to 863
core.kinematics.FoldTree: delete_jump_seqpos: deleting jump 864
core.kinematics.FoldTree: delete_jump_seqpos: renumbering jump 8083 to 864
core.kinematics.FoldTree: delete_jump_seqpos: deleting jump 865
core.kinematics.FoldTree: delete_jump_seqpos: renumbering jump 8082 to 865
core.kinematics.FoldTree: delete_jump_seqpos: deleting jump 866
core.kinematics.FoldTree: delete_jump_seqpos: renumbering jump 8081 to 866
core.kinematics.FoldTree: delete_jump_seqpos: deleting jump 867
core.kinematics.FoldTree: delete_jump_seqpos: renumbering jump 8080 to 867
core.kinematics.FoldTree: delete_jump_seqpos: deleting jump 868
core.kinematics.FoldTree: delete_jump_seqpos: renumbering jump 8079 to 868
core.kinematics.FoldTree: delete_jump_seqpos: deleting jump 869
core.kinematics.FoldTree: delete_jump_seqpos: renumbering jump 8078 to 869
core.kinematics.FoldTree: delete_jump_seqpos: deleting jump 870
core.kinematics.FoldTree: delete_jump_seqpos: renumbering jump 8077 to 870
core.kinematics.FoldTree: delete_jump_seqpos: deleting jump 871
core.kinematics.FoldTree: delete_jump_seqpos: renumbering jump 8076 to 871
core.kinematics.FoldTree: delete_jump_seqpos: deleting jump 872
core.kinematics.FoldTree: delete_jump_seqpos: renumbering jump 8075 to 872
core.kinematics.FoldTree: delete_jump_seqpos: deleting jump 873
core.kinematics.FoldTree: delete_jump_seqpos: renumbering jump 8074 to 873
core.kinematics.FoldTree: delete_jump_seqpos: deleting jump 874
core.kinematics.FoldTree: delete_jump_seqpos: renumbering jump 8073 to 874
core.kinematics.FoldTree: delete_jump_seqpos: deleting jump 875
core.kinematics.FoldTree: delete_jump_seqpos: renumbering jump 8072 to 875
core.kinematics.FoldTree: delete_jump_seqpos: deleting jump 876
core.kinematics.FoldTree: delete_jump_seqpos: renumbering jump 8071 to 876
core.kinematics.FoldTree: delete_jump_seqpos: deleting jump 877
core.kinematics.FoldTree: delete_jump_seqpos: renumbering jump 8070 to 877
core.kinematics.FoldTree: delete_jump_seqpos: deleting jump 878
core.kinematics.FoldTree: delete_jump_seqpos: renumbering jump 8069 to 878
core.kinematics.FoldTree: delete_jump_seqpos: deleting jump 879
core.kinematics.FoldTree: delete_jump_seqpos: renumbering jump 8068 to 879
core.kinematics.FoldTree: delete_jump_seqpos: deleting jump 880
core.kinematics.FoldTree: delete_jump_seqpos: renumbering jump 8067 to 880
core.kinematics.FoldTree: delete_jump_seqpos: deleting jump 881
core.kinematics.FoldTree: delete_jump_seqpos: renumbering jump 8066 to 881
core.kinematics.FoldTree: delete_jump_seqpos: deleting jump 882
core.kinematics.FoldTree: delete_jump_seqpos: renumbering jump 8065 to 882
core.kinematics.FoldTree: delete_jump_seqpos: deleting jump 883
core.kinematics.FoldTree: delete_jump_seqpos: renumbering jump 8064 to 883
core.kinematics.FoldTree: delete_jump_seqpos: deleting jump 884
core.kinematics.FoldTree: delete_jump_seqpos: renumbering jump 8063 to 884
core.kinematics.FoldTree: delete_jump_seqpos: deleting jump 885
core.kinematics.FoldTree: delete_jump_seqpos: renumbering jump 8062 to 885
core.kinematics.FoldTree: delete_jump_seqpos: deleting jump 886
core.kinematics.FoldTree: delete_jump_seqpos: renumbering jump 8061 to 886
core.kinematics.FoldTree: delete_jump_seqpos: deleting jump 887
core.kinematics.FoldTree: delete_jump_seqpos: renumbering jump 8060 to 887
core.kinematics.FoldTree: delete_jump_seqpos: deleting jump 888
core.kinematics.FoldTree: delete_jump_seqpos: renumbering jump 8059 to 888
core.kinematics.FoldTree: delete_jump_seqpos: deleting jump 889
core.kinematics.FoldTree: delete_jump_seqpos: renumbering jump 8058 to 889
core.kinematics.FoldTree: delete_jump_seqpos: deleting jump 890
core.kinematics.FoldTree: delete_jump_seqpos: renumbering jump 8057 to 890
core.kinematics.FoldTree: delete_jump_seqpos: deleting jump 891
core.kinematics.FoldTree: delete_jump_seqpos: renumbering jump 8056 to 891
core.kinematics.FoldTree: delete_jump_seqpos: deleting jump 892
core.kinematics.FoldTree: delete_jump_seqpos: renumbering jump 8055 to 892
core.kinematics.FoldTree: delete_jump_seqpos: deleting jump 893
core.kinematics.FoldTree: delete_jump_seqpos: renumbering jump 8054 to 893
core.kinematics.FoldTree: delete_jump_seqpos: deleting jump 894
core.kinematics.FoldTree: delete_jump_seqpos: renumbering jump 8053 to 894
core.kinematics.FoldTree: delete_jump_seqpos: deleting jump 895
core.kinematics.FoldTree: delete_jump_seqpos: renumbering jump 8052 to 895
core.kinematics.FoldTree: delete_jump_seqpos: deleting jump 896
core.kinematics.FoldTree: delete_jump_seqpos: renumbering jump 8051 to 896
core.kinematics.FoldTree: delete_jump_seqpos: deleting jump 897
core.kinematics.FoldTree: delete_jump_seqpos: renumbering jump 8050 to 897
core.kinematics.FoldTree: delete_jump_seqpos: deleting jump 898
core.kinematics.FoldTree: delete_jump_seqpos: renumbering jump 8049 to 898
core.kinematics.FoldTree: delete_jump_seqpos: deleting jump 899
core.kinematics.FoldTree: delete_jump_seqpos: renumbering jump 8048 to 899
core.kinematics.FoldTree: delete_jump_seqpos: deleting jump 900
core.kinematics.FoldTree: delete_jump_seqpos: renumbering jump 8047 to 900
core.kinematics.FoldTree: delete_jump_seqpos: deleting jump 901
core.kinematics.FoldTree: delete_jump_seqpos: renumbering jump 8046 to 901
core.kinematics.FoldTree: delete_jump_seqpos: deleting jump 902
core.kinematics.FoldTree: delete_jump_seqpos: renumbering jump 8045 to 902
core.kinematics.FoldTree: delete_jump_seqpos: deleting jump 903
core.kinematics.FoldTree: delete_jump_seqpos: renumbering jump 8044 to 903
core.kinematics.FoldTree: delete_jump_seqpos: deleting jump 904
core.kinematics.FoldTree: delete_jump_seqpos: renumbering jump 8043 to 904
core.kinematics.FoldTree: delete_jump_seqpos: deleting jump 905
core.kinematics.FoldTree: delete_jump_seqpos: renumbering jump 8042 to 905
core.kinematics.FoldTree: delete_jump_seqpos: deleting jump 906
core.kinematics.FoldTree: delete_jump_seqpos: renumbering jump 8041 to 906
core.kinematics.FoldTree: delete_jump_seqpos: deleting jump 907
core.kinematics.FoldTree: delete_jump_seqpos: renumbering jump 8040 to 907
core.kinematics.FoldTree: delete_jump_seqpos: deleting jump 908
core.kinematics.FoldTree: delete_jump_seqpos: renumbering jump 8039 to 908
core.kinematics.FoldTree: delete_jump_seqpos: deleting jump 909
core.kinematics.FoldTree: delete_jump_seqpos: renumbering jump 8038 to 909
core.kinematics.FoldTree: delete_jump_seqpos: deleting jump 910
core.kinematics.FoldTree: delete_jump_seqpos: renumbering jump 8037 to 910
core.kinematics.FoldTree: delete_jump_seqpos: deleting jump 911
core.kinematics.FoldTree: delete_jump_seqpos: renumbering jump 8036 to 911
core.kinematics.FoldTree: delete_jump_seqpos: deleting jump 912
core.kinematics.FoldTree: delete_jump_seqpos: renumbering jump 8035 to 912
core.kinematics.FoldTree: delete_jump_seqpos: deleting jump 913
core.kinematics.FoldTree: delete_jump_seqpos: renumbering jump 8034 to 913
core.kinematics.FoldTree: delete_jump_seqpos: deleting jump 914
core.kinematics.FoldTree: delete_jump_seqpos: renumbering jump 8033 to 914
core.kinematics.FoldTree: delete_jump_seqpos: deleting jump 915
core.kinematics.FoldTree: delete_jump_seqpos: renumbering jump 8032 to 915
core.kinematics.FoldTree: delete_jump_seqpos: deleting jump 916
core.kinematics.FoldTree: delete_jump_seqpos: renumbering jump 8031 to 916
core.kinematics.FoldTree: delete_jump_seqpos: deleting jump 917
core.kinematics.FoldTree: delete_jump_seqpos: renumbering jump 8030 to 917
core.kinematics.FoldTree: delete_jump_seqpos: deleting jump 918
core.kinematics.FoldTree: delete_jump_seqpos: renumbering jump 8029 to 918
core.kinematics.FoldTree: delete_jump_seqpos: deleting jump 919
core.kinematics.FoldTree: delete_jump_seqpos: renumbering jump 8028 to 919
core.kinematics.FoldTree: delete_jump_seqpos: deleting jump 920
core.kinematics.FoldTree: delete_jump_seqpos: renumbering jump 8027 to 920
core.kinematics.FoldTree: delete_jump_seqpos: deleting jump 921
core.kinematics.FoldTree: delete_jump_seqpos: renumbering jump 8026 to 921
core.kinematics.FoldTree: delete_jump_seqpos: deleting jump 922
core.kinematics.FoldTree: delete_jump_seqpos: renumbering jump 8025 to 922
core.kinematics.FoldTree: delete_jump_seqpos: deleting jump 923
core.kinematics.FoldTree: delete_jump_seqpos: renumbering jump 8024 to 923
core.kinematics.FoldTree: delete_jump_seqpos: deleting jump 924
core.kinematics.FoldTree: delete_jump_seqpos: renumbering jump 8023 to 924
core.kinematics.FoldTree: delete_jump_seqpos: deleting jump 925
core.kinematics.FoldTree: delete_jump_seqpos: renumbering jump 8022 to 925
core.kinematics.FoldTree: delete_jump_seqpos: deleting jump 926
core.kinematics.FoldTree: delete_jump_seqpos: renumbering jump 8021 to 926
core.kinematics.FoldTree: delete_jump_seqpos: deleting jump 927
core.kinematics.FoldTree: delete_jump_seqpos: renumbering jump 8020 to 927
core.kinematics.FoldTree: delete_jump_seqpos: deleting jump 928
core.kinematics.FoldTree: delete_jump_seqpos: renumbering jump 8019 to 928
core.kinematics.FoldTree: delete_jump_seqpos: deleting jump 929
core.kinematics.FoldTree: delete_jump_seqpos: renumbering jump 8018 to 929
core.kinematics.FoldTree: delete_jump_seqpos: deleting jump 930
core.kinematics.FoldTree: delete_jump_seqpos: renumbering jump 8017 to 930
core.kinematics.FoldTree: delete_jump_seqpos: deleting jump 931
core.kinematics.FoldTree: delete_jump_seqpos: renumbering jump 8016 to 931
core.kinematics.FoldTree: delete_jump_seqpos: deleting jump 932
core.kinematics.FoldTree: delete_jump_seqpos: renumbering jump 8015 to 932
core.kinematics.FoldTree: delete_jump_seqpos: deleting jump 933
core.kinematics.FoldTree: delete_jump_seqpos: renumbering jump 8014 to 933
core.kinematics.FoldTree: delete_jump_seqpos: deleting jump 934
core.kinematics.FoldTree: delete_jump_seqpos: renumbering jump 8013 to 934
core.kinematics.FoldTree: delete_jump_seqpos: deleting jump 935
core.kinematics.FoldTree: delete_jump_seqpos: renumbering jump 8012 to 935
core.kinematics.FoldTree: delete_jump_seqpos: deleting jump 936
core.kinematics.FoldTree: delete_jump_seqpos: renumbering jump 8011 to 936
core.kinematics.FoldTree: delete_jump_seqpos: deleting jump 937
core.kinematics.FoldTree: delete_jump_seqpos: renumbering jump 8010 to 937
core.kinematics.FoldTree: delete_jump_seqpos: deleting jump 938
core.kinematics.FoldTree: delete_jump_seqpos: renumbering jump 8009 to 938
core.kinematics.FoldTree: delete_jump_seqpos: deleting jump 939
core.kinematics.FoldTree: delete_jump_seqpos: renumbering jump 8008 to 939
core.kinematics.FoldTree: delete_jump_seqpos: deleting jump 940
core.kinematics.FoldTree: delete_jump_seqpos: renumbering jump 8007 to 940
core.kinematics.FoldTree: delete_jump_seqpos: deleting jump 941
core.kinematics.FoldTree: delete_jump_seqpos: renumbering jump 8006 to 941
core.kinematics.FoldTree: delete_jump_seqpos: deleting jump 942
core.kinematics.FoldTree: delete_jump_seqpos: renumbering jump 8005 to 942
core.kinematics.FoldTree: delete_jump_seqpos: deleting jump 943
core.kinematics.FoldTree: delete_jump_seqpos: renumbering jump 8004 to 943
core.kinematics.FoldTree: delete_jump_seqpos: deleting jump 944
core.kinematics.FoldTree: delete_jump_seqpos: renumbering jump 8003 to 944
core.kinematics.FoldTree: delete_jump_seqpos: deleting jump 945
core.kinematics.FoldTree: delete_jump_seqpos: renumbering jump 8002 to 945
core.kinematics.FoldTree: delete_jump_seqpos: deleting jump 946
core.kinematics.FoldTree: delete_jump_seqpos: renumbering jump 8001 to 946
core.kinematics.FoldTree: delete_jump_seqpos: deleting jump 947
core.kinematics.FoldTree: delete_jump_seqpos: renumbering jump 8000 to 947
core.kinematics.FoldTree: delete_jump_seqpos: deleting jump 948
core.kinematics.FoldTree: delete_jump_seqpos: renumbering jump 7999 to 948
core.kinematics.FoldTree: delete_jump_seqpos: deleting jump 949
core.kinematics.FoldTree: delete_jump_seqpos: renumbering jump 7998 to 949
core.kinematics.FoldTree: delete_jump_seqpos: deleting jump 950
core.kinematics.FoldTree: delete_jump_seqpos: renumbering jump 7997 to 950
core.kinematics.FoldTree: delete_jump_seqpos: deleting jump 951
core.kinematics.FoldTree: delete_jump_seqpos: renumbering jump 7996 to 951
core.kinematics.FoldTree: delete_jump_seqpos: deleting jump 952
core.kinematics.FoldTree: delete_jump_seqpos: renumbering jump 7995 to 952
core.kinematics.FoldTree: delete_jump_seqpos: deleting jump 953
core.kinematics.FoldTree: delete_jump_seqpos: renumbering jump 7994 to 953
core.kinematics.FoldTree: delete_jump_seqpos: deleting jump 954
core.kinematics.FoldTree: delete_jump_seqpos: renumbering jump 7993 to 954
core.kinematics.FoldTree: delete_jump_seqpos: deleting jump 955
core.kinematics.FoldTree: delete_jump_seqpos: renumbering jump 7992 to 955
core.kinematics.FoldTree: delete_jump_seqpos: deleting jump 956
core.kinematics.FoldTree: delete_jump_seqpos: renumbering jump 7991 to 956
core.kinematics.FoldTree: delete_jump_seqpos: deleting jump 957
core.kinematics.FoldTree: delete_jump_seqpos: renumbering jump 7990 to 957
core.kinematics.FoldTree: delete_jump_seqpos: deleting jump 958
core.kinematics.FoldTree: delete_jump_seqpos: renumbering jump 7989 to 958
core.kinematics.FoldTree: delete_jump_seqpos: deleting jump 959
core.kinematics.FoldTree: delete_jump_seqpos: renumbering jump 7988 to 959
core.kinematics.FoldTree: delete_jump_seqpos: deleting jump 960
core.kinematics.FoldTree: delete_jump_seqpos: renumbering jump 7987 to 960
core.kinematics.FoldTree: delete_jump_seqpos: deleting jump 961
core.kinematics.FoldTree: delete_jump_seqpos: renumbering jump 7986 to 961
core.kinematics.FoldTree: delete_jump_seqpos: deleting jump 962
core.kinematics.FoldTree: delete_jump_seqpos: renumbering jump 7985 to 962
core.kinematics.FoldTree: delete_jump_seqpos: deleting jump 963
core.kinematics.FoldTree: delete_jump_seqpos: renumbering jump 7984 to 963
core.kinematics.FoldTree: delete_jump_seqpos: deleting jump 964
core.kinematics.FoldTree: delete_jump_seqpos: renumbering jump 7983 to 964
core.kinematics.FoldTree: delete_jump_seqpos: deleting jump 965
core.kinematics.FoldTree: delete_jump_seqpos: renumbering jump 7982 to 965
core.kinematics.FoldTree: delete_jump_seqpos: deleting jump 966
core.kinematics.FoldTree: delete_jump_seqpos: renumbering jump 7981 to 966
core.kinematics.FoldTree: delete_jump_seqpos: deleting jump 967
core.kinematics.FoldTree: delete_jump_seqpos: renumbering jump 7980 to 967
core.kinematics.FoldTree: delete_jump_seqpos: deleting jump 968
core.kinematics.FoldTree: delete_jump_seqpos: renumbering jump 7979 to 968
core.kinematics.FoldTree: delete_jump_seqpos: deleting jump 969
core.kinematics.FoldTree: delete_jump_seqpos: renumbering jump 7978 to 969
core.kinematics.FoldTree: delete_jump_seqpos: deleting jump 970
core.kinematics.FoldTree: delete_jump_seqpos: renumbering jump 7977 to 970
core.kinematics.FoldTree: delete_jump_seqpos: deleting jump 971
core.kinematics.FoldTree: delete_jump_seqpos: renumbering jump 7976 to 971
core.kinematics.FoldTree: delete_jump_seqpos: deleting jump 972
core.kinematics.FoldTree: delete_jump_seqpos: renumbering jump 7975 to 972
core.kinematics.FoldTree: delete_jump_seqpos: deleting jump 973
core.kinematics.FoldTree: delete_jump_seqpos: renumbering jump 7974 to 973
core.kinematics.FoldTree: delete_jump_seqpos: deleting jump 974
core.kinematics.FoldTree: delete_jump_seqpos: renumbering jump 7973 to 974
core.kinematics.FoldTree: delete_jump_seqpos: deleting jump 975
core.kinematics.FoldTree: delete_jump_seqpos: renumbering jump 7972 to 975
core.kinematics.FoldTree: delete_jump_seqpos: deleting jump 976
core.kinematics.FoldTree: delete_jump_seqpos: renumbering jump 7971 to 976
core.kinematics.FoldTree: delete_jump_seqpos: deleting jump 977
core.kinematics.FoldTree: delete_jump_seqpos: renumbering jump 7970 to 977
core.kinematics.FoldTree: delete_jump_seqpos: deleting jump 978
core.kinematics.FoldTree: delete_jump_seqpos: renumbering jump 7969 to 978
core.kinematics.FoldTree: delete_jump_seqpos: deleting jump 979
core.kinematics.FoldTree: delete_jump_seqpos: renumbering jump 7968 to 979
core.kinematics.FoldTree: delete_jump_seqpos: deleting jump 980
core.kinematics.FoldTree: delete_jump_seqpos: renumbering jump 7967 to 980
core.kinematics.FoldTree: delete_jump_seqpos: deleting jump 981
core.kinematics.FoldTree: delete_jump_seqpos: renumbering jump 7966 to 981
core.kinematics.FoldTree: delete_jump_seqpos: deleting jump 982
core.kinematics.FoldTree: delete_jump_seqpos: renumbering jump 7965 to 982
core.kinematics.FoldTree: delete_jump_seqpos: deleting jump 983
core.kinematics.FoldTree: delete_jump_seqpos: renumbering jump 7964 to 983
core.kinematics.FoldTree: delete_jump_seqpos: deleting jump 984
core.kinematics.FoldTree: delete_jump_seqpos: renumbering jump 7963 to 984
core.kinematics.FoldTree: delete_jump_seqpos: deleting jump 985
core.kinematics.FoldTree: delete_jump_seqpos: renumbering jump 7962 to 985
core.kinematics.FoldTree: delete_jump_seqpos: deleting jump 986
core.kinematics.FoldTree: delete_jump_seqpos: renumbering jump 7961 to 986
core.kinematics.FoldTree: delete_jump_seqpos: deleting jump 987
core.kinematics.FoldTree: delete_jump_seqpos: renumbering jump 7960 to 987
core.kinematics.FoldTree: delete_jump_seqpos: deleting jump 988
core.kinematics.FoldTree: delete_jump_seqpos: renumbering jump 7959 to 988
core.kinematics.FoldTree: delete_jump_seqpos: deleting jump 989
core.kinematics.FoldTree: delete_jump_seqpos: renumbering jump 7958 to 989
core.kinematics.FoldTree: delete_jump_seqpos: deleting jump 990
core.kinematics.FoldTree: delete_jump_seqpos: renumbering jump 7957 to 990
core.kinematics.FoldTree: delete_jump_seqpos: deleting jump 991
core.kinematics.FoldTree: delete_jump_seqpos: renumbering jump 7956 to 991
core.kinematics.FoldTree: delete_jump_seqpos: deleting jump 992
core.kinematics.FoldTree: delete_jump_seqpos: renumbering jump 7955 to 992
core.kinematics.FoldTree: delete_jump_seqpos: deleting jump 993
core.kinematics.FoldTree: delete_jump_seqpos: renumbering jump 7954 to 993
core.kinematics.FoldTree: delete_jump_seqpos: deleting jump 994
core.kinematics.FoldTree: delete_jump_seqpos: renumbering jump 7953 to 994
core.kinematics.FoldTree: delete_jump_seqpos: deleting jump 995
core.kinematics.FoldTree: delete_jump_seqpos: renumbering jump 7952 to 995
core.kinematics.FoldTree: delete_jump_seqpos: deleting jump 996
core.kinematics.FoldTree: delete_jump_seqpos: renumbering jump 7951 to 996
core.kinematics.FoldTree: delete_jump_seqpos: deleting jump 997
core.kinematics.FoldTree: delete_jump_seqpos: renumbering jump 7950 to 997
core.kinematics.FoldTree: delete_jump_seqpos: deleting jump 998
core.kinematics.FoldTree: delete_jump_seqpos: renumbering jump 7949 to 998
core.kinematics.FoldTree: delete_jump_seqpos: deleting jump 999
core.kinematics.FoldTree: delete_jump_seqpos: renumbering jump 7948 to 999
core.kinematics.FoldTree: delete_jump_seqpos: deleting jump 1000
core.kinematics.FoldTree: delete_jump_seqpos: renumbering jump 7947 to 1000
core.kinematics.FoldTree: delete_jump_seqpos: deleting jump 1001
core.kinematics.FoldTree: delete_jump_seqpos: renumbering jump 7946 to 1001
core.kinematics.FoldTree: delete_jump_seqpos: deleting jump 1002
core.kinematics.FoldTree: delete_jump_seqpos: renumbering jump 7945 to 1002
core.kinematics.FoldTree: delete_jump_seqpos: deleting jump 1003
core.kinematics.FoldTree: delete_jump_seqpos: renumbering jump 7944 to 1003
core.kinematics.FoldTree: delete_jump_seqpos: deleting jump 1004
core.kinematics.FoldTree: delete_jump_seqpos: renumbering jump 7943 to 1004
core.kinematics.FoldTree: delete_jump_seqpos: deleting jump 1005
core.kinematics.FoldTree: delete_jump_seqpos: renumbering jump 7942 to 1005
core.kinematics.FoldTree: delete_jump_seqpos: deleting jump 1006
core.kinematics.FoldTree: delete_jump_seqpos: renumbering jump 7941 to 1006
core.kinematics.FoldTree: delete_jump_seqpos: deleting jump 1007
core.kinematics.FoldTree: delete_jump_seqpos: renumbering jump 7940 to 1007
core.kinematics.FoldTree: delete_jump_seqpos: deleting jump 1008
core.kinematics.FoldTree: delete_jump_seqpos: renumbering jump 7939 to 1008
core.kinematics.FoldTree: delete_jump_seqpos: deleting jump 1009
core.kinematics.FoldTree: delete_jump_seqpos: renumbering jump 7938 to 1009
core.kinematics.FoldTree: delete_jump_seqpos: deleting jump 1010
core.kinematics.FoldTree: delete_jump_seqpos: renumbering jump 7937 to 1010
core.kinematics.FoldTree: delete_jump_seqpos: deleting jump 1011
core.kinematics.FoldTree: delete_jump_seqpos: renumbering jump 7936 to 1011
core.kinematics.FoldTree: delete_jump_seqpos: deleting jump 1012
core.kinematics.FoldTree: delete_jump_seqpos: renumbering jump 7935 to 1012
core.kinematics.FoldTree: delete_jump_seqpos: deleting jump 1013
core.kinematics.FoldTree: delete_jump_seqpos: renumbering jump 7934 to 1013
core.kinematics.FoldTree: delete_jump_seqpos: deleting jump 1014
core.kinematics.FoldTree: delete_jump_seqpos: renumbering jump 7933 to 1014
core.kinematics.FoldTree: delete_jump_seqpos: deleting jump 1015
core.kinematics.FoldTree: delete_jump_seqpos: renumbering jump 7932 to 1015
core.kinematics.FoldTree: delete_jump_seqpos: deleting jump 1016
core.kinematics.FoldTree: delete_jump_seqpos: renumbering jump 7931 to 1016
core.kinematics.FoldTree: delete_jump_seqpos: deleting jump 1017
core.kinematics.FoldTree: delete_jump_seqpos: renumbering jump 7930 to 1017
core.kinematics.FoldTree: delete_jump_seqpos: deleting jump 1018
core.kinematics.FoldTree: delete_jump_seqpos: renumbering jump 7929 to 1018
core.kinematics.FoldTree: delete_jump_seqpos: deleting jump 1019
core.kinematics.FoldTree: delete_jump_seqpos: renumbering jump 7928 to 1019
core.kinematics.FoldTree: delete_jump_seqpos: deleting jump 1020
core.kinematics.FoldTree: delete_jump_seqpos: renumbering jump 7927 to 1020
core.kinematics.FoldTree: delete_jump_seqpos: deleting jump 1021
core.kinematics.FoldTree: delete_jump_seqpos: renumbering jump 7926 to 1021
core.kinematics.FoldTree: delete_jump_seqpos: deleting jump 1022
core.kinematics.FoldTree: delete_jump_seqpos: renumbering jump 7925 to 1022
core.kinematics.FoldTree: delete_jump_seqpos: deleting jump 1023
core.kinematics.FoldTree: delete_jump_seqpos: renumbering jump 7924 to 1023
core.kinematics.FoldTree: delete_jump_seqpos: deleting jump 1024
core.kinematics.FoldTree: delete_jump_seqpos: renumbering jump 7923 to 1024
core.kinematics.FoldTree: delete_jump_seqpos: deleting jump 1025
core.kinematics.FoldTree: delete_jump_seqpos: renumbering jump 7922 to 1025
core.kinematics.FoldTree: delete_jump_seqpos: deleting jump 1026
core.kinematics.FoldTree: delete_jump_seqpos: renumbering jump 7921 to 1026
core.kinematics.FoldTree: delete_jump_seqpos: deleting jump 1027
core.kinematics.FoldTree: delete_jump_seqpos: renumbering jump 7920 to 1027
core.kinematics.FoldTree: delete_jump_seqpos: deleting jump 1028
core.kinematics.FoldTree: delete_jump_seqpos: renumbering jump 7919 to 1028
core.kinematics.FoldTree: delete_jump_seqpos: deleting jump 1029
core.kinematics.FoldTree: delete_jump_seqpos: renumbering jump 7918 to 1029
core.kinematics.FoldTree: delete_jump_seqpos: deleting jump 1030
core.kinematics.FoldTree: delete_jump_seqpos: renumbering jump 7917 to 1030
core.kinematics.FoldTree: delete_jump_seqpos: deleting jump 1031
core.kinematics.FoldTree: delete_jump_seqpos: renumbering jump 7916 to 1031
core.kinematics.FoldTree: delete_jump_seqpos: deleting jump 1032
core.kinematics.FoldTree: delete_jump_seqpos: renumbering jump 7915 to 1032
core.kinematics.FoldTree: delete_jump_seqpos: deleting jump 1033
core.kinematics.FoldTree: delete_jump_seqpos: renumbering jump 7914 to 1033
core.kinematics.FoldTree: delete_jump_seqpos: deleting jump 1034
core.kinematics.FoldTree: delete_jump_seqpos: renumbering jump 7913 to 1034
core.kinematics.FoldTree: delete_jump_seqpos: deleting jump 1035
core.kinematics.FoldTree: delete_jump_seqpos: renumbering jump 7912 to 1035
core.kinematics.FoldTree: delete_jump_seqpos: deleting jump 1036
core.kinematics.FoldTree: delete_jump_seqpos: renumbering jump 7911 to 1036
core.kinematics.FoldTree: delete_jump_seqpos: deleting jump 1037
core.kinematics.FoldTree: delete_jump_seqpos: renumbering jump 7910 to 1037
core.kinematics.FoldTree: delete_jump_seqpos: deleting jump 1038
core.kinematics.FoldTree: delete_jump_seqpos: renumbering jump 7909 to 1038
core.kinematics.FoldTree: delete_jump_seqpos: deleting jump 1039
core.kinematics.FoldTree: delete_jump_seqpos: renumbering jump 7908 to 1039
core.kinematics.FoldTree: delete_jump_seqpos: deleting jump 1040
core.kinematics.FoldTree: delete_jump_seqpos: renumbering jump 7907 to 1040
core.kinematics.FoldTree: delete_jump_seqpos: deleting jump 1041
core.kinematics.FoldTree: delete_jump_seqpos: renumbering jump 7906 to 1041
core.kinematics.FoldTree: delete_jump_seqpos: deleting jump 1042
core.kinematics.FoldTree: delete_jump_seqpos: renumbering jump 7905 to 1042
core.kinematics.FoldTree: delete_jump_seqpos: deleting jump 1043
core.kinematics.FoldTree: delete_jump_seqpos: renumbering jump 7904 to 1043
core.kinematics.FoldTree: delete_jump_seqpos: deleting jump 1044
core.kinematics.FoldTree: delete_jump_seqpos: renumbering jump 7903 to 1044
core.kinematics.FoldTree: delete_jump_seqpos: deleting jump 1045
core.kinematics.FoldTree: delete_jump_seqpos: renumbering jump 7902 to 1045
core.kinematics.FoldTree: delete_jump_seqpos: deleting jump 1046
core.kinematics.FoldTree: delete_jump_seqpos: renumbering jump 7901 to 1046
core.kinematics.FoldTree: delete_jump_seqpos: deleting jump 1047
core.kinematics.FoldTree: delete_jump_seqpos: renumbering jump 7900 to 1047
core.kinematics.FoldTree: delete_jump_seqpos: deleting jump 1048
core.kinematics.FoldTree: delete_jump_seqpos: renumbering jump 7899 to 1048
core.kinematics.FoldTree: delete_jump_seqpos: deleting jump 1049
core.kinematics.FoldTree: delete_jump_seqpos: renumbering jump 7898 to 1049
core.kinematics.FoldTree: delete_jump_seqpos: deleting jump 1050
core.kinematics.FoldTree: delete_jump_seqpos: renumbering jump 7897 to 1050
core.kinematics.FoldTree: delete_jump_seqpos: deleting jump 1051
core.kinematics.FoldTree: delete_jump_seqpos: renumbering jump 7896 to 1051
core.kinematics.FoldTree: delete_jump_seqpos: deleting jump 1052
core.kinematics.FoldTree: delete_jump_seqpos: renumbering jump 7895 to 1052
core.kinematics.FoldTree: delete_jump_seqpos: deleting jump 1053
core.kinematics.FoldTree: delete_jump_seqpos: renumbering jump 7894 to 1053
core.kinematics.FoldTree: delete_jump_seqpos: deleting jump 1054
core.kinematics.FoldTree: delete_jump_seqpos: renumbering jump 7893 to 1054
core.kinematics.FoldTree: delete_jump_seqpos: deleting jump 1055
core.kinematics.FoldTree: delete_jump_seqpos: renumbering jump 7892 to 1055
core.kinematics.FoldTree: delete_jump_seqpos: deleting jump 1056
core.kinematics.FoldTree: delete_jump_seqpos: renumbering jump 7891 to 1056
core.kinematics.FoldTree: delete_jump_seqpos: deleting jump 1057
core.kinematics.FoldTree: delete_jump_seqpos: renumbering jump 7890 to 1057
core.kinematics.FoldTree: delete_jump_seqpos: deleting jump 1058
core.kinematics.FoldTree: delete_jump_seqpos: renumbering jump 7889 to 1058
core.kinematics.FoldTree: delete_jump_seqpos: deleting jump 1059
core.kinematics.FoldTree: delete_jump_seqpos: renumbering jump 7888 to 1059
core.kinematics.FoldTree: delete_jump_seqpos: deleting jump 1060
core.kinematics.FoldTree: delete_jump_seqpos: renumbering jump 7887 to 1060
core.kinematics.FoldTree: delete_jump_seqpos: deleting jump 1061
core.kinematics.FoldTree: delete_jump_seqpos: renumbering jump 7886 to 1061
core.kinematics.FoldTree: delete_jump_seqpos: deleting jump 1062
core.kinematics.FoldTree: delete_jump_seqpos: renumbering jump 7885 to 1062
core.kinematics.FoldTree: delete_jump_seqpos: deleting jump 1063
core.kinematics.FoldTree: delete_jump_seqpos: renumbering jump 7884 to 1063
core.kinematics.FoldTree: delete_jump_seqpos: deleting jump 1064
core.kinematics.FoldTree: delete_jump_seqpos: renumbering jump 7883 to 1064
core.kinematics.FoldTree: delete_jump_seqpos: deleting jump 1065
core.kinematics.FoldTree: delete_jump_seqpos: renumbering jump 7882 to 1065
core.kinematics.FoldTree: delete_jump_seqpos: deleting jump 1066
core.kinematics.FoldTree: delete_jump_seqpos: renumbering jump 7881 to 1066
core.kinematics.FoldTree: delete_jump_seqpos: deleting jump 1067
core.kinematics.FoldTree: delete_jump_seqpos: renumbering jump 7880 to 1067
core.kinematics.FoldTree: delete_jump_seqpos: deleting jump 1068
core.kinematics.FoldTree: delete_jump_seqpos: renumbering jump 7879 to 1068
core.kinematics.FoldTree: delete_jump_seqpos: deleting jump 1069
core.kinematics.FoldTree: delete_jump_seqpos: renumbering jump 7878 to 1069
core.kinematics.FoldTree: delete_jump_seqpos: deleting jump 1070
core.kinematics.FoldTree: delete_jump_seqpos: renumbering jump 7877 to 1070
core.kinematics.FoldTree: delete_jump_seqpos: deleting jump 1071
core.kinematics.FoldTree: delete_jump_seqpos: renumbering jump 7876 to 1071
core.kinematics.FoldTree: delete_jump_seqpos: deleting jump 1072
core.kinematics.FoldTree: delete_jump_seqpos: renumbering jump 7875 to 1072
core.kinematics.FoldTree: delete_jump_seqpos: deleting jump 1073
core.kinematics.FoldTree: delete_jump_seqpos: renumbering jump 7874 to 1073
core.kinematics.FoldTree: delete_jump_seqpos: deleting jump 1074
core.kinematics.FoldTree: delete_jump_seqpos: renumbering jump 7873 to 1074
core.kinematics.FoldTree: delete_jump_seqpos: deleting jump 1075
core.kinematics.FoldTree: delete_jump_seqpos: renumbering jump 7872 to 1075
core.kinematics.FoldTree: delete_jump_seqpos: deleting jump 1076
core.kinematics.FoldTree: delete_jump_seqpos: renumbering jump 7871 to 1076
core.kinematics.FoldTree: delete_jump_seqpos: deleting jump 1077
core.kinematics.FoldTree: delete_jump_seqpos: renumbering jump 7870 to 1077
core.kinematics.FoldTree: delete_jump_seqpos: deleting jump 1078
core.kinematics.FoldTree: delete_jump_seqpos: renumbering jump 7869 to 1078
core.kinematics.FoldTree: delete_jump_seqpos: deleting jump 1079
core.kinematics.FoldTree: delete_jump_seqpos: renumbering jump 7868 to 1079
core.kinematics.FoldTree: delete_jump_seqpos: deleting jump 1080
core.kinematics.FoldTree: delete_jump_seqpos: renumbering jump 7867 to 1080
core.kinematics.FoldTree: delete_jump_seqpos: deleting jump 1081
core.kinematics.FoldTree: delete_jump_seqpos: renumbering jump 7866 to 1081
core.kinematics.FoldTree: delete_jump_seqpos: deleting jump 1082
core.kinematics.FoldTree: delete_jump_seqpos: renumbering jump 7865 to 1082
core.kinematics.FoldTree: delete_jump_seqpos: deleting jump 1083
core.kinematics.FoldTree: delete_jump_seqpos: renumbering jump 7864 to 1083
core.kinematics.FoldTree: delete_jump_seqpos: deleting jump 1084
core.kinematics.FoldTree: delete_jump_seqpos: renumbering jump 7863 to 1084
core.kinematics.FoldTree: delete_jump_seqpos: deleting jump 1085
core.kinematics.FoldTree: delete_jump_seqpos: renumbering jump 7862 to 1085
core.kinematics.FoldTree: delete_jump_seqpos: deleting jump 1086
core.kinematics.FoldTree: delete_jump_seqpos: renumbering jump 7861 to 1086
core.kinematics.FoldTree: delete_jump_seqpos: deleting jump 1087
core.kinematics.FoldTree: delete_jump_seqpos: renumbering jump 7860 to 1087
core.kinematics.FoldTree: delete_jump_seqpos: deleting jump 1088
core.kinematics.FoldTree: delete_jump_seqpos: renumbering jump 7859 to 1088
core.kinematics.FoldTree: delete_jump_seqpos: deleting jump 1089
core.kinematics.FoldTree: delete_jump_seqpos: renumbering jump 7858 to 1089
core.kinematics.FoldTree: delete_jump_seqpos: deleting jump 1090
core.kinematics.FoldTree: delete_jump_seqpos: renumbering jump 7857 to 1090
core.kinematics.FoldTree: delete_jump_seqpos: deleting jump 1091
core.kinematics.FoldTree: delete_jump_seqpos: renumbering jump 7856 to 1091
core.kinematics.FoldTree: delete_jump_seqpos: deleting jump 1092
core.kinematics.FoldTree: delete_jump_seqpos: renumbering jump 7855 to 1092
core.kinematics.FoldTree: delete_jump_seqpos: deleting jump 1093
core.kinematics.FoldTree: delete_jump_seqpos: renumbering jump 7854 to 1093
core.kinematics.FoldTree: delete_jump_seqpos: deleting jump 1094
core.kinematics.FoldTree: delete_jump_seqpos: renumbering jump 7853 to 1094
core.kinematics.FoldTree: delete_jump_seqpos: deleting jump 1095
core.kinematics.FoldTree: delete_jump_seqpos: renumbering jump 7852 to 1095
core.kinematics.FoldTree: delete_jump_seqpos: deleting jump 1096
core.kinematics.FoldTree: delete_jump_seqpos: renumbering jump 7851 to 1096
core.kinematics.FoldTree: delete_jump_seqpos: deleting jump 1097
core.kinematics.FoldTree: delete_jump_seqpos: renumbering jump 7850 to 1097
core.kinematics.FoldTree: delete_jump_seqpos: deleting jump 1098
core.kinematics.FoldTree: delete_jump_seqpos: renumbering jump 7849 to 1098
core.kinematics.FoldTree: delete_jump_seqpos: deleting jump 1099
core.kinematics.FoldTree: delete_jump_seqpos: renumbering jump 7848 to 1099
core.kinematics.FoldTree: delete_jump_seqpos: deleting jump 1100
core.kinematics.FoldTree: delete_jump_seqpos: renumbering jump 7847 to 1100
core.kinematics.FoldTree: delete_jump_seqpos: deleting jump 1101
core.kinematics.FoldTree: delete_jump_seqpos: renumbering jump 7846 to 1101
core.kinematics.FoldTree: delete_jump_seqpos: deleting jump 1102
core.kinematics.FoldTree: delete_jump_seqpos: renumbering jump 7845 to 1102
core.kinematics.FoldTree: delete_jump_seqpos: deleting jump 1103
core.kinematics.FoldTree: delete_jump_seqpos: renumbering jump 7844 to 1103
core.kinematics.FoldTree: delete_jump_seqpos: deleting jump 1104
core.kinematics.FoldTree: delete_jump_seqpos: renumbering jump 7843 to 1104
core.kinematics.FoldTree: delete_jump_seqpos: deleting jump 1105
core.kinematics.FoldTree: delete_jump_seqpos: renumbering jump 7842 to 1105
core.kinematics.FoldTree: delete_jump_seqpos: deleting jump 1106
core.kinematics.FoldTree: delete_jump_seqpos: renumbering jump 7841 to 1106
core.kinematics.FoldTree: delete_jump_seqpos: deleting jump 1107
core.kinematics.FoldTree: delete_jump_seqpos: renumbering jump 7840 to 1107
core.kinematics.FoldTree: delete_jump_seqpos: deleting jump 1108
core.kinematics.FoldTree: delete_jump_seqpos: renumbering jump 7839 to 1108
core.kinematics.FoldTree: delete_jump_seqpos: deleting jump 1109
core.kinematics.FoldTree: delete_jump_seqpos: renumbering jump 7838 to 1109
core.kinematics.FoldTree: delete_jump_seqpos: deleting jump 1110
core.kinematics.FoldTree: delete_jump_seqpos: renumbering jump 7837 to 1110
core.kinematics.FoldTree: delete_jump_seqpos: deleting jump 1111
core.kinematics.FoldTree: delete_jump_seqpos: renumbering jump 7836 to 1111
core.kinematics.FoldTree: delete_jump_seqpos: deleting jump 1112
core.kinematics.FoldTree: delete_jump_seqpos: renumbering jump 7835 to 1112
core.kinematics.FoldTree: delete_jump_seqpos: deleting jump 1113
core.kinematics.FoldTree: delete_jump_seqpos: renumbering jump 7834 to 1113
core.kinematics.FoldTree: delete_jump_seqpos: deleting jump 1114
core.kinematics.FoldTree: delete_jump_seqpos: renumbering jump 7833 to 1114
core.kinematics.FoldTree: delete_jump_seqpos: deleting jump 1115
core.kinematics.FoldTree: delete_jump_seqpos: renumbering jump 7832 to 1115
core.kinematics.FoldTree: delete_jump_seqpos: deleting jump 1116
core.kinematics.FoldTree: delete_jump_seqpos: renumbering jump 7831 to 1116
core.kinematics.FoldTree: delete_jump_seqpos: deleting jump 1117
core.kinematics.FoldTree: delete_jump_seqpos: renumbering jump 7830 to 1117
core.kinematics.FoldTree: delete_jump_seqpos: deleting jump 1118
core.kinematics.FoldTree: delete_jump_seqpos: renumbering jump 7829 to 1118
core.kinematics.FoldTree: delete_jump_seqpos: deleting jump 1119
core.kinematics.FoldTree: delete_jump_seqpos: renumbering jump 7828 to 1119
core.kinematics.FoldTree: delete_jump_seqpos: deleting jump 1120
core.kinematics.FoldTree: delete_jump_seqpos: renumbering jump 7827 to 1120
core.kinematics.FoldTree: delete_jump_seqpos: deleting jump 1121
core.kinematics.FoldTree: delete_jump_seqpos: renumbering jump 7826 to 1121
core.kinematics.FoldTree: delete_jump_seqpos: deleting jump 1122
core.kinematics.FoldTree: delete_jump_seqpos: renumbering jump 7825 to 1122
core.kinematics.FoldTree: delete_jump_seqpos: deleting jump 1123
core.kinematics.FoldTree: delete_jump_seqpos: renumbering jump 7824 to 1123
core.kinematics.FoldTree: delete_jump_seqpos: deleting jump 1124
core.kinematics.FoldTree: delete_jump_seqpos: renumbering jump 7823 to 1124
core.kinematics.FoldTree: delete_jump_seqpos: deleting jump 1125
core.kinematics.FoldTree: delete_jump_seqpos: renumbering jump 7822 to 1125
core.kinematics.FoldTree: delete_jump_seqpos: deleting jump 1126
core.kinematics.FoldTree: delete_jump_seqpos: renumbering jump 7821 to 1126
core.kinematics.FoldTree: delete_jump_seqpos: deleting jump 1127
core.kinematics.FoldTree: delete_jump_seqpos: renumbering jump 7820 to 1127
core.kinematics.FoldTree: delete_jump_seqpos: deleting jump 1128
core.kinematics.FoldTree: delete_jump_seqpos: renumbering jump 7819 to 1128
core.kinematics.FoldTree: delete_jump_seqpos: deleting jump 1129
core.kinematics.FoldTree: delete_jump_seqpos: renumbering jump 7818 to 1129
core.kinematics.FoldTree: delete_jump_seqpos: deleting jump 1130
core.kinematics.FoldTree: delete_jump_seqpos: renumbering jump 7817 to 1130
core.kinematics.FoldTree: delete_jump_seqpos: deleting jump 1131
core.kinematics.FoldTree: delete_jump_seqpos: renumbering jump 7816 to 1131
core.kinematics.FoldTree: delete_jump_seqpos: deleting jump 1132
core.kinematics.FoldTree: delete_jump_seqpos: renumbering jump 7815 to 1132
core.kinematics.FoldTree: delete_jump_seqpos: deleting jump 1133
core.kinematics.FoldTree: delete_jump_seqpos: renumbering jump 7814 to 1133
core.kinematics.FoldTree: delete_jump_seqpos: deleting jump 1134
core.kinematics.FoldTree: delete_jump_seqpos: renumbering jump 7813 to 1134
core.kinematics.FoldTree: delete_jump_seqpos: deleting jump 1135
core.kinematics.FoldTree: delete_jump_seqpos: renumbering jump 7812 to 1135
core.kinematics.FoldTree: delete_jump_seqpos: deleting jump 1136
core.kinematics.FoldTree: delete_jump_seqpos: renumbering jump 7811 to 1136
core.kinematics.FoldTree: delete_jump_seqpos: deleting jump 1137
core.kinematics.FoldTree: delete_jump_seqpos: renumbering jump 7810 to 1137
core.kinematics.FoldTree: delete_jump_seqpos: deleting jump 1138
core.kinematics.FoldTree: delete_jump_seqpos: renumbering jump 7809 to 1138
core.kinematics.FoldTree: delete_jump_seqpos: deleting jump 1139
core.kinematics.FoldTree: delete_jump_seqpos: renumbering jump 7808 to 1139
core.kinematics.FoldTree: delete_jump_seqpos: deleting jump 1140
core.kinematics.FoldTree: delete_jump_seqpos: renumbering jump 7807 to 1140
core.kinematics.FoldTree: delete_jump_seqpos: deleting jump 1141
core.kinematics.FoldTree: delete_jump_seqpos: renumbering jump 7806 to 1141
core.kinematics.FoldTree: delete_jump_seqpos: deleting jump 1142
core.kinematics.FoldTree: delete_jump_seqpos: renumbering jump 7805 to 1142
core.kinematics.FoldTree: delete_jump_seqpos: deleting jump 1143
core.kinematics.FoldTree: delete_jump_seqpos: renumbering jump 7804 to 1143
core.kinematics.FoldTree: delete_jump_seqpos: deleting jump 1144
core.kinematics.FoldTree: delete_jump_seqpos: renumbering jump 7803 to 1144
core.kinematics.FoldTree: delete_jump_seqpos: deleting jump 1145
core.kinematics.FoldTree: delete_jump_seqpos: renumbering jump 7802 to 1145
core.kinematics.FoldTree: delete_jump_seqpos: deleting jump 1146
core.kinematics.FoldTree: delete_jump_seqpos: renumbering jump 7801 to 1146
core.kinematics.FoldTree: delete_jump_seqpos: deleting jump 1147
core.kinematics.FoldTree: delete_jump_seqpos: renumbering jump 7800 to 1147
core.kinematics.FoldTree: delete_jump_seqpos: deleting jump 1148
core.kinematics.FoldTree: delete_jump_seqpos: renumbering jump 7799 to 1148
core.kinematics.FoldTree: delete_jump_seqpos: deleting jump 1149
core.kinematics.FoldTree: delete_jump_seqpos: renumbering jump 7798 to 1149
core.kinematics.FoldTree: delete_jump_seqpos: deleting jump 1150
core.kinematics.FoldTree: delete_jump_seqpos: renumbering jump 7797 to 1150
core.kinematics.FoldTree: delete_jump_seqpos: deleting jump 1151
core.kinematics.FoldTree: delete_jump_seqpos: renumbering jump 7796 to 1151
core.kinematics.FoldTree: delete_jump_seqpos: deleting jump 1152
core.kinematics.FoldTree: delete_jump_seqpos: renumbering jump 7795 to 1152
core.kinematics.FoldTree: delete_jump_seqpos: deleting jump 1153
core.kinematics.FoldTree: delete_jump_seqpos: renumbering jump 7794 to 1153
core.kinematics.FoldTree: delete_jump_seqpos: deleting jump 1154
core.kinematics.FoldTree: delete_jump_seqpos: renumbering jump 7793 to 1154
core.kinematics.FoldTree: delete_jump_seqpos: deleting jump 1155
core.kinematics.FoldTree: delete_jump_seqpos: renumbering jump 7792 to 1155
core.kinematics.FoldTree: delete_jump_seqpos: deleting jump 1156
core.kinematics.FoldTree: delete_jump_seqpos: renumbering jump 7791 to 1156
core.kinematics.FoldTree: delete_jump_seqpos: deleting jump 1157
core.kinematics.FoldTree: delete_jump_seqpos: renumbering jump 7790 to 1157
core.kinematics.FoldTree: delete_jump_seqpos: deleting jump 1158
core.kinematics.FoldTree: delete_jump_seqpos: renumbering jump 7789 to 1158
core.kinematics.FoldTree: delete_jump_seqpos: deleting jump 1159
core.kinematics.FoldTree: delete_jump_seqpos: renumbering jump 7788 to 1159
core.kinematics.FoldTree: delete_jump_seqpos: deleting jump 1160
core.kinematics.FoldTree: delete_jump_seqpos: renumbering jump 7787 to 1160
core.kinematics.FoldTree: delete_jump_seqpos: deleting jump 1161
core.kinematics.FoldTree: delete_jump_seqpos: renumbering jump 7786 to 1161
core.kinematics.FoldTree: delete_jump_seqpos: deleting jump 1162
core.kinematics.FoldTree: delete_jump_seqpos: renumbering jump 7785 to 1162
core.kinematics.FoldTree: delete_jump_seqpos: deleting jump 1163
core.kinematics.FoldTree: delete_jump_seqpos: renumbering jump 7784 to 1163
core.kinematics.FoldTree: delete_jump_seqpos: deleting jump 1164
core.kinematics.FoldTree: delete_jump_seqpos: renumbering jump 7783 to 1164
core.kinematics.FoldTree: delete_jump_seqpos: deleting jump 1165
core.kinematics.FoldTree: delete_jump_seqpos: renumbering jump 7782 to 1165
core.kinematics.FoldTree: delete_jump_seqpos: deleting jump 1166
core.kinematics.FoldTree: delete_jump_seqpos: renumbering jump 7781 to 1166
core.kinematics.FoldTree: delete_jump_seqpos: deleting jump 1167
core.kinematics.FoldTree: delete_jump_seqpos: renumbering jump 7780 to 1167
core.kinematics.FoldTree: delete_jump_seqpos: deleting jump 1168
core.kinematics.FoldTree: delete_jump_seqpos: renumbering jump 7779 to 1168
core.kinematics.FoldTree: delete_jump_seqpos: deleting jump 1169
core.kinematics.FoldTree: delete_jump_seqpos: renumbering jump 7778 to 1169
core.kinematics.FoldTree: delete_jump_seqpos: deleting jump 1170
core.kinematics.FoldTree: delete_jump_seqpos: renumbering jump 7777 to 1170
core.kinematics.FoldTree: delete_jump_seqpos: deleting jump 1171
core.kinematics.FoldTree: delete_jump_seqpos: renumbering jump 7776 to 1171
core.kinematics.FoldTree: delete_jump_seqpos: deleting jump 1172
core.kinematics.FoldTree: delete_jump_seqpos: renumbering jump 7775 to 1172
core.kinematics.FoldTree: delete_jump_seqpos: deleting jump 1173
core.kinematics.FoldTree: delete_jump_seqpos: renumbering jump 7774 to 1173
core.kinematics.FoldTree: delete_jump_seqpos: deleting jump 1174
core.kinematics.FoldTree: delete_jump_seqpos: renumbering jump 7773 to 1174
core.kinematics.FoldTree: delete_jump_seqpos: deleting jump 1175
core.kinematics.FoldTree: delete_jump_seqpos: renumbering jump 7772 to 1175
core.kinematics.FoldTree: delete_jump_seqpos: deleting jump 1176
core.kinematics.FoldTree: delete_jump_seqpos: renumbering jump 7771 to 1176
core.kinematics.FoldTree: delete_jump_seqpos: deleting jump 1177
core.kinematics.FoldTree: delete_jump_seqpos: renumbering jump 7770 to 1177
core.kinematics.FoldTree: delete_jump_seqpos: deleting jump 1178
core.kinematics.FoldTree: delete_jump_seqpos: renumbering jump 7769 to 1178
core.kinematics.FoldTree: delete_jump_seqpos: deleting jump 1179
core.kinematics.FoldTree: delete_jump_seqpos: renumbering jump 7768 to 1179
core.kinematics.FoldTree: delete_jump_seqpos: deleting jump 1180
core.kinematics.FoldTree: delete_jump_seqpos: renumbering jump 7767 to 1180
core.kinematics.FoldTree: delete_jump_seqpos: deleting jump 1181
core.kinematics.FoldTree: delete_jump_seqpos: renumbering jump 7766 to 1181
core.kinematics.FoldTree: delete_jump_seqpos: deleting jump 1182
core.kinematics.FoldTree: delete_jump_seqpos: renumbering jump 7765 to 1182
core.kinematics.FoldTree: delete_jump_seqpos: deleting jump 1183
core.kinematics.FoldTree: delete_jump_seqpos: renumbering jump 7764 to 1183
core.kinematics.FoldTree: delete_jump_seqpos: deleting jump 1184
core.kinematics.FoldTree: delete_jump_seqpos: renumbering jump 7763 to 1184
core.kinematics.FoldTree: delete_jump_seqpos: deleting jump 1185
core.kinematics.FoldTree: delete_jump_seqpos: renumbering jump 7762 to 1185
core.kinematics.FoldTree: delete_jump_seqpos: deleting jump 1186
core.kinematics.FoldTree: delete_jump_seqpos: renumbering jump 7761 to 1186
core.kinematics.FoldTree: delete_jump_seqpos: deleting jump 1187
core.kinematics.FoldTree: delete_jump_seqpos: renumbering jump 7760 to 1187
core.kinematics.FoldTree: delete_jump_seqpos: deleting jump 1188
core.kinematics.FoldTree: delete_jump_seqpos: renumbering jump 7759 to 1188
core.kinematics.FoldTree: delete_jump_seqpos: deleting jump 1189
core.kinematics.FoldTree: delete_jump_seqpos: renumbering jump 7758 to 1189
core.kinematics.FoldTree: delete_jump_seqpos: deleting jump 1190
core.kinematics.FoldTree: delete_jump_seqpos: renumbering jump 7757 to 1190
core.kinematics.FoldTree: delete_jump_seqpos: deleting jump 1191
core.kinematics.FoldTree: delete_jump_seqpos: renumbering jump 7756 to 1191
core.kinematics.FoldTree: delete_jump_seqpos: deleting jump 1192
core.kinematics.FoldTree: delete_jump_seqpos: renumbering jump 7755 to 1192
core.kinematics.FoldTree: delete_jump_seqpos: deleting jump 1193
core.kinematics.FoldTree: delete_jump_seqpos: renumbering jump 7754 to 1193
core.kinematics.FoldTree: delete_jump_seqpos: deleting jump 1194
core.kinematics.FoldTree: delete_jump_seqpos: renumbering jump 7753 to 1194
core.kinematics.FoldTree: delete_jump_seqpos: deleting jump 1195
core.kinematics.FoldTree: delete_jump_seqpos: renumbering jump 7752 to 1195
core.kinematics.FoldTree: delete_jump_seqpos: deleting jump 1196
core.kinematics.FoldTree: delete_jump_seqpos: renumbering jump 7751 to 1196
core.kinematics.FoldTree: delete_jump_seqpos: deleting jump 1197
core.kinematics.FoldTree: delete_jump_seqpos: renumbering jump 7750 to 1197
core.kinematics.FoldTree: delete_jump_seqpos: deleting jump 1198
core.kinematics.FoldTree: delete_jump_seqpos: renumbering jump 7749 to 1198
core.kinematics.FoldTree: delete_jump_seqpos: deleting jump 1199
core.kinematics.FoldTree: delete_jump_seqpos: renumbering jump 7748 to 1199
core.kinematics.FoldTree: delete_jump_seqpos: deleting jump 1200
core.kinematics.FoldTree: delete_jump_seqpos: renumbering jump 7747 to 1200
core.kinematics.FoldTree: delete_jump_seqpos: deleting jump 1201
core.kinematics.FoldTree: delete_jump_seqpos: renumbering jump 7746 to 1201
core.kinematics.FoldTree: delete_jump_seqpos: deleting jump 1202
core.kinematics.FoldTree: delete_jump_seqpos: renumbering jump 7745 to 1202
core.kinematics.FoldTree: delete_jump_seqpos: deleting jump 1203
core.kinematics.FoldTree: delete_jump_seqpos: renumbering jump 7744 to 1203
core.kinematics.FoldTree: delete_jump_seqpos: deleting jump 1204
core.kinematics.FoldTree: delete_jump_seqpos: renumbering jump 7743 to 1204
core.kinematics.FoldTree: delete_jump_seqpos: deleting jump 1205
core.kinematics.FoldTree: delete_jump_seqpos: renumbering jump 7742 to 1205
core.kinematics.FoldTree: delete_jump_seqpos: deleting jump 1206
core.kinematics.FoldTree: delete_jump_seqpos: renumbering jump 7741 to 1206
core.kinematics.FoldTree: delete_jump_seqpos: deleting jump 1207
core.kinematics.FoldTree: delete_jump_seqpos: renumbering jump 7740 to 1207
core.kinematics.FoldTree: delete_jump_seqpos: deleting jump 1208
core.kinematics.FoldTree: delete_jump_seqpos: renumbering jump 7739 to 1208
core.kinematics.FoldTree: delete_jump_seqpos: deleting jump 1209
core.kinematics.FoldTree: delete_jump_seqpos: renumbering jump 7738 to 1209
core.kinematics.FoldTree: delete_jump_seqpos: deleting jump 1210
core.kinematics.FoldTree: delete_jump_seqpos: renumbering jump 7737 to 1210
core.kinematics.FoldTree: delete_jump_seqpos: deleting jump 1211
core.kinematics.FoldTree: delete_jump_seqpos: renumbering jump 7736 to 1211
core.kinematics.FoldTree: delete_jump_seqpos: deleting jump 1212
core.kinematics.FoldTree: delete_jump_seqpos: renumbering jump 7735 to 1212
core.kinematics.FoldTree: delete_jump_seqpos: deleting jump 1213
core.kinematics.FoldTree: delete_jump_seqpos: renumbering jump 7734 to 1213
core.kinematics.FoldTree: delete_jump_seqpos: deleting jump 1214
core.kinematics.FoldTree: delete_jump_seqpos: renumbering jump 7733 to 1214
core.kinematics.FoldTree: delete_jump_seqpos: deleting jump 1215
core.kinematics.FoldTree: delete_jump_seqpos: renumbering jump 7732 to 1215
core.kinematics.FoldTree: delete_jump_seqpos: deleting jump 1216
core.kinematics.FoldTree: delete_jump_seqpos: renumbering jump 7731 to 1216
core.kinematics.FoldTree: delete_jump_seqpos: deleting jump 1217
core.kinematics.FoldTree: delete_jump_seqpos: renumbering jump 7730 to 1217
core.kinematics.FoldTree: delete_jump_seqpos: deleting jump 1218
core.kinematics.FoldTree: delete_jump_seqpos: renumbering jump 7729 to 1218
core.kinematics.FoldTree: delete_jump_seqpos: deleting jump 1219
core.kinematics.FoldTree: delete_jump_seqpos: renumbering jump 7728 to 1219
core.kinematics.FoldTree: delete_jump_seqpos: deleting jump 1220
core.kinematics.FoldTree: delete_jump_seqpos: renumbering jump 7727 to 1220
core.kinematics.FoldTree: delete_jump_seqpos: deleting jump 1221
core.kinematics.FoldTree: delete_jump_seqpos: renumbering jump 7726 to 1221
core.kinematics.FoldTree: delete_jump_seqpos: deleting jump 1222
core.kinematics.FoldTree: delete_jump_seqpos: renumbering jump 7725 to 1222
core.kinematics.FoldTree: delete_jump_seqpos: deleting jump 1223
core.kinematics.FoldTree: delete_jump_seqpos: renumbering jump 7724 to 1223
core.kinematics.FoldTree: delete_jump_seqpos: deleting jump 1224
core.kinematics.FoldTree: delete_jump_seqpos: renumbering jump 7723 to 1224
core.kinematics.FoldTree: delete_jump_seqpos: deleting jump 1225
core.kinematics.FoldTree: delete_jump_seqpos: renumbering jump 7722 to 1225
core.kinematics.FoldTree: delete_jump_seqpos: deleting jump 1226
core.kinematics.FoldTree: delete_jump_seqpos: renumbering jump 7721 to 1226
core.kinematics.FoldTree: delete_jump_seqpos: deleting jump 1227
core.kinematics.FoldTree: delete_jump_seqpos: renumbering jump 7720 to 1227
core.kinematics.FoldTree: delete_jump_seqpos: deleting jump 1228
core.kinematics.FoldTree: delete_jump_seqpos: renumbering jump 7719 to 1228
core.kinematics.FoldTree: delete_jump_seqpos: deleting jump 1229
core.kinematics.FoldTree: delete_jump_seqpos: renumbering jump 7718 to 1229
core.kinematics.FoldTree: delete_jump_seqpos: deleting jump 1230
core.kinematics.FoldTree: delete_jump_seqpos: renumbering jump 7717 to 1230
core.kinematics.FoldTree: delete_jump_seqpos: deleting jump 1231
core.kinematics.FoldTree: delete_jump_seqpos: renumbering jump 7716 to 1231
core.kinematics.FoldTree: delete_jump_seqpos: deleting jump 1232
core.kinematics.FoldTree: delete_jump_seqpos: renumbering jump 7715 to 1232
core.kinematics.FoldTree: delete_jump_seqpos: deleting jump 1233
core.kinematics.FoldTree: delete_jump_seqpos: renumbering jump 7714 to 1233
core.kinematics.FoldTree: delete_jump_seqpos: deleting jump 1234
core.kinematics.FoldTree: delete_jump_seqpos: renumbering jump 7713 to 1234
core.kinematics.FoldTree: delete_jump_seqpos: deleting jump 1235
core.kinematics.FoldTree: delete_jump_seqpos: renumbering jump 7712 to 1235
core.kinematics.FoldTree: delete_jump_seqpos: deleting jump 1236
core.kinematics.FoldTree: delete_jump_seqpos: renumbering jump 7711 to 1236
core.kinematics.FoldTree: delete_jump_seqpos: deleting jump 1237
core.kinematics.FoldTree: delete_jump_seqpos: renumbering jump 7710 to 1237
core.kinematics.FoldTree: delete_jump_seqpos: deleting jump 1238
core.kinematics.FoldTree: delete_jump_seqpos: renumbering jump 7709 to 1238
core.kinematics.FoldTree: delete_jump_seqpos: deleting jump 1239
core.kinematics.FoldTree: delete_jump_seqpos: renumbering jump 7708 to 1239
core.kinematics.FoldTree: delete_jump_seqpos: deleting jump 1240
core.kinematics.FoldTree: delete_jump_seqpos: renumbering jump 7707 to 1240
core.kinematics.FoldTree: delete_jump_seqpos: deleting jump 1241
core.kinematics.FoldTree: delete_jump_seqpos: renumbering jump 7706 to 1241
core.kinematics.FoldTree: delete_jump_seqpos: deleting jump 1242
core.kinematics.FoldTree: delete_jump_seqpos: renumbering jump 7705 to 1242
core.kinematics.FoldTree: delete_jump_seqpos: deleting jump 1243
core.kinematics.FoldTree: delete_jump_seqpos: renumbering jump 7704 to 1243
core.kinematics.FoldTree: delete_jump_seqpos: deleting jump 1244
core.kinematics.FoldTree: delete_jump_seqpos: renumbering jump 7703 to 1244
core.kinematics.FoldTree: delete_jump_seqpos: deleting jump 1245
core.kinematics.FoldTree: delete_jump_seqpos: renumbering jump 7702 to 1245
core.kinematics.FoldTree: delete_jump_seqpos: deleting jump 1246
core.kinematics.FoldTree: delete_jump_seqpos: renumbering jump 7701 to 1246
core.kinematics.FoldTree: delete_jump_seqpos: deleting jump 1247
core.kinematics.FoldTree: delete_jump_seqpos: renumbering jump 7700 to 1247
core.kinematics.FoldTree: delete_jump_seqpos: deleting jump 1248
core.kinematics.FoldTree: delete_jump_seqpos: renumbering jump 7699 to 1248
core.kinematics.FoldTree: delete_jump_seqpos: deleting jump 1249
core.kinematics.FoldTree: delete_jump_seqpos: renumbering jump 7698 to 1249
core.kinematics.FoldTree: delete_jump_seqpos: deleting jump 1250
core.kinematics.FoldTree: delete_jump_seqpos: renumbering jump 7697 to 1250
core.kinematics.FoldTree: delete_jump_seqpos: deleting jump 1251
core.kinematics.FoldTree: delete_jump_seqpos: renumbering jump 7696 to 1251
core.kinematics.FoldTree: delete_jump_seqpos: deleting jump 1252
core.kinematics.FoldTree: delete_jump_seqpos: renumbering jump 7695 to 1252
core.kinematics.FoldTree: delete_jump_seqpos: deleting jump 1253
core.kinematics.FoldTree: delete_jump_seqpos: renumbering jump 7694 to 1253
core.kinematics.FoldTree: delete_jump_seqpos: deleting jump 1254
core.kinematics.FoldTree: delete_jump_seqpos: renumbering jump 7693 to 1254
core.kinematics.FoldTree: delete_jump_seqpos: deleting jump 1255
core.kinematics.FoldTree: delete_jump_seqpos: renumbering jump 7692 to 1255
core.kinematics.FoldTree: delete_jump_seqpos: deleting jump 1256
core.kinematics.FoldTree: delete_jump_seqpos: renumbering jump 7691 to 1256
core.kinematics.FoldTree: delete_jump_seqpos: deleting jump 1257
core.kinematics.FoldTree: delete_jump_seqpos: renumbering jump 7690 to 1257
core.kinematics.FoldTree: delete_jump_seqpos: deleting jump 1258
core.kinematics.FoldTree: delete_jump_seqpos: renumbering jump 7689 to 1258
core.kinematics.FoldTree: delete_jump_seqpos: deleting jump 1259
core.kinematics.FoldTree: delete_jump_seqpos: renumbering jump 7688 to 1259
core.kinematics.FoldTree: delete_jump_seqpos: deleting jump 1260
core.kinematics.FoldTree: delete_jump_seqpos: renumbering jump 7687 to 1260
core.kinematics.FoldTree: delete_jump_seqpos: deleting jump 1261
core.kinematics.FoldTree: delete_jump_seqpos: renumbering jump 7686 to 1261
core.kinematics.FoldTree: delete_jump_seqpos: deleting jump 1262
core.kinematics.FoldTree: delete_jump_seqpos: renumbering jump 7685 to 1262
core.kinematics.FoldTree: delete_jump_seqpos: deleting jump 1263
core.kinematics.FoldTree: delete_jump_seqpos: renumbering jump 7684 to 1263
core.kinematics.FoldTree: delete_jump_seqpos: deleting jump 1264
core.kinematics.FoldTree: delete_jump_seqpos: renumbering jump 7683 to 1264
core.kinematics.FoldTree: delete_jump_seqpos: deleting jump 1265
core.kinematics.FoldTree: delete_jump_seqpos: renumbering jump 7682 to 1265
core.kinematics.FoldTree: delete_jump_seqpos: deleting jump 1266
core.kinematics.FoldTree: delete_jump_seqpos: renumbering jump 7681 to 1266
core.kinematics.FoldTree: delete_jump_seqpos: deleting jump 1267
core.kinematics.FoldTree: delete_jump_seqpos: renumbering jump 7680 to 1267
core.kinematics.FoldTree: delete_jump_seqpos: deleting jump 1268
core.kinematics.FoldTree: delete_jump_seqpos: renumbering jump 7679 to 1268
core.kinematics.FoldTree: delete_jump_seqpos: deleting jump 1269
core.kinematics.FoldTree: delete_jump_seqpos: renumbering jump 7678 to 1269
core.kinematics.FoldTree: delete_jump_seqpos: deleting jump 1270
core.kinematics.FoldTree: delete_jump_seqpos: renumbering jump 7677 to 1270
core.kinematics.FoldTree: delete_jump_seqpos: deleting jump 1271
core.kinematics.FoldTree: delete_jump_seqpos: renumbering jump 7676 to 1271
core.kinematics.FoldTree: delete_jump_seqpos: deleting jump 1272
core.kinematics.FoldTree: delete_jump_seqpos: renumbering jump 7675 to 1272
core.kinematics.FoldTree: delete_jump_seqpos: deleting jump 1273
core.kinematics.FoldTree: delete_jump_seqpos: renumbering jump 7674 to 1273
core.kinematics.FoldTree: delete_jump_seqpos: deleting jump 1274
core.kinematics.FoldTree: delete_jump_seqpos: renumbering jump 7673 to 1274
core.kinematics.FoldTree: delete_jump_seqpos: deleting jump 1275
core.kinematics.FoldTree: delete_jump_seqpos: renumbering jump 7672 to 1275
core.kinematics.FoldTree: delete_jump_seqpos: deleting jump 1276
core.kinematics.FoldTree: delete_jump_seqpos: renumbering jump 7671 to 1276
core.kinematics.FoldTree: delete_jump_seqpos: deleting jump 1277
core.kinematics.FoldTree: delete_jump_seqpos: renumbering jump 7670 to 1277
core.kinematics.FoldTree: delete_jump_seqpos: deleting jump 1278
core.kinematics.FoldTree: delete_jump_seqpos: renumbering jump 7669 to 1278
core.kinematics.FoldTree: delete_jump_seqpos: deleting jump 1279
core.kinematics.FoldTree: delete_jump_seqpos: renumbering jump 7668 to 1279
core.kinematics.FoldTree: delete_jump_seqpos: deleting jump 1280
core.kinematics.FoldTree: delete_jump_seqpos: renumbering jump 7667 to 1280
core.kinematics.FoldTree: delete_jump_seqpos: deleting jump 1281
core.kinematics.FoldTree: delete_jump_seqpos: renumbering jump 7666 to 1281
core.kinematics.FoldTree: delete_jump_seqpos: deleting jump 1282
core.kinematics.FoldTree: delete_jump_seqpos: renumbering jump 7665 to 1282
core.kinematics.FoldTree: delete_jump_seqpos: deleting jump 1283
core.kinematics.FoldTree: delete_jump_seqpos: renumbering jump 7664 to 1283
core.kinematics.FoldTree: delete_jump_seqpos: deleting jump 1284
core.kinematics.FoldTree: delete_jump_seqpos: renumbering jump 7663 to 1284
core.kinematics.FoldTree: delete_jump_seqpos: deleting jump 1285
core.kinematics.FoldTree: delete_jump_seqpos: renumbering jump 7662 to 1285
core.kinematics.FoldTree: delete_jump_seqpos: deleting jump 1286
core.kinematics.FoldTree: delete_jump_seqpos: renumbering jump 7661 to 1286
core.kinematics.FoldTree: delete_jump_seqpos: deleting jump 1287
core.kinematics.FoldTree: delete_jump_seqpos: renumbering jump 7660 to 1287
core.kinematics.FoldTree: delete_jump_seqpos: deleting jump 1288
core.kinematics.FoldTree: delete_jump_seqpos: renumbering jump 7659 to 1288
core.kinematics.FoldTree: delete_jump_seqpos: deleting jump 1289
core.kinematics.FoldTree: delete_jump_seqpos: renumbering jump 7658 to 1289
core.kinematics.FoldTree: delete_jump_seqpos: deleting jump 1290
core.kinematics.FoldTree: delete_jump_seqpos: renumbering jump 7657 to 1290
core.kinematics.FoldTree: delete_jump_seqpos: deleting jump 1291
core.kinematics.FoldTree: delete_jump_seqpos: renumbering jump 7656 to 1291
core.kinematics.FoldTree: delete_jump_seqpos: deleting jump 1292
core.kinematics.FoldTree: delete_jump_seqpos: renumbering jump 7655 to 1292
core.kinematics.FoldTree: delete_jump_seqpos: deleting jump 1293
core.kinematics.FoldTree: delete_jump_seqpos: renumbering jump 7654 to 1293
core.kinematics.FoldTree: delete_jump_seqpos: deleting jump 1294
core.kinematics.FoldTree: delete_jump_seqpos: renumbering jump 7653 to 1294
core.kinematics.FoldTree: delete_jump_seqpos: deleting jump 1295
core.kinematics.FoldTree: delete_jump_seqpos: renumbering jump 7652 to 1295
core.kinematics.FoldTree: delete_jump_seqpos: deleting jump 1296
core.kinematics.FoldTree: delete_jump_seqpos: renumbering jump 7651 to 1296
core.kinematics.FoldTree: delete_jump_seqpos: deleting jump 1297
core.kinematics.FoldTree: delete_jump_seqpos: renumbering jump 7650 to 1297
core.kinematics.FoldTree: delete_jump_seqpos: deleting jump 1298
core.kinematics.FoldTree: delete_jump_seqpos: renumbering jump 7649 to 1298
core.kinematics.FoldTree: delete_jump_seqpos: deleting jump 1299
core.kinematics.FoldTree: delete_jump_seqpos: renumbering jump 7648 to 1299
core.kinematics.FoldTree: delete_jump_seqpos: deleting jump 1300
core.kinematics.FoldTree: delete_jump_seqpos: renumbering jump 7647 to 1300
core.kinematics.FoldTree: delete_jump_seqpos: deleting jump 1301
core.kinematics.FoldTree: delete_jump_seqpos: renumbering jump 7646 to 1301
core.kinematics.FoldTree: delete_jump_seqpos: deleting jump 1302
core.kinematics.FoldTree: delete_jump_seqpos: renumbering jump 7645 to 1302
core.kinematics.FoldTree: delete_jump_seqpos: deleting jump 1303
core.kinematics.FoldTree: delete_jump_seqpos: renumbering jump 7644 to 1303
core.kinematics.FoldTree: delete_jump_seqpos: deleting jump 1304
core.kinematics.FoldTree: delete_jump_seqpos: renumbering jump 7643 to 1304
core.kinematics.FoldTree: delete_jump_seqpos: deleting jump 1305
core.kinematics.FoldTree: delete_jump_seqpos: renumbering jump 7642 to 1305
core.kinematics.FoldTree: delete_jump_seqpos: deleting jump 1306
core.kinematics.FoldTree: delete_jump_seqpos: renumbering jump 7641 to 1306
core.kinematics.FoldTree: delete_jump_seqpos: deleting jump 1307
core.kinematics.FoldTree: delete_jump_seqpos: renumbering jump 7640 to 1307
core.kinematics.FoldTree: delete_jump_seqpos: deleting jump 1308
core.kinematics.FoldTree: delete_jump_seqpos: renumbering jump 7639 to 1308
core.kinematics.FoldTree: delete_jump_seqpos: deleting jump 1309
core.kinematics.FoldTree: delete_jump_seqpos: renumbering jump 7638 to 1309
core.kinematics.FoldTree: delete_jump_seqpos: deleting jump 1310
core.kinematics.FoldTree: delete_jump_seqpos: renumbering jump 7637 to 1310
core.kinematics.FoldTree: delete_jump_seqpos: deleting jump 1311
core.kinematics.FoldTree: delete_jump_seqpos: renumbering jump 7636 to 1311
core.kinematics.FoldTree: delete_jump_seqpos: deleting jump 1312
core.kinematics.FoldTree: delete_jump_seqpos: renumbering jump 7635 to 1312
core.kinematics.FoldTree: delete_jump_seqpos: deleting jump 1313
core.kinematics.FoldTree: delete_jump_seqpos: renumbering jump 7634 to 1313
core.kinematics.FoldTree: delete_jump_seqpos: deleting jump 1314
core.kinematics.FoldTree: delete_jump_seqpos: renumbering jump 7633 to 1314
core.kinematics.FoldTree: delete_jump_seqpos: deleting jump 1315
core.kinematics.FoldTree: delete_jump_seqpos: renumbering jump 7632 to 1315
core.kinematics.FoldTree: delete_jump_seqpos: deleting jump 1316
core.kinematics.FoldTree: delete_jump_seqpos: renumbering jump 7631 to 1316
core.kinematics.FoldTree: delete_jump_seqpos: deleting jump 1317
core.kinematics.FoldTree: delete_jump_seqpos: renumbering jump 7630 to 1317
core.kinematics.FoldTree: delete_jump_seqpos: deleting jump 1318
core.kinematics.FoldTree: delete_jump_seqpos: renumbering jump 7629 to 1318
core.kinematics.FoldTree: delete_jump_seqpos: deleting jump 1319
core.kinematics.FoldTree: delete_jump_seqpos: renumbering jump 7628 to 1319
core.kinematics.FoldTree: delete_jump_seqpos: deleting jump 1320
core.kinematics.FoldTree: delete_jump_seqpos: renumbering jump 7627 to 1320
core.kinematics.FoldTree: delete_jump_seqpos: deleting jump 1321
core.kinematics.FoldTree: delete_jump_seqpos: renumbering jump 7626 to 1321
core.kinematics.FoldTree: delete_jump_seqpos: deleting jump 1322
core.kinematics.FoldTree: delete_jump_seqpos: renumbering jump 7625 to 1322
core.kinematics.FoldTree: delete_jump_seqpos: deleting jump 1323
core.kinematics.FoldTree: delete_jump_seqpos: renumbering jump 7624 to 1323
core.kinematics.FoldTree: delete_jump_seqpos: deleting jump 1324
core.kinematics.FoldTree: delete_jump_seqpos: renumbering jump 7623 to 1324
core.kinematics.FoldTree: delete_jump_seqpos: deleting jump 1325
core.kinematics.FoldTree: delete_jump_seqpos: renumbering jump 7622 to 1325
core.kinematics.FoldTree: delete_jump_seqpos: deleting jump 1326
core.kinematics.FoldTree: delete_jump_seqpos: renumbering jump 7621 to 1326
core.kinematics.FoldTree: delete_jump_seqpos: deleting jump 1327
core.kinematics.FoldTree: delete_jump_seqpos: renumbering jump 7620 to 1327
core.kinematics.FoldTree: delete_jump_seqpos: deleting jump 1328
core.kinematics.FoldTree: delete_jump_seqpos: renumbering jump 7619 to 1328
core.kinematics.FoldTree: delete_jump_seqpos: deleting jump 1329
core.kinematics.FoldTree: delete_jump_seqpos: renumbering jump 7618 to 1329
core.kinematics.FoldTree: delete_jump_seqpos: deleting jump 1330
core.kinematics.FoldTree: delete_jump_seqpos: renumbering jump 7617 to 1330
core.kinematics.FoldTree: delete_jump_seqpos: deleting jump 1331
core.kinematics.FoldTree: delete_jump_seqpos: renumbering jump 7616 to 1331
core.kinematics.FoldTree: delete_jump_seqpos: deleting jump 1332
core.kinematics.FoldTree: delete_jump_seqpos: renumbering jump 7615 to 1332
core.kinematics.FoldTree: delete_jump_seqpos: deleting jump 1333
core.kinematics.FoldTree: delete_jump_seqpos: renumbering jump 7614 to 1333
core.kinematics.FoldTree: delete_jump_seqpos: deleting jump 1334
core.kinematics.FoldTree: delete_jump_seqpos: renumbering jump 7613 to 1334
core.kinematics.FoldTree: delete_jump_seqpos: deleting jump 1335
core.kinematics.FoldTree: delete_jump_seqpos: renumbering jump 7612 to 1335
core.kinematics.FoldTree: delete_jump_seqpos: deleting jump 1336
core.kinematics.FoldTree: delete_jump_seqpos: renumbering jump 7611 to 1336
core.kinematics.FoldTree: delete_jump_seqpos: deleting jump 1337
core.kinematics.FoldTree: delete_jump_seqpos: renumbering jump 7610 to 1337
core.kinematics.FoldTree: delete_jump_seqpos: deleting jump 1338
core.kinematics.FoldTree: delete_jump_seqpos: renumbering jump 7609 to 1338
core.kinematics.FoldTree: delete_jump_seqpos: deleting jump 1339
core.kinematics.FoldTree: delete_jump_seqpos: renumbering jump 7608 to 1339
core.kinematics.FoldTree: delete_jump_seqpos: deleting jump 1340
core.kinematics.FoldTree: delete_jump_seqpos: renumbering jump 7607 to 1340
core.kinematics.FoldTree: delete_jump_seqpos: deleting jump 1341
core.kinematics.FoldTree: delete_jump_seqpos: renumbering jump 7606 to 1341
core.kinematics.FoldTree: delete_jump_seqpos: deleting jump 1342
core.kinematics.FoldTree: delete_jump_seqpos: renumbering jump 7605 to 1342
core.kinematics.FoldTree: delete_jump_seqpos: deleting jump 1343
core.kinematics.FoldTree: delete_jump_seqpos: renumbering jump 7604 to 1343
core.kinematics.FoldTree: delete_jump_seqpos: deleting jump 1344
core.kinematics.FoldTree: delete_jump_seqpos: renumbering jump 7603 to 1344
core.kinematics.FoldTree: delete_jump_seqpos: deleting jump 1345
core.kinematics.FoldTree: delete_jump_seqpos: renumbering jump 7602 to 1345
core.kinematics.FoldTree: delete_jump_seqpos: deleting jump 1346
core.kinematics.FoldTree: delete_jump_seqpos: renumbering jump 7601 to 1346
core.kinematics.FoldTree: delete_jump_seqpos: deleting jump 1347
core.kinematics.FoldTree: delete_jump_seqpos: renumbering jump 7600 to 1347
core.kinematics.FoldTree: delete_jump_seqpos: deleting jump 1348
core.kinematics.FoldTree: delete_jump_seqpos: renumbering jump 7599 to 1348
core.kinematics.FoldTree: delete_jump_seqpos: deleting jump 1349
core.kinematics.FoldTree: delete_jump_seqpos: renumbering jump 7598 to 1349
core.kinematics.FoldTree: delete_jump_seqpos: deleting jump 1350
core.kinematics.FoldTree: delete_jump_seqpos: renumbering jump 7597 to 1350
core.kinematics.FoldTree: delete_jump_seqpos: deleting jump 1351
core.kinematics.FoldTree: delete_jump_seqpos: renumbering jump 7596 to 1351
core.kinematics.FoldTree: delete_jump_seqpos: deleting jump 1352
core.kinematics.FoldTree: delete_jump_seqpos: renumbering jump 7595 to 1352
core.kinematics.FoldTree: delete_jump_seqpos: deleting jump 1353
core.kinematics.FoldTree: delete_jump_seqpos: renumbering jump 7594 to 1353
core.kinematics.FoldTree: delete_jump_seqpos: deleting jump 1354
core.kinematics.FoldTree: delete_jump_seqpos: renumbering jump 7593 to 1354
core.kinematics.FoldTree: delete_jump_seqpos: deleting jump 1355
core.kinematics.FoldTree: delete_jump_seqpos: renumbering jump 7592 to 1355
core.kinematics.FoldTree: delete_jump_seqpos: deleting jump 1356
core.kinematics.FoldTree: delete_jump_seqpos: renumbering jump 7591 to 1356
core.kinematics.FoldTree: delete_jump_seqpos: deleting jump 1357
core.kinematics.FoldTree: delete_jump_seqpos: renumbering jump 7590 to 1357
core.kinematics.FoldTree: delete_jump_seqpos: deleting jump 1358
core.kinematics.FoldTree: delete_jump_seqpos: renumbering jump 7589 to 1358
core.kinematics.FoldTree: delete_jump_seqpos: deleting jump 1359
core.kinematics.FoldTree: delete_jump_seqpos: renumbering jump 7588 to 1359
core.kinematics.FoldTree: delete_jump_seqpos: deleting jump 1360
core.kinematics.FoldTree: delete_jump_seqpos: renumbering jump 7587 to 1360
core.kinematics.FoldTree: delete_jump_seqpos: deleting jump 1361
core.kinematics.FoldTree: delete_jump_seqpos: renumbering jump 7586 to 1361
core.kinematics.FoldTree: delete_jump_seqpos: deleting jump 1362
core.kinematics.FoldTree: delete_jump_seqpos: renumbering jump 7585 to 1362
core.kinematics.FoldTree: delete_jump_seqpos: deleting jump 1363
core.kinematics.FoldTree: delete_jump_seqpos: renumbering jump 7584 to 1363
core.kinematics.FoldTree: delete_jump_seqpos: deleting jump 1364
core.kinematics.FoldTree: delete_jump_seqpos: renumbering jump 7583 to 1364
core.kinematics.FoldTree: delete_jump_seqpos: deleting jump 1365
core.kinematics.FoldTree: delete_jump_seqpos: renumbering jump 7582 to 1365
core.kinematics.FoldTree: delete_jump_seqpos: deleting jump 1366
core.kinematics.FoldTree: delete_jump_seqpos: renumbering jump 7581 to 1366
core.kinematics.FoldTree: delete_jump_seqpos: deleting jump 1367
core.kinematics.FoldTree: delete_jump_seqpos: renumbering jump 7580 to 1367
core.kinematics.FoldTree: delete_jump_seqpos: deleting jump 1368
core.kinematics.FoldTree: delete_jump_seqpos: renumbering jump 7579 to 1368
core.kinematics.FoldTree: delete_jump_seqpos: deleting jump 1369
core.kinematics.FoldTree: delete_jump_seqpos: renumbering jump 7578 to 1369
core.kinematics.FoldTree: delete_jump_seqpos: deleting jump 1370
core.kinematics.FoldTree: delete_jump_seqpos: renumbering jump 7577 to 1370
core.kinematics.FoldTree: delete_jump_seqpos: deleting jump 1371
core.kinematics.FoldTree: delete_jump_seqpos: renumbering jump 7576 to 1371
core.kinematics.FoldTree: delete_jump_seqpos: deleting jump 1372
core.kinematics.FoldTree: delete_jump_seqpos: renumbering jump 7575 to 1372
core.kinematics.FoldTree: delete_jump_seqpos: deleting jump 1373
core.kinematics.FoldTree: delete_jump_seqpos: renumbering jump 7574 to 1373
core.kinematics.FoldTree: delete_jump_seqpos: deleting jump 1374
core.kinematics.FoldTree: delete_jump_seqpos: renumbering jump 7573 to 1374
core.kinematics.FoldTree: delete_jump_seqpos: deleting jump 1375
core.kinematics.FoldTree: delete_jump_seqpos: renumbering jump 7572 to 1375
core.kinematics.FoldTree: delete_jump_seqpos: deleting jump 1376
core.kinematics.FoldTree: delete_jump_seqpos: renumbering jump 7571 to 1376
core.kinematics.FoldTree: delete_jump_seqpos: deleting jump 1377
core.kinematics.FoldTree: delete_jump_seqpos: renumbering jump 7570 to 1377
core.kinematics.FoldTree: delete_jump_seqpos: deleting jump 1378
core.kinematics.FoldTree: delete_jump_seqpos: renumbering jump 7569 to 1378
core.kinematics.FoldTree: delete_jump_seqpos: deleting jump 1379
core.kinematics.FoldTree: delete_jump_seqpos: renumbering jump 7568 to 1379
core.kinematics.FoldTree: delete_jump_seqpos: deleting jump 1380
core.kinematics.FoldTree: delete_jump_seqpos: renumbering jump 7567 to 1380
core.kinematics.FoldTree: delete_jump_seqpos: deleting jump 1381
core.kinematics.FoldTree: delete_jump_seqpos: renumbering jump 7566 to 1381
core.kinematics.FoldTree: delete_jump_seqpos: deleting jump 1382
core.kinematics.FoldTree: delete_jump_seqpos: renumbering jump 7565 to 1382
core.kinematics.FoldTree: delete_jump_seqpos: deleting jump 1383
core.kinematics.FoldTree: delete_jump_seqpos: renumbering jump 7564 to 1383
core.kinematics.FoldTree: delete_jump_seqpos: deleting jump 1384
core.kinematics.FoldTree: delete_jump_seqpos: renumbering jump 7563 to 1384
core.kinematics.FoldTree: delete_jump_seqpos: deleting jump 1385
core.kinematics.FoldTree: delete_jump_seqpos: renumbering jump 7562 to 1385
core.kinematics.FoldTree: delete_jump_seqpos: deleting jump 1386
core.kinematics.FoldTree: delete_jump_seqpos: renumbering jump 7561 to 1386
core.kinematics.FoldTree: delete_jump_seqpos: deleting jump 1387
core.kinematics.FoldTree: delete_jump_seqpos: renumbering jump 7560 to 1387
core.kinematics.FoldTree: delete_jump_seqpos: deleting jump 1388
core.kinematics.FoldTree: delete_jump_seqpos: renumbering jump 7559 to 1388
core.kinematics.FoldTree: delete_jump_seqpos: deleting jump 1389
core.kinematics.FoldTree: delete_jump_seqpos: renumbering jump 7558 to 1389
core.kinematics.FoldTree: delete_jump_seqpos: deleting jump 1390
core.kinematics.FoldTree: delete_jump_seqpos: renumbering jump 7557 to 1390
core.kinematics.FoldTree: delete_jump_seqpos: deleting jump 1391
core.kinematics.FoldTree: delete_jump_seqpos: renumbering jump 7556 to 1391
core.kinematics.FoldTree: delete_jump_seqpos: deleting jump 1392
core.kinematics.FoldTree: delete_jump_seqpos: renumbering jump 7555 to 1392
core.kinematics.FoldTree: delete_jump_seqpos: deleting jump 1393
core.kinematics.FoldTree: delete_jump_seqpos: renumbering jump 7554 to 1393
core.kinematics.FoldTree: delete_jump_seqpos: deleting jump 1394
core.kinematics.FoldTree: delete_jump_seqpos: renumbering jump 7553 to 1394
core.kinematics.FoldTree: delete_jump_seqpos: deleting jump 1395
core.kinematics.FoldTree: delete_jump_seqpos: renumbering jump 7552 to 1395
core.kinematics.FoldTree: delete_jump_seqpos: deleting jump 1396
core.kinematics.FoldTree: delete_jump_seqpos: renumbering jump 7551 to 1396
core.kinematics.FoldTree: delete_jump_seqpos: deleting jump 1397
core.kinematics.FoldTree: delete_jump_seqpos: renumbering jump 7550 to 1397
core.kinematics.FoldTree: delete_jump_seqpos: deleting jump 1398
core.kinematics.FoldTree: delete_jump_seqpos: renumbering jump 7549 to 1398
core.kinematics.FoldTree: delete_jump_seqpos: deleting jump 1399
core.kinematics.FoldTree: delete_jump_seqpos: renumbering jump 7548 to 1399
core.kinematics.FoldTree: delete_jump_seqpos: deleting jump 1400
core.kinematics.FoldTree: delete_jump_seqpos: renumbering jump 7547 to 1400
core.kinematics.FoldTree: delete_jump_seqpos: deleting jump 1401
core.kinematics.FoldTree: delete_jump_seqpos: renumbering jump 7546 to 1401
core.kinematics.FoldTree: delete_jump_seqpos: deleting jump 1402
core.kinematics.FoldTree: delete_jump_seqpos: renumbering jump 7545 to 1402
core.kinematics.FoldTree: delete_jump_seqpos: deleting jump 1403
core.kinematics.FoldTree: delete_jump_seqpos: renumbering jump 7544 to 1403
core.kinematics.FoldTree: delete_jump_seqpos: deleting jump 1404
core.kinematics.FoldTree: delete_jump_seqpos: renumbering jump 7543 to 1404
core.kinematics.FoldTree: delete_jump_seqpos: deleting jump 1405
core.kinematics.FoldTree: delete_jump_seqpos: renumbering jump 7542 to 1405
core.kinematics.FoldTree: delete_jump_seqpos: deleting jump 1406
core.kinematics.FoldTree: delete_jump_seqpos: renumbering jump 7541 to 1406
core.kinematics.FoldTree: delete_jump_seqpos: deleting jump 1407
core.kinematics.FoldTree: delete_jump_seqpos: renumbering jump 7540 to 1407
core.kinematics.FoldTree: delete_jump_seqpos: deleting jump 1408
core.kinematics.FoldTree: delete_jump_seqpos: renumbering jump 7539 to 1408
core.kinematics.FoldTree: delete_jump_seqpos: deleting jump 1409
core.kinematics.FoldTree: delete_jump_seqpos: renumbering jump 7538 to 1409
core.kinematics.FoldTree: delete_jump_seqpos: deleting jump 1410
core.kinematics.FoldTree: delete_jump_seqpos: renumbering jump 7537 to 1410
core.kinematics.FoldTree: delete_jump_seqpos: deleting jump 1411
core.kinematics.FoldTree: delete_jump_seqpos: renumbering jump 7536 to 1411
core.kinematics.FoldTree: delete_jump_seqpos: deleting jump 1412
core.kinematics.FoldTree: delete_jump_seqpos: renumbering jump 7535 to 1412
core.kinematics.FoldTree: delete_jump_seqpos: deleting jump 1413
core.kinematics.FoldTree: delete_jump_seqpos: renumbering jump 7534 to 1413
core.kinematics.FoldTree: delete_jump_seqpos: deleting jump 1414
core.kinematics.FoldTree: delete_jump_seqpos: renumbering jump 7533 to 1414
core.kinematics.FoldTree: delete_jump_seqpos: deleting jump 1415
core.kinematics.FoldTree: delete_jump_seqpos: renumbering jump 7532 to 1415
core.kinematics.FoldTree: delete_jump_seqpos: deleting jump 1416
core.kinematics.FoldTree: delete_jump_seqpos: renumbering jump 7531 to 1416
core.kinematics.FoldTree: delete_jump_seqpos: deleting jump 1417
core.kinematics.FoldTree: delete_jump_seqpos: renumbering jump 7530 to 1417
core.kinematics.FoldTree: delete_jump_seqpos: deleting jump 1418
core.kinematics.FoldTree: delete_jump_seqpos: renumbering jump 7529 to 1418
core.kinematics.FoldTree: delete_jump_seqpos: deleting jump 1419
core.kinematics.FoldTree: delete_jump_seqpos: renumbering jump 7528 to 1419
core.kinematics.FoldTree: delete_jump_seqpos: deleting jump 1420
core.kinematics.FoldTree: delete_jump_seqpos: renumbering jump 7527 to 1420
core.kinematics.FoldTree: delete_jump_seqpos: deleting jump 1421
core.kinematics.FoldTree: delete_jump_seqpos: renumbering jump 7526 to 1421
core.kinematics.FoldTree: delete_jump_seqpos: deleting jump 1422
core.kinematics.FoldTree: delete_jump_seqpos: renumbering jump 7525 to 1422
core.kinematics.FoldTree: delete_jump_seqpos: deleting jump 1423
core.kinematics.FoldTree: delete_jump_seqpos: renumbering jump 7524 to 1423
core.kinematics.FoldTree: delete_jump_seqpos: deleting jump 1424
core.kinematics.FoldTree: delete_jump_seqpos: renumbering jump 7523 to 1424
core.kinematics.FoldTree: delete_jump_seqpos: deleting jump 1425
core.kinematics.FoldTree: delete_jump_seqpos: renumbering jump 7522 to 1425
core.kinematics.FoldTree: delete_jump_seqpos: deleting jump 1426
core.kinematics.FoldTree: delete_jump_seqpos: renumbering jump 7521 to 1426
core.kinematics.FoldTree: delete_jump_seqpos: deleting jump 1427
core.kinematics.FoldTree: delete_jump_seqpos: renumbering jump 7520 to 1427
core.kinematics.FoldTree: delete_jump_seqpos: deleting jump 1428
core.kinematics.FoldTree: delete_jump_seqpos: renumbering jump 7519 to 1428
core.kinematics.FoldTree: delete_jump_seqpos: deleting jump 1429
core.kinematics.FoldTree: delete_jump_seqpos: renumbering jump 7518 to 1429
core.kinematics.FoldTree: delete_jump_seqpos: deleting jump 1430
core.kinematics.FoldTree: delete_jump_seqpos: renumbering jump 7517 to 1430
core.kinematics.FoldTree: delete_jump_seqpos: deleting jump 1431
core.kinematics.FoldTree: delete_jump_seqpos: renumbering jump 7516 to 1431
core.kinematics.FoldTree: delete_jump_seqpos: deleting jump 1432
core.kinematics.FoldTree: delete_jump_seqpos: renumbering jump 7515 to 1432
core.kinematics.FoldTree: delete_jump_seqpos: deleting jump 1433
core.kinematics.FoldTree: delete_jump_seqpos: renumbering jump 7514 to 1433
core.kinematics.FoldTree: delete_jump_seqpos: deleting jump 1434
core.kinematics.FoldTree: delete_jump_seqpos: renumbering jump 7513 to 1434
core.kinematics.FoldTree: delete_jump_seqpos: deleting jump 1435
core.kinematics.FoldTree: delete_jump_seqpos: renumbering jump 7512 to 1435
core.kinematics.FoldTree: delete_jump_seqpos: deleting jump 1436
core.kinematics.FoldTree: delete_jump_seqpos: renumbering jump 7511 to 1436
core.kinematics.FoldTree: delete_jump_seqpos: deleting jump 1437
core.kinematics.FoldTree: delete_jump_seqpos: renumbering jump 7510 to 1437
core.kinematics.FoldTree: delete_jump_seqpos: deleting jump 1438
core.kinematics.FoldTree: delete_jump_seqpos: renumbering jump 7509 to 1438
core.kinematics.FoldTree: delete_jump_seqpos: deleting jump 1439
core.kinematics.FoldTree: delete_jump_seqpos: renumbering jump 7508 to 1439
core.kinematics.FoldTree: delete_jump_seqpos: deleting jump 1440
core.kinematics.FoldTree: delete_jump_seqpos: renumbering jump 7507 to 1440
core.kinematics.FoldTree: delete_jump_seqpos: deleting jump 1441
core.kinematics.FoldTree: delete_jump_seqpos: renumbering jump 7506 to 1441
core.kinematics.FoldTree: delete_jump_seqpos: deleting jump 1442
core.kinematics.FoldTree: delete_jump_seqpos: renumbering jump 7505 to 1442
core.kinematics.FoldTree: delete_jump_seqpos: deleting jump 1443
core.kinematics.FoldTree: delete_jump_seqpos: renumbering jump 7504 to 1443
core.kinematics.FoldTree: delete_jump_seqpos: deleting jump 1444
core.kinematics.FoldTree: delete_jump_seqpos: renumbering jump 7503 to 1444
core.kinematics.FoldTree: delete_jump_seqpos: deleting jump 1445
core.kinematics.FoldTree: delete_jump_seqpos: renumbering jump 7502 to 1445
core.kinematics.FoldTree: delete_jump_seqpos: deleting jump 1446
core.kinematics.FoldTree: delete_jump_seqpos: renumbering jump 7501 to 1446
core.kinematics.FoldTree: delete_jump_seqpos: deleting jump 1447
core.kinematics.FoldTree: delete_jump_seqpos: renumbering jump 7500 to 1447
core.kinematics.FoldTree: delete_jump_seqpos: deleting jump 1448
core.kinematics.FoldTree: delete_jump_seqpos: renumbering jump 7499 to 1448
core.kinematics.FoldTree: delete_jump_seqpos: deleting jump 1449
core.kinematics.FoldTree: delete_jump_seqpos: renumbering jump 7498 to 1449
core.kinematics.FoldTree: delete_jump_seqpos: deleting jump 1450
core.kinematics.FoldTree: delete_jump_seqpos: renumbering jump 7497 to 1450
core.kinematics.FoldTree: delete_jump_seqpos: deleting jump 1451
core.kinematics.FoldTree: delete_jump_seqpos: renumbering jump 7496 to 1451
core.kinematics.FoldTree: delete_jump_seqpos: deleting jump 1452
core.kinematics.FoldTree: delete_jump_seqpos: renumbering jump 7495 to 1452
core.kinematics.FoldTree: delete_jump_seqpos: deleting jump 1453
core.kinematics.FoldTree: delete_jump_seqpos: renumbering jump 7494 to 1453
core.kinematics.FoldTree: delete_jump_seqpos: deleting jump 1454
core.kinematics.FoldTree: delete_jump_seqpos: renumbering jump 7493 to 1454
core.kinematics.FoldTree: delete_jump_seqpos: deleting jump 1455
core.kinematics.FoldTree: delete_jump_seqpos: renumbering jump 7492 to 1455
core.kinematics.FoldTree: delete_jump_seqpos: deleting jump 1456
core.kinematics.FoldTree: delete_jump_seqpos: renumbering jump 7491 to 1456
core.kinematics.FoldTree: delete_jump_seqpos: deleting jump 1457
core.kinematics.FoldTree: delete_jump_seqpos: renumbering jump 7490 to 1457
core.kinematics.FoldTree: delete_jump_seqpos: deleting jump 1458
core.kinematics.FoldTree: delete_jump_seqpos: renumbering jump 7489 to 1458
core.kinematics.FoldTree: delete_jump_seqpos: deleting jump 1459
core.kinematics.FoldTree: delete_jump_seqpos: renumbering jump 7488 to 1459
core.kinematics.FoldTree: delete_jump_seqpos: deleting jump 1460
core.kinematics.FoldTree: delete_jump_seqpos: renumbering jump 7487 to 1460
core.kinematics.FoldTree: delete_jump_seqpos: deleting jump 1461
core.kinematics.FoldTree: delete_jump_seqpos: renumbering jump 7486 to 1461
core.kinematics.FoldTree: delete_jump_seqpos: deleting jump 1462
core.kinematics.FoldTree: delete_jump_seqpos: renumbering jump 7485 to 1462
core.kinematics.FoldTree: delete_jump_seqpos: deleting jump 1463
core.kinematics.FoldTree: delete_jump_seqpos: renumbering jump 7484 to 1463
core.kinematics.FoldTree: delete_jump_seqpos: deleting jump 1464
core.kinematics.FoldTree: delete_jump_seqpos: renumbering jump 7483 to 1464
core.kinematics.FoldTree: delete_jump_seqpos: deleting jump 1465
core.kinematics.FoldTree: delete_jump_seqpos: renumbering jump 7482 to 1465
core.kinematics.FoldTree: delete_jump_seqpos: deleting jump 1466
core.kinematics.FoldTree: delete_jump_seqpos: renumbering jump 7481 to 1466
core.kinematics.FoldTree: delete_jump_seqpos: deleting jump 1467
core.kinematics.FoldTree: delete_jump_seqpos: renumbering jump 7480 to 1467
core.kinematics.FoldTree: delete_jump_seqpos: deleting jump 1468
core.kinematics.FoldTree: delete_jump_seqpos: renumbering jump 7479 to 1468
core.kinematics.FoldTree: delete_jump_seqpos: deleting jump 1469
core.kinematics.FoldTree: delete_jump_seqpos: renumbering jump 7478 to 1469
core.kinematics.FoldTree: delete_jump_seqpos: deleting jump 1470
core.kinematics.FoldTree: delete_jump_seqpos: renumbering jump 7477 to 1470
core.kinematics.FoldTree: delete_jump_seqpos: deleting jump 1471
core.kinematics.FoldTree: delete_jump_seqpos: renumbering jump 7476 to 1471
core.kinematics.FoldTree: delete_jump_seqpos: deleting jump 1472
core.kinematics.FoldTree: delete_jump_seqpos: renumbering jump 7475 to 1472
core.kinematics.FoldTree: delete_jump_seqpos: deleting jump 1473
core.kinematics.FoldTree: delete_jump_seqpos: renumbering jump 7474 to 1473
core.kinematics.FoldTree: delete_jump_seqpos: deleting jump 1474
core.kinematics.FoldTree: delete_jump_seqpos: renumbering jump 7473 to 1474
core.kinematics.FoldTree: delete_jump_seqpos: deleting jump 1475
core.kinematics.FoldTree: delete_jump_seqpos: renumbering jump 7472 to 1475
core.kinematics.FoldTree: delete_jump_seqpos: deleting jump 1476
core.kinematics.FoldTree: delete_jump_seqpos: renumbering jump 7471 to 1476
core.kinematics.FoldTree: delete_jump_seqpos: deleting jump 1477
core.kinematics.FoldTree: delete_jump_seqpos: renumbering jump 7470 to 1477
core.kinematics.FoldTree: delete_jump_seqpos: deleting jump 1478
core.kinematics.FoldTree: delete_jump_seqpos: renumbering jump 7469 to 1478
core.kinematics.FoldTree: delete_jump_seqpos: deleting jump 1479
core.kinematics.FoldTree: delete_jump_seqpos: renumbering jump 7468 to 1479
core.kinematics.FoldTree: delete_jump_seqpos: deleting jump 1480
core.kinematics.FoldTree: delete_jump_seqpos: renumbering jump 7467 to 1480
core.kinematics.FoldTree: delete_jump_seqpos: deleting jump 1481
core.kinematics.FoldTree: delete_jump_seqpos: renumbering jump 7466 to 1481
core.kinematics.FoldTree: delete_jump_seqpos: deleting jump 1482
core.kinematics.FoldTree: delete_jump_seqpos: renumbering jump 7465 to 1482
core.kinematics.FoldTree: delete_jump_seqpos: deleting jump 1483
core.kinematics.FoldTree: delete_jump_seqpos: renumbering jump 7464 to 1483
core.kinematics.FoldTree: delete_jump_seqpos: deleting jump 1484
core.kinematics.FoldTree: delete_jump_seqpos: renumbering jump 7463 to 1484
core.kinematics.FoldTree: delete_jump_seqpos: deleting jump 1485
core.kinematics.FoldTree: delete_jump_seqpos: renumbering jump 7462 to 1485
core.kinematics.FoldTree: delete_jump_seqpos: deleting jump 1486
core.kinematics.FoldTree: delete_jump_seqpos: renumbering jump 7461 to 1486
core.kinematics.FoldTree: delete_jump_seqpos: deleting jump 1487
core.kinematics.FoldTree: delete_jump_seqpos: renumbering jump 7460 to 1487
core.kinematics.FoldTree: delete_jump_seqpos: deleting jump 1488
core.kinematics.FoldTree: delete_jump_seqpos: renumbering jump 7459 to 1488
core.kinematics.FoldTree: delete_jump_seqpos: deleting jump 1489
core.kinematics.FoldTree: delete_jump_seqpos: renumbering jump 7458 to 1489
core.kinematics.FoldTree: delete_jump_seqpos: deleting jump 1490
core.kinematics.FoldTree: delete_jump_seqpos: renumbering jump 7457 to 1490
core.kinematics.FoldTree: delete_jump_seqpos: deleting jump 1491
core.kinematics.FoldTree: delete_jump_seqpos: renumbering jump 7456 to 1491
core.kinematics.FoldTree: delete_jump_seqpos: deleting jump 1492
core.kinematics.FoldTree: delete_jump_seqpos: renumbering jump 7455 to 1492
core.kinematics.FoldTree: delete_jump_seqpos: deleting jump 1493
core.kinematics.FoldTree: delete_jump_seqpos: renumbering jump 7454 to 1493
core.kinematics.FoldTree: delete_jump_seqpos: deleting jump 1494
core.kinematics.FoldTree: delete_jump_seqpos: renumbering jump 7453 to 1494
core.kinematics.FoldTree: delete_jump_seqpos: deleting jump 1495
core.kinematics.FoldTree: delete_jump_seqpos: renumbering jump 7452 to 1495
core.kinematics.FoldTree: delete_jump_seqpos: deleting jump 1496
core.kinematics.FoldTree: delete_jump_seqpos: renumbering jump 7451 to 1496
core.kinematics.FoldTree: delete_jump_seqpos: deleting jump 1497
core.kinematics.FoldTree: delete_jump_seqpos: renumbering jump 7450 to 1497
core.kinematics.FoldTree: delete_jump_seqpos: deleting jump 1498
core.kinematics.FoldTree: delete_jump_seqpos: renumbering jump 7449 to 1498
core.kinematics.FoldTree: delete_jump_seqpos: deleting jump 1499
core.kinematics.FoldTree: delete_jump_seqpos: renumbering jump 7448 to 1499
core.kinematics.FoldTree: delete_jump_seqpos: deleting jump 1500
core.kinematics.FoldTree: delete_jump_seqpos: renumbering jump 7447 to 1500
core.kinematics.FoldTree: delete_jump_seqpos: deleting jump 1501
core.kinematics.FoldTree: delete_jump_seqpos: renumbering jump 7446 to 1501
core.kinematics.FoldTree: delete_jump_seqpos: deleting jump 1502
core.kinematics.FoldTree: delete_jump_seqpos: renumbering jump 7445 to 1502
core.kinematics.FoldTree: delete_jump_seqpos: deleting jump 1503
core.kinematics.FoldTree: delete_jump_seqpos: renumbering jump 7444 to 1503
core.kinematics.FoldTree: delete_jump_seqpos: deleting jump 1504
core.kinematics.FoldTree: delete_jump_seqpos: renumbering jump 7443 to 1504
core.kinematics.FoldTree: delete_jump_seqpos: deleting jump 1505
core.kinematics.FoldTree: delete_jump_seqpos: renumbering jump 7442 to 1505
core.kinematics.FoldTree: delete_jump_seqpos: deleting jump 1506
core.kinematics.FoldTree: delete_jump_seqpos: renumbering jump 7441 to 1506
core.kinematics.FoldTree: delete_jump_seqpos: deleting jump 1507
core.kinematics.FoldTree: delete_jump_seqpos: renumbering jump 7440 to 1507
core.kinematics.FoldTree: delete_jump_seqpos: deleting jump 1508
core.kinematics.FoldTree: delete_jump_seqpos: renumbering jump 7439 to 1508
core.kinematics.FoldTree: delete_jump_seqpos: deleting jump 1509
core.kinematics.FoldTree: delete_jump_seqpos: renumbering jump 7438 to 1509
core.kinematics.FoldTree: delete_jump_seqpos: deleting jump 1510
core.kinematics.FoldTree: delete_jump_seqpos: renumbering jump 7437 to 1510
core.kinematics.FoldTree: delete_jump_seqpos: deleting jump 1511
core.kinematics.FoldTree: delete_jump_seqpos: renumbering jump 7436 to 1511
core.kinematics.FoldTree: delete_jump_seqpos: deleting jump 1512
core.kinematics.FoldTree: delete_jump_seqpos: renumbering jump 7435 to 1512
core.kinematics.FoldTree: delete_jump_seqpos: deleting jump 1513
core.kinematics.FoldTree: delete_jump_seqpos: renumbering jump 7434 to 1513
core.kinematics.FoldTree: delete_jump_seqpos: deleting jump 1514
core.kinematics.FoldTree: delete_jump_seqpos: renumbering jump 7433 to 1514
core.kinematics.FoldTree: delete_jump_seqpos: deleting jump 1515
core.kinematics.FoldTree: delete_jump_seqpos: renumbering jump 7432 to 1515
core.kinematics.FoldTree: delete_jump_seqpos: deleting jump 1516
core.kinematics.FoldTree: delete_jump_seqpos: renumbering jump 7431 to 1516
core.kinematics.FoldTree: delete_jump_seqpos: deleting jump 1517
core.kinematics.FoldTree: delete_jump_seqpos: renumbering jump 7430 to 1517
core.kinematics.FoldTree: delete_jump_seqpos: deleting jump 1518
core.kinematics.FoldTree: delete_jump_seqpos: renumbering jump 7429 to 1518
core.kinematics.FoldTree: delete_jump_seqpos: deleting jump 1519
core.kinematics.FoldTree: delete_jump_seqpos: renumbering jump 7428 to 1519
core.kinematics.FoldTree: delete_jump_seqpos: deleting jump 1520
core.kinematics.FoldTree: delete_jump_seqpos: renumbering jump 7427 to 1520
core.kinematics.FoldTree: delete_jump_seqpos: deleting jump 1521
core.kinematics.FoldTree: delete_jump_seqpos: renumbering jump 7426 to 1521
core.kinematics.FoldTree: delete_jump_seqpos: deleting jump 1522
core.kinematics.FoldTree: delete_jump_seqpos: renumbering jump 7425 to 1522
core.kinematics.FoldTree: delete_jump_seqpos: deleting jump 1523
core.kinematics.FoldTree: delete_jump_seqpos: renumbering jump 7424 to 1523
core.kinematics.FoldTree: delete_jump_seqpos: deleting jump 1524
core.kinematics.FoldTree: delete_jump_seqpos: renumbering jump 7423 to 1524
core.kinematics.FoldTree: delete_jump_seqpos: deleting jump 1525
core.kinematics.FoldTree: delete_jump_seqpos: renumbering jump 7422 to 1525
core.kinematics.FoldTree: delete_jump_seqpos: deleting jump 1526
core.kinematics.FoldTree: delete_jump_seqpos: renumbering jump 7421 to 1526
core.kinematics.FoldTree: delete_jump_seqpos: deleting jump 1527
core.kinematics.FoldTree: delete_jump_seqpos: renumbering jump 7420 to 1527
core.kinematics.FoldTree: delete_jump_seqpos: deleting jump 1528
core.kinematics.FoldTree: delete_jump_seqpos: renumbering jump 7419 to 1528
core.kinematics.FoldTree: delete_jump_seqpos: deleting jump 1529
core.kinematics.FoldTree: delete_jump_seqpos: renumbering jump 7418 to 1529
core.kinematics.FoldTree: delete_jump_seqpos: deleting jump 1530
core.kinematics.FoldTree: delete_jump_seqpos: renumbering jump 7417 to 1530
core.kinematics.FoldTree: delete_jump_seqpos: deleting jump 1531
core.kinematics.FoldTree: delete_jump_seqpos: renumbering jump 7416 to 1531
core.kinematics.FoldTree: delete_jump_seqpos: deleting jump 1532
core.kinematics.FoldTree: delete_jump_seqpos: renumbering jump 7415 to 1532
core.kinematics.FoldTree: delete_jump_seqpos: deleting jump 1533
core.kinematics.FoldTree: delete_jump_seqpos: renumbering jump 7414 to 1533
core.kinematics.FoldTree: delete_jump_seqpos: deleting jump 1534
core.kinematics.FoldTree: delete_jump_seqpos: renumbering jump 7413 to 1534
core.kinematics.FoldTree: delete_jump_seqpos: deleting jump 1535
core.kinematics.FoldTree: delete_jump_seqpos: renumbering jump 7412 to 1535
core.kinematics.FoldTree: delete_jump_seqpos: deleting jump 1536
core.kinematics.FoldTree: delete_jump_seqpos: renumbering jump 7411 to 1536
core.kinematics.FoldTree: delete_jump_seqpos: deleting jump 1537
core.kinematics.FoldTree: delete_jump_seqpos: renumbering jump 7410 to 1537
core.kinematics.FoldTree: delete_jump_seqpos: deleting jump 1538
core.kinematics.FoldTree: delete_jump_seqpos: renumbering jump 7409 to 1538
core.kinematics.FoldTree: delete_jump_seqpos: deleting jump 1539
core.kinematics.FoldTree: delete_jump_seqpos: renumbering jump 7408 to 1539
core.kinematics.FoldTree: delete_jump_seqpos: deleting jump 1540
core.kinematics.FoldTree: delete_jump_seqpos: renumbering jump 7407 to 1540
core.kinematics.FoldTree: delete_jump_seqpos: deleting jump 1541
core.kinematics.FoldTree: delete_jump_seqpos: renumbering jump 7406 to 1541
core.kinematics.FoldTree: delete_jump_seqpos: deleting jump 1542
core.kinematics.FoldTree: delete_jump_seqpos: renumbering jump 7405 to 1542
core.kinematics.FoldTree: delete_jump_seqpos: deleting jump 1543
core.kinematics.FoldTree: delete_jump_seqpos: renumbering jump 7404 to 1543
core.kinematics.FoldTree: delete_jump_seqpos: deleting jump 1544
core.kinematics.FoldTree: delete_jump_seqpos: renumbering jump 7403 to 1544
core.kinematics.FoldTree: delete_jump_seqpos: deleting jump 1545
core.kinematics.FoldTree: delete_jump_seqpos: renumbering jump 7402 to 1545
core.kinematics.FoldTree: delete_jump_seqpos: deleting jump 1546
core.kinematics.FoldTree: delete_jump_seqpos: renumbering jump 7401 to 1546
core.kinematics.FoldTree: delete_jump_seqpos: deleting jump 1547
core.kinematics.FoldTree: delete_jump_seqpos: renumbering jump 7400 to 1547
core.kinematics.FoldTree: delete_jump_seqpos: deleting jump 1548
core.kinematics.FoldTree: delete_jump_seqpos: renumbering jump 7399 to 1548
core.kinematics.FoldTree: delete_jump_seqpos: deleting jump 1549
core.kinematics.FoldTree: delete_jump_seqpos: renumbering jump 7398 to 1549
core.kinematics.FoldTree: delete_jump_seqpos: deleting jump 1550
core.kinematics.FoldTree: delete_jump_seqpos: renumbering jump 7397 to 1550
core.kinematics.FoldTree: delete_jump_seqpos: deleting jump 1551
core.kinematics.FoldTree: delete_jump_seqpos: renumbering jump 7396 to 1551
core.kinematics.FoldTree: delete_jump_seqpos: deleting jump 1552
core.kinematics.FoldTree: delete_jump_seqpos: renumbering jump 7395 to 1552
core.kinematics.FoldTree: delete_jump_seqpos: deleting jump 1553
core.kinematics.FoldTree: delete_jump_seqpos: renumbering jump 7394 to 1553
core.kinematics.FoldTree: delete_jump_seqpos: deleting jump 1554
core.kinematics.FoldTree: delete_jump_seqpos: renumbering jump 7393 to 1554
core.kinematics.FoldTree: delete_jump_seqpos: deleting jump 1555
core.kinematics.FoldTree: delete_jump_seqpos: renumbering jump 7392 to 1555
core.kinematics.FoldTree: delete_jump_seqpos: deleting jump 1556
core.kinematics.FoldTree: delete_jump_seqpos: renumbering jump 7391 to 1556
core.kinematics.FoldTree: delete_jump_seqpos: deleting jump 1557
core.kinematics.FoldTree: delete_jump_seqpos: renumbering jump 7390 to 1557
core.kinematics.FoldTree: delete_jump_seqpos: deleting jump 1558
core.kinematics.FoldTree: delete_jump_seqpos: renumbering jump 7389 to 1558
core.kinematics.FoldTree: delete_jump_seqpos: deleting jump 1559
core.kinematics.FoldTree: delete_jump_seqpos: renumbering jump 7388 to 1559
core.kinematics.FoldTree: delete_jump_seqpos: deleting jump 1560
core.kinematics.FoldTree: delete_jump_seqpos: renumbering jump 7387 to 1560
core.kinematics.FoldTree: delete_jump_seqpos: deleting jump 1561
core.kinematics.FoldTree: delete_jump_seqpos: renumbering jump 7386 to 1561
core.kinematics.FoldTree: delete_jump_seqpos: deleting jump 1562
core.kinematics.FoldTree: delete_jump_seqpos: renumbering jump 7385 to 1562
core.kinematics.FoldTree: delete_jump_seqpos: deleting jump 1563
core.kinematics.FoldTree: delete_jump_seqpos: renumbering jump 7384 to 1563
core.kinematics.FoldTree: delete_jump_seqpos: deleting jump 1564
core.kinematics.FoldTree: delete_jump_seqpos: renumbering jump 7383 to 1564
core.kinematics.FoldTree: delete_jump_seqpos: deleting jump 1565
core.kinematics.FoldTree: delete_jump_seqpos: renumbering jump 7382 to 1565
core.kinematics.FoldTree: delete_jump_seqpos: deleting jump 1566
core.kinematics.FoldTree: delete_jump_seqpos: renumbering jump 7381 to 1566
core.kinematics.FoldTree: delete_jump_seqpos: deleting jump 1567
core.kinematics.FoldTree: delete_jump_seqpos: renumbering jump 7380 to 1567
core.kinematics.FoldTree: delete_jump_seqpos: deleting jump 1568
core.kinematics.FoldTree: delete_jump_seqpos: renumbering jump 7379 to 1568
core.kinematics.FoldTree: delete_jump_seqpos: deleting jump 1569
core.kinematics.FoldTree: delete_jump_seqpos: renumbering jump 7378 to 1569
core.kinematics.FoldTree: delete_jump_seqpos: deleting jump 1570
core.kinematics.FoldTree: delete_jump_seqpos: renumbering jump 7377 to 1570
core.kinematics.FoldTree: delete_jump_seqpos: deleting jump 1571
core.kinematics.FoldTree: delete_jump_seqpos: renumbering jump 7376 to 1571
core.kinematics.FoldTree: delete_jump_seqpos: deleting jump 1572
core.kinematics.FoldTree: delete_jump_seqpos: renumbering jump 7375 to 1572
core.kinematics.FoldTree: delete_jump_seqpos: deleting jump 1573
core.kinematics.FoldTree: delete_jump_seqpos: renumbering jump 7374 to 1573
core.kinematics.FoldTree: delete_jump_seqpos: deleting jump 1574
core.kinematics.FoldTree: delete_jump_seqpos: renumbering jump 7373 to 1574
core.kinematics.FoldTree: delete_jump_seqpos: deleting jump 1575
core.kinematics.FoldTree: delete_jump_seqpos: renumbering jump 7372 to 1575
core.kinematics.FoldTree: delete_jump_seqpos: deleting jump 1576
core.kinematics.FoldTree: delete_jump_seqpos: renumbering jump 7371 to 1576
core.kinematics.FoldTree: delete_jump_seqpos: deleting jump 1577
core.kinematics.FoldTree: delete_jump_seqpos: renumbering jump 7370 to 1577
core.kinematics.FoldTree: delete_jump_seqpos: deleting jump 1578
core.kinematics.FoldTree: delete_jump_seqpos: renumbering jump 7369 to 1578
core.kinematics.FoldTree: delete_jump_seqpos: deleting jump 1579
core.kinematics.FoldTree: delete_jump_seqpos: renumbering jump 7368 to 1579
core.kinematics.FoldTree: delete_jump_seqpos: deleting jump 1580
core.kinematics.FoldTree: delete_jump_seqpos: renumbering jump 7367 to 1580
core.kinematics.FoldTree: delete_jump_seqpos: deleting jump 1581
core.kinematics.FoldTree: delete_jump_seqpos: renumbering jump 7366 to 1581
core.kinematics.FoldTree: delete_jump_seqpos: deleting jump 1582
core.kinematics.FoldTree: delete_jump_seqpos: renumbering jump 7365 to 1582
core.kinematics.FoldTree: delete_jump_seqpos: deleting jump 1583
core.kinematics.FoldTree: delete_jump_seqpos: renumbering jump 7364 to 1583
core.kinematics.FoldTree: delete_jump_seqpos: deleting jump 1584
core.kinematics.FoldTree: delete_jump_seqpos: renumbering jump 7363 to 1584
core.kinematics.FoldTree: delete_jump_seqpos: deleting jump 1585
core.kinematics.FoldTree: delete_jump_seqpos: renumbering jump 7362 to 1585
core.kinematics.FoldTree: delete_jump_seqpos: deleting jump 1586
core.kinematics.FoldTree: delete_jump_seqpos: renumbering jump 7361 to 1586
core.kinematics.FoldTree: delete_jump_seqpos: deleting jump 1587
core.kinematics.FoldTree: delete_jump_seqpos: renumbering jump 7360 to 1587
core.kinematics.FoldTree: delete_jump_seqpos: deleting jump 1588
core.kinematics.FoldTree: delete_jump_seqpos: renumbering jump 7359 to 1588
core.kinematics.FoldTree: delete_jump_seqpos: deleting jump 1589
core.kinematics.FoldTree: delete_jump_seqpos: renumbering jump 7358 to 1589
core.kinematics.FoldTree: delete_jump_seqpos: deleting jump 1590
core.kinematics.FoldTree: delete_jump_seqpos: renumbering jump 7357 to 1590
core.kinematics.FoldTree: delete_jump_seqpos: deleting jump 1591
core.kinematics.FoldTree: delete_jump_seqpos: renumbering jump 7356 to 1591
core.kinematics.FoldTree: delete_jump_seqpos: deleting jump 1592
core.kinematics.FoldTree: delete_jump_seqpos: renumbering jump 7355 to 1592
core.kinematics.FoldTree: delete_jump_seqpos: deleting jump 1593
core.kinematics.FoldTree: delete_jump_seqpos: renumbering jump 7354 to 1593
core.kinematics.FoldTree: delete_jump_seqpos: deleting jump 1594
core.kinematics.FoldTree: delete_jump_seqpos: renumbering jump 7353 to 1594
core.kinematics.FoldTree: delete_jump_seqpos: deleting jump 1595
core.kinematics.FoldTree: delete_jump_seqpos: renumbering jump 7352 to 1595
core.kinematics.FoldTree: delete_jump_seqpos: deleting jump 1596
core.kinematics.FoldTree: delete_jump_seqpos: renumbering jump 7351 to 1596
core.kinematics.FoldTree: delete_jump_seqpos: deleting jump 1597
core.kinematics.FoldTree: delete_jump_seqpos: renumbering jump 7350 to 1597
core.kinematics.FoldTree: delete_jump_seqpos: deleting jump 1598
core.kinematics.FoldTree: delete_jump_seqpos: renumbering jump 7349 to 1598
core.kinematics.FoldTree: delete_jump_seqpos: deleting jump 1599
core.kinematics.FoldTree: delete_jump_seqpos: renumbering jump 7348 to 1599
core.kinematics.FoldTree: delete_jump_seqpos: deleting jump 1600
core.kinematics.FoldTree: delete_jump_seqpos: renumbering jump 7347 to 1600
core.kinematics.FoldTree: delete_jump_seqpos: deleting jump 1601
core.kinematics.FoldTree: delete_jump_seqpos: renumbering jump 7346 to 1601
core.kinematics.FoldTree: delete_jump_seqpos: deleting jump 1602
core.kinematics.FoldTree: delete_jump_seqpos: renumbering jump 7345 to 1602
core.kinematics.FoldTree: delete_jump_seqpos: deleting jump 1603
core.kinematics.FoldTree: delete_jump_seqpos: renumbering jump 7344 to 1603
core.kinematics.FoldTree: delete_jump_seqpos: deleting jump 1604
core.kinematics.FoldTree: delete_jump_seqpos: renumbering jump 7343 to 1604
core.kinematics.FoldTree: delete_jump_seqpos: deleting jump 1605
core.kinematics.FoldTree: delete_jump_seqpos: renumbering jump 7342 to 1605
core.kinematics.FoldTree: delete_jump_seqpos: deleting jump 1606
core.kinematics.FoldTree: delete_jump_seqpos: renumbering jump 7341 to 1606
core.kinematics.FoldTree: delete_jump_seqpos: deleting jump 1607
core.kinematics.FoldTree: delete_jump_seqpos: renumbering jump 7340 to 1607
core.kinematics.FoldTree: delete_jump_seqpos: deleting jump 1608
core.kinematics.FoldTree: delete_jump_seqpos: renumbering jump 7339 to 1608
core.kinematics.FoldTree: delete_jump_seqpos: deleting jump 1609
core.kinematics.FoldTree: delete_jump_seqpos: renumbering jump 7338 to 1609
core.kinematics.FoldTree: delete_jump_seqpos: deleting jump 1610
core.kinematics.FoldTree: delete_jump_seqpos: renumbering jump 7337 to 1610
core.kinematics.FoldTree: delete_jump_seqpos: deleting jump 1611
core.kinematics.FoldTree: delete_jump_seqpos: renumbering jump 7336 to 1611
core.kinematics.FoldTree: delete_jump_seqpos: deleting jump 1612
core.kinematics.FoldTree: delete_jump_seqpos: renumbering jump 7335 to 1612
core.kinematics.FoldTree: delete_jump_seqpos: deleting jump 1613
core.kinematics.FoldTree: delete_jump_seqpos: renumbering jump 7334 to 1613
core.kinematics.FoldTree: delete_jump_seqpos: deleting jump 1614
core.kinematics.FoldTree: delete_jump_seqpos: renumbering jump 7333 to 1614
core.kinematics.FoldTree: delete_jump_seqpos: deleting jump 1615
core.kinematics.FoldTree: delete_jump_seqpos: renumbering jump 7332 to 1615
core.kinematics.FoldTree: delete_jump_seqpos: deleting jump 1616
core.kinematics.FoldTree: delete_jump_seqpos: renumbering jump 7331 to 1616
core.kinematics.FoldTree: delete_jump_seqpos: deleting jump 1617
core.kinematics.FoldTree: delete_jump_seqpos: renumbering jump 7330 to 1617
core.kinematics.FoldTree: delete_jump_seqpos: deleting jump 1618
core.kinematics.FoldTree: delete_jump_seqpos: renumbering jump 7329 to 1618
core.kinematics.FoldTree: delete_jump_seqpos: deleting jump 1619
core.kinematics.FoldTree: delete_jump_seqpos: renumbering jump 7328 to 1619
core.kinematics.FoldTree: delete_jump_seqpos: deleting jump 1620
core.kinematics.FoldTree: delete_jump_seqpos: renumbering jump 7327 to 1620
core.kinematics.FoldTree: delete_jump_seqpos: deleting jump 1621
core.kinematics.FoldTree: delete_jump_seqpos: renumbering jump 7326 to 1621
core.kinematics.FoldTree: delete_jump_seqpos: deleting jump 1622
core.kinematics.FoldTree: delete_jump_seqpos: renumbering jump 7325 to 1622
core.kinematics.FoldTree: delete_jump_seqpos: deleting jump 1623
core.kinematics.FoldTree: delete_jump_seqpos: renumbering jump 7324 to 1623
core.kinematics.FoldTree: delete_jump_seqpos: deleting jump 1624
core.kinematics.FoldTree: delete_jump_seqpos: renumbering jump 7323 to 1624
core.kinematics.FoldTree: delete_jump_seqpos: deleting jump 1625
core.kinematics.FoldTree: delete_jump_seqpos: renumbering jump 7322 to 1625
core.kinematics.FoldTree: delete_jump_seqpos: deleting jump 1626
core.kinematics.FoldTree: delete_jump_seqpos: renumbering jump 7321 to 1626
core.kinematics.FoldTree: delete_jump_seqpos: deleting jump 1627
core.kinematics.FoldTree: delete_jump_seqpos: renumbering jump 7320 to 1627
core.kinematics.FoldTree: delete_jump_seqpos: deleting jump 1628
core.kinematics.FoldTree: delete_jump_seqpos: renumbering jump 7319 to 1628
core.kinematics.FoldTree: delete_jump_seqpos: deleting jump 1629
core.kinematics.FoldTree: delete_jump_seqpos: renumbering jump 7318 to 1629
core.kinematics.FoldTree: delete_jump_seqpos: deleting jump 1630
core.kinematics.FoldTree: delete_jump_seqpos: renumbering jump 7317 to 1630
core.kinematics.FoldTree: delete_jump_seqpos: deleting jump 1631
core.kinematics.FoldTree: delete_jump_seqpos: renumbering jump 7316 to 1631
core.kinematics.FoldTree: delete_jump_seqpos: deleting jump 1632
core.kinematics.FoldTree: delete_jump_seqpos: renumbering jump 7315 to 1632
core.kinematics.FoldTree: delete_jump_seqpos: deleting jump 1633
core.kinematics.FoldTree: delete_jump_seqpos: renumbering jump 7314 to 1633
core.kinematics.FoldTree: delete_jump_seqpos: deleting jump 1634
core.kinematics.FoldTree: delete_jump_seqpos: renumbering jump 7313 to 1634
core.kinematics.FoldTree: delete_jump_seqpos: deleting jump 1635
core.kinematics.FoldTree: delete_jump_seqpos: renumbering jump 7312 to 1635
core.kinematics.FoldTree: delete_jump_seqpos: deleting jump 1636
core.kinematics.FoldTree: delete_jump_seqpos: renumbering jump 7311 to 1636
core.kinematics.FoldTree: delete_jump_seqpos: deleting jump 1637
core.kinematics.FoldTree: delete_jump_seqpos: renumbering jump 7310 to 1637
core.kinematics.FoldTree: delete_jump_seqpos: deleting jump 1638
core.kinematics.FoldTree: delete_jump_seqpos: renumbering jump 7309 to 1638
core.kinematics.FoldTree: delete_jump_seqpos: deleting jump 1639
core.kinematics.FoldTree: delete_jump_seqpos: renumbering jump 7308 to 1639
core.kinematics.FoldTree: delete_jump_seqpos: deleting jump 1640
core.kinematics.FoldTree: delete_jump_seqpos: renumbering jump 7307 to 1640
core.kinematics.FoldTree: delete_jump_seqpos: deleting jump 1641
core.kinematics.FoldTree: delete_jump_seqpos: renumbering jump 7306 to 1641
core.kinematics.FoldTree: delete_jump_seqpos: deleting jump 1642
core.kinematics.FoldTree: delete_jump_seqpos: renumbering jump 7305 to 1642
core.kinematics.FoldTree: delete_jump_seqpos: deleting jump 1643
core.kinematics.FoldTree: delete_jump_seqpos: renumbering jump 7304 to 1643
core.kinematics.FoldTree: delete_jump_seqpos: deleting jump 1644
core.kinematics.FoldTree: delete_jump_seqpos: renumbering jump 7303 to 1644
core.kinematics.FoldTree: delete_jump_seqpos: deleting jump 1645
core.kinematics.FoldTree: delete_jump_seqpos: renumbering jump 7302 to 1645
core.kinematics.FoldTree: delete_jump_seqpos: deleting jump 1646
core.kinematics.FoldTree: delete_jump_seqpos: renumbering jump 7301 to 1646
core.kinematics.FoldTree: delete_jump_seqpos: deleting jump 1647
core.kinematics.FoldTree: delete_jump_seqpos: renumbering jump 7300 to 1647
core.kinematics.FoldTree: delete_jump_seqpos: deleting jump 1648
core.kinematics.FoldTree: delete_jump_seqpos: renumbering jump 7299 to 1648
core.kinematics.FoldTree: delete_jump_seqpos: deleting jump 1649
core.kinematics.FoldTree: delete_jump_seqpos: renumbering jump 7298 to 1649
core.kinematics.FoldTree: delete_jump_seqpos: deleting jump 1650
core.kinematics.FoldTree: delete_jump_seqpos: renumbering jump 7297 to 1650
core.kinematics.FoldTree: delete_jump_seqpos: deleting jump 1651
core.kinematics.FoldTree: delete_jump_seqpos: renumbering jump 7296 to 1651
core.kinematics.FoldTree: delete_jump_seqpos: deleting jump 1652
core.kinematics.FoldTree: delete_jump_seqpos: renumbering jump 7295 to 1652
core.kinematics.FoldTree: delete_jump_seqpos: deleting jump 1653
core.kinematics.FoldTree: delete_jump_seqpos: renumbering jump 7294 to 1653
core.kinematics.FoldTree: delete_jump_seqpos: deleting jump 1654
core.kinematics.FoldTree: delete_jump_seqpos: renumbering jump 7293 to 1654
core.kinematics.FoldTree: delete_jump_seqpos: deleting jump 1655
core.kinematics.FoldTree: delete_jump_seqpos: renumbering jump 7292 to 1655
core.kinematics.FoldTree: delete_jump_seqpos: deleting jump 1656
core.kinematics.FoldTree: delete_jump_seqpos: renumbering jump 7291 to 1656
core.kinematics.FoldTree: delete_jump_seqpos: deleting jump 1657
core.kinematics.FoldTree: delete_jump_seqpos: renumbering jump 7290 to 1657
core.kinematics.FoldTree: delete_jump_seqpos: deleting jump 1658
core.kinematics.FoldTree: delete_jump_seqpos: renumbering jump 7289 to 1658
core.kinematics.FoldTree: delete_jump_seqpos: deleting jump 1659
core.kinematics.FoldTree: delete_jump_seqpos: renumbering jump 7288 to 1659
core.kinematics.FoldTree: delete_jump_seqpos: deleting jump 1660
core.kinematics.FoldTree: delete_jump_seqpos: renumbering jump 7287 to 1660
core.kinematics.FoldTree: delete_jump_seqpos: deleting jump 1661
core.kinematics.FoldTree: delete_jump_seqpos: renumbering jump 7286 to 1661
core.kinematics.FoldTree: delete_jump_seqpos: deleting jump 1662
core.kinematics.FoldTree: delete_jump_seqpos: renumbering jump 7285 to 1662
core.kinematics.FoldTree: delete_jump_seqpos: deleting jump 1663
core.kinematics.FoldTree: delete_jump_seqpos: renumbering jump 7284 to 1663
core.kinematics.FoldTree: delete_jump_seqpos: deleting jump 1664
core.kinematics.FoldTree: delete_jump_seqpos: renumbering jump 7283 to 1664
core.kinematics.FoldTree: delete_jump_seqpos: deleting jump 1665
core.kinematics.FoldTree: delete_jump_seqpos: renumbering jump 7282 to 1665
core.kinematics.FoldTree: delete_jump_seqpos: deleting jump 1666
core.kinematics.FoldTree: delete_jump_seqpos: renumbering jump 7281 to 1666
core.kinematics.FoldTree: delete_jump_seqpos: deleting jump 1667
core.kinematics.FoldTree: delete_jump_seqpos: renumbering jump 7280 to 1667
core.kinematics.FoldTree: delete_jump_seqpos: deleting jump 1668
core.kinematics.FoldTree: delete_jump_seqpos: renumbering jump 7279 to 1668
core.kinematics.FoldTree: delete_jump_seqpos: deleting jump 1669
core.kinematics.FoldTree: delete_jump_seqpos: renumbering jump 7278 to 1669
core.kinematics.FoldTree: delete_jump_seqpos: deleting jump 1670
core.kinematics.FoldTree: delete_jump_seqpos: renumbering jump 7277 to 1670
core.kinematics.FoldTree: delete_jump_seqpos: deleting jump 1671
core.kinematics.FoldTree: delete_jump_seqpos: renumbering jump 7276 to 1671
core.kinematics.FoldTree: delete_jump_seqpos: deleting jump 1672
core.kinematics.FoldTree: delete_jump_seqpos: renumbering jump 7275 to 1672
core.kinematics.FoldTree: delete_jump_seqpos: deleting jump 1673
core.kinematics.FoldTree: delete_jump_seqpos: renumbering jump 7274 to 1673
core.kinematics.FoldTree: delete_jump_seqpos: deleting jump 1674
core.kinematics.FoldTree: delete_jump_seqpos: renumbering jump 7273 to 1674
core.kinematics.FoldTree: delete_jump_seqpos: deleting jump 1675
core.kinematics.FoldTree: delete_jump_seqpos: renumbering jump 7272 to 1675
core.kinematics.FoldTree: delete_jump_seqpos: deleting jump 1676
core.kinematics.FoldTree: delete_jump_seqpos: renumbering jump 7271 to 1676
core.kinematics.FoldTree: delete_jump_seqpos: deleting jump 1677
core.kinematics.FoldTree: delete_jump_seqpos: renumbering jump 7270 to 1677
core.kinematics.FoldTree: delete_jump_seqpos: deleting jump 1678
core.kinematics.FoldTree: delete_jump_seqpos: renumbering jump 7269 to 1678
core.kinematics.FoldTree: delete_jump_seqpos: deleting jump 1679
core.kinematics.FoldTree: delete_jump_seqpos: renumbering jump 7268 to 1679
core.kinematics.FoldTree: delete_jump_seqpos: deleting jump 1680
core.kinematics.FoldTree: delete_jump_seqpos: renumbering jump 7267 to 1680
core.kinematics.FoldTree: delete_jump_seqpos: deleting jump 1681
core.kinematics.FoldTree: delete_jump_seqpos: renumbering jump 7266 to 1681
core.kinematics.FoldTree: delete_jump_seqpos: deleting jump 1682
core.kinematics.FoldTree: delete_jump_seqpos: renumbering jump 7265 to 1682
core.kinematics.FoldTree: delete_jump_seqpos: deleting jump 1683
core.kinematics.FoldTree: delete_jump_seqpos: renumbering jump 7264 to 1683
core.kinematics.FoldTree: delete_jump_seqpos: deleting jump 1684
core.kinematics.FoldTree: delete_jump_seqpos: renumbering jump 7263 to 1684
core.kinematics.FoldTree: delete_jump_seqpos: deleting jump 1685
core.kinematics.FoldTree: delete_jump_seqpos: renumbering jump 7262 to 1685
core.kinematics.FoldTree: delete_jump_seqpos: deleting jump 1686
core.kinematics.FoldTree: delete_jump_seqpos: renumbering jump 7261 to 1686
core.kinematics.FoldTree: delete_jump_seqpos: deleting jump 1687
core.kinematics.FoldTree: delete_jump_seqpos: renumbering jump 7260 to 1687
core.kinematics.FoldTree: delete_jump_seqpos: deleting jump 1688
core.kinematics.FoldTree: delete_jump_seqpos: renumbering jump 7259 to 1688
core.kinematics.FoldTree: delete_jump_seqpos: deleting jump 1689
core.kinematics.FoldTree: delete_jump_seqpos: renumbering jump 7258 to 1689
core.kinematics.FoldTree: delete_jump_seqpos: deleting jump 1690
core.kinematics.FoldTree: delete_jump_seqpos: renumbering jump 7257 to 1690
core.kinematics.FoldTree: delete_jump_seqpos: deleting jump 1691
core.kinematics.FoldTree: delete_jump_seqpos: renumbering jump 7256 to 1691
core.kinematics.FoldTree: delete_jump_seqpos: deleting jump 1692
core.kinematics.FoldTree: delete_jump_seqpos: renumbering jump 7255 to 1692
core.kinematics.FoldTree: delete_jump_seqpos: deleting jump 1693
core.kinematics.FoldTree: delete_jump_seqpos: renumbering jump 7254 to 1693
core.kinematics.FoldTree: delete_jump_seqpos: deleting jump 1694
core.kinematics.FoldTree: delete_jump_seqpos: renumbering jump 7253 to 1694
core.kinematics.FoldTree: delete_jump_seqpos: deleting jump 1695
core.kinematics.FoldTree: delete_jump_seqpos: renumbering jump 7252 to 1695
core.kinematics.FoldTree: delete_jump_seqpos: deleting jump 1696
core.kinematics.FoldTree: delete_jump_seqpos: renumbering jump 7251 to 1696
core.kinematics.FoldTree: delete_jump_seqpos: deleting jump 1697
core.kinematics.FoldTree: delete_jump_seqpos: renumbering jump 7250 to 1697
core.kinematics.FoldTree: delete_jump_seqpos: deleting jump 1698
core.kinematics.FoldTree: delete_jump_seqpos: renumbering jump 7249 to 1698
core.kinematics.FoldTree: delete_jump_seqpos: deleting jump 1699
core.kinematics.FoldTree: delete_jump_seqpos: renumbering jump 7248 to 1699
core.kinematics.FoldTree: delete_jump_seqpos: deleting jump 1700
core.kinematics.FoldTree: delete_jump_seqpos: renumbering jump 7247 to 1700
core.kinematics.FoldTree: delete_jump_seqpos: deleting jump 1701
core.kinematics.FoldTree: delete_jump_seqpos: renumbering jump 7246 to 1701
core.kinematics.FoldTree: delete_jump_seqpos: deleting jump 1702
core.kinematics.FoldTree: delete_jump_seqpos: renumbering jump 7245 to 1702
core.kinematics.FoldTree: delete_jump_seqpos: deleting jump 1703
core.kinematics.FoldTree: delete_jump_seqpos: renumbering jump 7244 to 1703
core.kinematics.FoldTree: delete_jump_seqpos: deleting jump 1704
core.kinematics.FoldTree: delete_jump_seqpos: renumbering jump 7243 to 1704
core.kinematics.FoldTree: delete_jump_seqpos: deleting jump 1705
core.kinematics.FoldTree: delete_jump_seqpos: renumbering jump 7242 to 1705
core.kinematics.FoldTree: delete_jump_seqpos: deleting jump 1706
core.kinematics.FoldTree: delete_jump_seqpos: renumbering jump 7241 to 1706
core.kinematics.FoldTree: delete_jump_seqpos: deleting jump 1707
core.kinematics.FoldTree: delete_jump_seqpos: renumbering jump 7240 to 1707
core.kinematics.FoldTree: delete_jump_seqpos: deleting jump 1708
core.kinematics.FoldTree: delete_jump_seqpos: renumbering jump 7239 to 1708
core.kinematics.FoldTree: delete_jump_seqpos: deleting jump 1709
core.kinematics.FoldTree: delete_jump_seqpos: renumbering jump 7238 to 1709
core.kinematics.FoldTree: delete_jump_seqpos: deleting jump 1710
core.kinematics.FoldTree: delete_jump_seqpos: renumbering jump 7237 to 1710
core.kinematics.FoldTree: delete_jump_seqpos: deleting jump 1711
core.kinematics.FoldTree: delete_jump_seqpos: renumbering jump 7236 to 1711
core.kinematics.FoldTree: delete_jump_seqpos: deleting jump 1712
core.kinematics.FoldTree: delete_jump_seqpos: renumbering jump 7235 to 1712
core.kinematics.FoldTree: delete_jump_seqpos: deleting jump 1713
core.kinematics.FoldTree: delete_jump_seqpos: renumbering jump 7234 to 1713
core.kinematics.FoldTree: delete_jump_seqpos: deleting jump 1714
core.kinematics.FoldTree: delete_jump_seqpos: renumbering jump 7233 to 1714
core.kinematics.FoldTree: delete_jump_seqpos: deleting jump 1715
core.kinematics.FoldTree: delete_jump_seqpos: renumbering jump 7232 to 1715
core.kinematics.FoldTree: delete_jump_seqpos: deleting jump 1716
core.kinematics.FoldTree: delete_jump_seqpos: renumbering jump 7231 to 1716
core.kinematics.FoldTree: delete_jump_seqpos: deleting jump 1717
core.kinematics.FoldTree: delete_jump_seqpos: renumbering jump 7230 to 1717
core.kinematics.FoldTree: delete_jump_seqpos: deleting jump 1718
core.kinematics.FoldTree: delete_jump_seqpos: renumbering jump 7229 to 1718
core.kinematics.FoldTree: delete_jump_seqpos: deleting jump 1719
core.kinematics.FoldTree: delete_jump_seqpos: renumbering jump 7228 to 1719
core.kinematics.FoldTree: delete_jump_seqpos: deleting jump 1720
core.kinematics.FoldTree: delete_jump_seqpos: renumbering jump 7227 to 1720
core.kinematics.FoldTree: delete_jump_seqpos: deleting jump 1721
core.kinematics.FoldTree: delete_jump_seqpos: renumbering jump 7226 to 1721
core.kinematics.FoldTree: delete_jump_seqpos: deleting jump 1722
core.kinematics.FoldTree: delete_jump_seqpos: renumbering jump 7225 to 1722
core.kinematics.FoldTree: delete_jump_seqpos: deleting jump 1723
core.kinematics.FoldTree: delete_jump_seqpos: renumbering jump 7224 to 1723
core.kinematics.FoldTree: delete_jump_seqpos: deleting jump 1724
core.kinematics.FoldTree: delete_jump_seqpos: renumbering jump 7223 to 1724
core.kinematics.FoldTree: delete_jump_seqpos: deleting jump 1725
core.kinematics.FoldTree: delete_jump_seqpos: renumbering jump 7222 to 1725
core.kinematics.FoldTree: delete_jump_seqpos: deleting jump 1726
core.kinematics.FoldTree: delete_jump_seqpos: renumbering jump 7221 to 1726
core.kinematics.FoldTree: delete_jump_seqpos: deleting jump 1727
core.kinematics.FoldTree: delete_jump_seqpos: renumbering jump 7220 to 1727
core.kinematics.FoldTree: delete_jump_seqpos: deleting jump 1728
core.kinematics.FoldTree: delete_jump_seqpos: renumbering jump 7219 to 1728
core.kinematics.FoldTree: delete_jump_seqpos: deleting jump 1729
core.kinematics.FoldTree: delete_jump_seqpos: renumbering jump 7218 to 1729
core.kinematics.FoldTree: delete_jump_seqpos: deleting jump 1730
core.kinematics.FoldTree: delete_jump_seqpos: renumbering jump 7217 to 1730
core.kinematics.FoldTree: delete_jump_seqpos: deleting jump 1731
core.kinematics.FoldTree: delete_jump_seqpos: renumbering jump 7216 to 1731
core.kinematics.FoldTree: delete_jump_seqpos: deleting jump 1732
core.kinematics.FoldTree: delete_jump_seqpos: renumbering jump 7215 to 1732
core.kinematics.FoldTree: delete_jump_seqpos: deleting jump 1733
core.kinematics.FoldTree: delete_jump_seqpos: renumbering jump 7214 to 1733
core.kinematics.FoldTree: delete_jump_seqpos: deleting jump 1734
core.kinematics.FoldTree: delete_jump_seqpos: renumbering jump 7213 to 1734
core.kinematics.FoldTree: delete_jump_seqpos: deleting jump 1735
core.kinematics.FoldTree: delete_jump_seqpos: renumbering jump 7212 to 1735
core.kinematics.FoldTree: delete_jump_seqpos: deleting jump 1736
core.kinematics.FoldTree: delete_jump_seqpos: renumbering jump 7211 to 1736
core.kinematics.FoldTree: delete_jump_seqpos: deleting jump 1737
core.kinematics.FoldTree: delete_jump_seqpos: renumbering jump 7210 to 1737
core.kinematics.FoldTree: delete_jump_seqpos: deleting jump 1738
core.kinematics.FoldTree: delete_jump_seqpos: renumbering jump 7209 to 1738
core.kinematics.FoldTree: delete_jump_seqpos: deleting jump 1739
core.kinematics.FoldTree: delete_jump_seqpos: renumbering jump 7208 to 1739
core.kinematics.FoldTree: delete_jump_seqpos: deleting jump 1740
core.kinematics.FoldTree: delete_jump_seqpos: renumbering jump 7207 to 1740
core.kinematics.FoldTree: delete_jump_seqpos: deleting jump 1741
core.kinematics.FoldTree: delete_jump_seqpos: renumbering jump 7206 to 1741
core.kinematics.FoldTree: delete_jump_seqpos: deleting jump 1742
core.kinematics.FoldTree: delete_jump_seqpos: renumbering jump 7205 to 1742
core.kinematics.FoldTree: delete_jump_seqpos: deleting jump 1743
core.kinematics.FoldTree: delete_jump_seqpos: renumbering jump 7204 to 1743
core.kinematics.FoldTree: delete_jump_seqpos: deleting jump 1744
core.kinematics.FoldTree: delete_jump_seqpos: renumbering jump 7203 to 1744
core.kinematics.FoldTree: delete_jump_seqpos: deleting jump 1745
core.kinematics.FoldTree: delete_jump_seqpos: renumbering jump 7202 to 1745
core.kinematics.FoldTree: delete_jump_seqpos: deleting jump 1746
core.kinematics.FoldTree: delete_jump_seqpos: renumbering jump 7201 to 1746
core.kinematics.FoldTree: delete_jump_seqpos: deleting jump 1747
core.kinematics.FoldTree: delete_jump_seqpos: renumbering jump 7200 to 1747
core.kinematics.FoldTree: delete_jump_seqpos: deleting jump 1748
core.kinematics.FoldTree: delete_jump_seqpos: renumbering jump 7199 to 1748
core.kinematics.FoldTree: delete_jump_seqpos: deleting jump 1749
core.kinematics.FoldTree: delete_jump_seqpos: renumbering jump 7198 to 1749
core.kinematics.FoldTree: delete_jump_seqpos: deleting jump 1750
core.kinematics.FoldTree: delete_jump_seqpos: renumbering jump 7197 to 1750
core.kinematics.FoldTree: delete_jump_seqpos: deleting jump 1751
core.kinematics.FoldTree: delete_jump_seqpos: renumbering jump 7196 to 1751
core.kinematics.FoldTree: delete_jump_seqpos: deleting jump 1752
core.kinematics.FoldTree: delete_jump_seqpos: renumbering jump 7195 to 1752
core.kinematics.FoldTree: delete_jump_seqpos: deleting jump 1753
core.kinematics.FoldTree: delete_jump_seqpos: renumbering jump 7194 to 1753
core.kinematics.FoldTree: delete_jump_seqpos: deleting jump 1754
core.kinematics.FoldTree: delete_jump_seqpos: renumbering jump 7193 to 1754
core.kinematics.FoldTree: delete_jump_seqpos: deleting jump 1755
core.kinematics.FoldTree: delete_jump_seqpos: renumbering jump 7192 to 1755
core.kinematics.FoldTree: delete_jump_seqpos: deleting jump 1756
core.kinematics.FoldTree: delete_jump_seqpos: renumbering jump 7191 to 1756
core.kinematics.FoldTree: delete_jump_seqpos: deleting jump 1757
core.kinematics.FoldTree: delete_jump_seqpos: renumbering jump 7190 to 1757
core.kinematics.FoldTree: delete_jump_seqpos: deleting jump 1758
core.kinematics.FoldTree: delete_jump_seqpos: renumbering jump 7189 to 1758
core.kinematics.FoldTree: delete_jump_seqpos: deleting jump 1759
core.kinematics.FoldTree: delete_jump_seqpos: renumbering jump 7188 to 1759
core.kinematics.FoldTree: delete_jump_seqpos: deleting jump 1760
core.kinematics.FoldTree: delete_jump_seqpos: renumbering jump 7187 to 1760
core.kinematics.FoldTree: delete_jump_seqpos: deleting jump 1761
core.kinematics.FoldTree: delete_jump_seqpos: renumbering jump 7186 to 1761
core.kinematics.FoldTree: delete_jump_seqpos: deleting jump 1762
core.kinematics.FoldTree: delete_jump_seqpos: renumbering jump 7185 to 1762
core.kinematics.FoldTree: delete_jump_seqpos: deleting jump 1763
core.kinematics.FoldTree: delete_jump_seqpos: renumbering jump 7184 to 1763
core.kinematics.FoldTree: delete_jump_seqpos: deleting jump 1764
core.kinematics.FoldTree: delete_jump_seqpos: renumbering jump 7183 to 1764
core.kinematics.FoldTree: delete_jump_seqpos: deleting jump 1765
core.kinematics.FoldTree: delete_jump_seqpos: renumbering jump 7182 to 1765
core.kinematics.FoldTree: delete_jump_seqpos: deleting jump 1766
core.kinematics.FoldTree: delete_jump_seqpos: renumbering jump 7181 to 1766
core.kinematics.FoldTree: delete_jump_seqpos: deleting jump 1767
core.kinematics.FoldTree: delete_jump_seqpos: renumbering jump 7180 to 1767
core.kinematics.FoldTree: delete_jump_seqpos: deleting jump 1768
core.kinematics.FoldTree: delete_jump_seqpos: renumbering jump 7179 to 1768
core.kinematics.FoldTree: delete_jump_seqpos: deleting jump 1769
core.kinematics.FoldTree: delete_jump_seqpos: renumbering jump 7178 to 1769
core.kinematics.FoldTree: delete_jump_seqpos: deleting jump 1770
core.kinematics.FoldTree: delete_jump_seqpos: renumbering jump 7177 to 1770
core.kinematics.FoldTree: delete_jump_seqpos: deleting jump 1771
core.kinematics.FoldTree: delete_jump_seqpos: renumbering jump 7176 to 1771
core.kinematics.FoldTree: delete_jump_seqpos: deleting jump 1772
core.kinematics.FoldTree: delete_jump_seqpos: renumbering jump 7175 to 1772
core.kinematics.FoldTree: delete_jump_seqpos: deleting jump 1773
core.kinematics.FoldTree: delete_jump_seqpos: renumbering jump 7174 to 1773
core.kinematics.FoldTree: delete_jump_seqpos: deleting jump 1774
core.kinematics.FoldTree: delete_jump_seqpos: renumbering jump 7173 to 1774
core.kinematics.FoldTree: delete_jump_seqpos: deleting jump 1775
core.kinematics.FoldTree: delete_jump_seqpos: renumbering jump 7172 to 1775
core.kinematics.FoldTree: delete_jump_seqpos: deleting jump 1776
core.kinematics.FoldTree: delete_jump_seqpos: renumbering jump 7171 to 1776
core.kinematics.FoldTree: delete_jump_seqpos: deleting jump 1777
core.kinematics.FoldTree: delete_jump_seqpos: renumbering jump 7170 to 1777
core.kinematics.FoldTree: delete_jump_seqpos: deleting jump 1778
core.kinematics.FoldTree: delete_jump_seqpos: renumbering jump 7169 to 1778
core.kinematics.FoldTree: delete_jump_seqpos: deleting jump 1779
core.kinematics.FoldTree: delete_jump_seqpos: renumbering jump 7168 to 1779
core.kinematics.FoldTree: delete_jump_seqpos: deleting jump 1780
core.kinematics.FoldTree: delete_jump_seqpos: renumbering jump 7167 to 1780
core.kinematics.FoldTree: delete_jump_seqpos: deleting jump 1781
core.kinematics.FoldTree: delete_jump_seqpos: renumbering jump 7166 to 1781
core.kinematics.FoldTree: delete_jump_seqpos: deleting jump 1782
core.kinematics.FoldTree: delete_jump_seqpos: renumbering jump 7165 to 1782
core.kinematics.FoldTree: delete_jump_seqpos: deleting jump 1783
core.kinematics.FoldTree: delete_jump_seqpos: renumbering jump 7164 to 1783
core.kinematics.FoldTree: delete_jump_seqpos: deleting jump 1784
core.kinematics.FoldTree: delete_jump_seqpos: renumbering jump 7163 to 1784
core.kinematics.FoldTree: delete_jump_seqpos: deleting jump 1785
core.kinematics.FoldTree: delete_jump_seqpos: renumbering jump 7162 to 1785
core.kinematics.FoldTree: delete_jump_seqpos: deleting jump 1786
core.kinematics.FoldTree: delete_jump_seqpos: renumbering jump 7161 to 1786
core.kinematics.FoldTree: delete_jump_seqpos: deleting jump 1787
core.kinematics.FoldTree: delete_jump_seqpos: renumbering jump 7160 to 1787
core.kinematics.FoldTree: delete_jump_seqpos: deleting jump 1788
core.kinematics.FoldTree: delete_jump_seqpos: renumbering jump 7159 to 1788
core.kinematics.FoldTree: delete_jump_seqpos: deleting jump 1789
core.kinematics.FoldTree: delete_jump_seqpos: renumbering jump 7158 to 1789
core.kinematics.FoldTree: delete_jump_seqpos: deleting jump 1790
core.kinematics.FoldTree: delete_jump_seqpos: renumbering jump 7157 to 1790
core.kinematics.FoldTree: delete_jump_seqpos: deleting jump 1791
core.kinematics.FoldTree: delete_jump_seqpos: renumbering jump 7156 to 1791
core.kinematics.FoldTree: delete_jump_seqpos: deleting jump 1792
core.kinematics.FoldTree: delete_jump_seqpos: renumbering jump 7155 to 1792
core.kinematics.FoldTree: delete_jump_seqpos: deleting jump 1793
core.kinematics.FoldTree: delete_jump_seqpos: renumbering jump 7154 to 1793
core.kinematics.FoldTree: delete_jump_seqpos: deleting jump 1794
core.kinematics.FoldTree: delete_jump_seqpos: renumbering jump 7153 to 1794
core.kinematics.FoldTree: delete_jump_seqpos: deleting jump 1795
core.kinematics.FoldTree: delete_jump_seqpos: renumbering jump 7152 to 1795
core.kinematics.FoldTree: delete_jump_seqpos: deleting jump 1796
core.kinematics.FoldTree: delete_jump_seqpos: renumbering jump 7151 to 1796
core.kinematics.FoldTree: delete_jump_seqpos: deleting jump 1797
core.kinematics.FoldTree: delete_jump_seqpos: renumbering jump 7150 to 1797
core.kinematics.FoldTree: delete_jump_seqpos: deleting jump 1798
core.kinematics.FoldTree: delete_jump_seqpos: renumbering jump 7149 to 1798
core.kinematics.FoldTree: delete_jump_seqpos: deleting jump 1799
core.kinematics.FoldTree: delete_jump_seqpos: renumbering jump 7148 to 1799
core.kinematics.FoldTree: delete_jump_seqpos: deleting jump 1800
core.kinematics.FoldTree: delete_jump_seqpos: renumbering jump 7147 to 1800
core.kinematics.FoldTree: delete_jump_seqpos: deleting jump 1801
core.kinematics.FoldTree: delete_jump_seqpos: renumbering jump 7146 to 1801
core.kinematics.FoldTree: delete_jump_seqpos: deleting jump 1802
core.kinematics.FoldTree: delete_jump_seqpos: renumbering jump 7145 to 1802
core.kinematics.FoldTree: delete_jump_seqpos: deleting jump 1803
core.kinematics.FoldTree: delete_jump_seqpos: renumbering jump 7144 to 1803
core.kinematics.FoldTree: delete_jump_seqpos: deleting jump 1804
core.kinematics.FoldTree: delete_jump_seqpos: renumbering jump 7143 to 1804
core.kinematics.FoldTree: delete_jump_seqpos: deleting jump 1805
core.kinematics.FoldTree: delete_jump_seqpos: renumbering jump 7142 to 1805
core.kinematics.FoldTree: delete_jump_seqpos: deleting jump 1806
core.kinematics.FoldTree: delete_jump_seqpos: renumbering jump 7141 to 1806
core.kinematics.FoldTree: delete_jump_seqpos: deleting jump 1807
core.kinematics.FoldTree: delete_jump_seqpos: renumbering jump 7140 to 1807
core.kinematics.FoldTree: delete_jump_seqpos: deleting jump 1808
core.kinematics.FoldTree: delete_jump_seqpos: renumbering jump 7139 to 1808
core.kinematics.FoldTree: delete_jump_seqpos: deleting jump 1809
core.kinematics.FoldTree: delete_jump_seqpos: renumbering jump 7138 to 1809
core.kinematics.FoldTree: delete_jump_seqpos: deleting jump 1810
core.kinematics.FoldTree: delete_jump_seqpos: renumbering jump 7137 to 1810
core.kinematics.FoldTree: delete_jump_seqpos: deleting jump 1811
core.kinematics.FoldTree: delete_jump_seqpos: renumbering jump 7136 to 1811
core.kinematics.FoldTree: delete_jump_seqpos: deleting jump 1812
core.kinematics.FoldTree: delete_jump_seqpos: renumbering jump 7135 to 1812
core.kinematics.FoldTree: delete_jump_seqpos: deleting jump 1813
core.kinematics.FoldTree: delete_jump_seqpos: renumbering jump 7134 to 1813
core.kinematics.FoldTree: delete_jump_seqpos: deleting jump 1814
core.kinematics.FoldTree: delete_jump_seqpos: renumbering jump 7133 to 1814
core.kinematics.FoldTree: delete_jump_seqpos: deleting jump 1815
core.kinematics.FoldTree: delete_jump_seqpos: renumbering jump 7132 to 1815
core.kinematics.FoldTree: delete_jump_seqpos: deleting jump 1816
core.kinematics.FoldTree: delete_jump_seqpos: renumbering jump 7131 to 1816
core.kinematics.FoldTree: delete_jump_seqpos: deleting jump 1817
core.kinematics.FoldTree: delete_jump_seqpos: renumbering jump 7130 to 1817
core.kinematics.FoldTree: delete_jump_seqpos: deleting jump 1818
core.kinematics.FoldTree: delete_jump_seqpos: renumbering jump 7129 to 1818
core.kinematics.FoldTree: delete_jump_seqpos: deleting jump 1819
core.kinematics.FoldTree: delete_jump_seqpos: renumbering jump 7128 to 1819
core.kinematics.FoldTree: delete_jump_seqpos: deleting jump 1820
core.kinematics.FoldTree: delete_jump_seqpos: renumbering jump 7127 to 1820
core.kinematics.FoldTree: delete_jump_seqpos: deleting jump 1821
core.kinematics.FoldTree: delete_jump_seqpos: renumbering jump 7126 to 1821
core.kinematics.FoldTree: delete_jump_seqpos: deleting jump 1822
core.kinematics.FoldTree: delete_jump_seqpos: renumbering jump 7125 to 1822
core.kinematics.FoldTree: delete_jump_seqpos: deleting jump 1823
core.kinematics.FoldTree: delete_jump_seqpos: renumbering jump 7124 to 1823
core.kinematics.FoldTree: delete_jump_seqpos: deleting jump 1824
core.kinematics.FoldTree: delete_jump_seqpos: renumbering jump 7123 to 1824
core.kinematics.FoldTree: delete_jump_seqpos: deleting jump 1825
core.kinematics.FoldTree: delete_jump_seqpos: renumbering jump 7122 to 1825
core.kinematics.FoldTree: delete_jump_seqpos: deleting jump 1826
core.kinematics.FoldTree: delete_jump_seqpos: renumbering jump 7121 to 1826
core.kinematics.FoldTree: delete_jump_seqpos: deleting jump 1827
core.kinematics.FoldTree: delete_jump_seqpos: renumbering jump 7120 to 1827
core.kinematics.FoldTree: delete_jump_seqpos: deleting jump 1828
core.kinematics.FoldTree: delete_jump_seqpos: renumbering jump 7119 to 1828
core.kinematics.FoldTree: delete_jump_seqpos: deleting jump 1829
core.kinematics.FoldTree: delete_jump_seqpos: renumbering jump 7118 to 1829
core.kinematics.FoldTree: delete_jump_seqpos: deleting jump 1830
core.kinematics.FoldTree: delete_jump_seqpos: renumbering jump 7117 to 1830
core.kinematics.FoldTree: delete_jump_seqpos: deleting jump 1831
core.kinematics.FoldTree: delete_jump_seqpos: renumbering jump 7116 to 1831
core.kinematics.FoldTree: delete_jump_seqpos: deleting jump 1832
core.kinematics.FoldTree: delete_jump_seqpos: renumbering jump 7115 to 1832
core.kinematics.FoldTree: delete_jump_seqpos: deleting jump 1833
core.kinematics.FoldTree: delete_jump_seqpos: renumbering jump 7114 to 1833
core.kinematics.FoldTree: delete_jump_seqpos: deleting jump 1834
core.kinematics.FoldTree: delete_jump_seqpos: renumbering jump 7113 to 1834
core.kinematics.FoldTree: delete_jump_seqpos: deleting jump 1835
core.kinematics.FoldTree: delete_jump_seqpos: renumbering jump 7112 to 1835
core.kinematics.FoldTree: delete_jump_seqpos: deleting jump 1836
core.kinematics.FoldTree: delete_jump_seqpos: renumbering jump 7111 to 1836
core.kinematics.FoldTree: delete_jump_seqpos: deleting jump 1837
core.kinematics.FoldTree: delete_jump_seqpos: renumbering jump 7110 to 1837
core.kinematics.FoldTree: delete_jump_seqpos: deleting jump 1838
core.kinematics.FoldTree: delete_jump_seqpos: renumbering jump 7109 to 1838
core.kinematics.FoldTree: delete_jump_seqpos: deleting jump 1839
core.kinematics.FoldTree: delete_jump_seqpos: renumbering jump 7108 to 1839
core.kinematics.FoldTree: delete_jump_seqpos: deleting jump 1840
core.kinematics.FoldTree: delete_jump_seqpos: renumbering jump 7107 to 1840
core.kinematics.FoldTree: delete_jump_seqpos: deleting jump 1841
core.kinematics.FoldTree: delete_jump_seqpos: renumbering jump 7106 to 1841
core.kinematics.FoldTree: delete_jump_seqpos: deleting jump 1842
core.kinematics.FoldTree: delete_jump_seqpos: renumbering jump 7105 to 1842
core.kinematics.FoldTree: delete_jump_seqpos: deleting jump 1843
core.kinematics.FoldTree: delete_jump_seqpos: renumbering jump 7104 to 1843
core.kinematics.FoldTree: delete_jump_seqpos: deleting jump 1844
core.kinematics.FoldTree: delete_jump_seqpos: renumbering jump 7103 to 1844
core.kinematics.FoldTree: delete_jump_seqpos: deleting jump 1845
core.kinematics.FoldTree: delete_jump_seqpos: renumbering jump 7102 to 1845
core.kinematics.FoldTree: delete_jump_seqpos: deleting jump 1846
core.kinematics.FoldTree: delete_jump_seqpos: renumbering jump 7101 to 1846
core.kinematics.FoldTree: delete_jump_seqpos: deleting jump 1847
core.kinematics.FoldTree: delete_jump_seqpos: renumbering jump 7100 to 1847
core.kinematics.FoldTree: delete_jump_seqpos: deleting jump 1848
core.kinematics.FoldTree: delete_jump_seqpos: renumbering jump 7099 to 1848
core.kinematics.FoldTree: delete_jump_seqpos: deleting jump 1849
core.kinematics.FoldTree: delete_jump_seqpos: renumbering jump 7098 to 1849
core.kinematics.FoldTree: delete_jump_seqpos: deleting jump 1850
core.kinematics.FoldTree: delete_jump_seqpos: renumbering jump 7097 to 1850
core.kinematics.FoldTree: delete_jump_seqpos: deleting jump 1851
core.kinematics.FoldTree: delete_jump_seqpos: renumbering jump 7096 to 1851
core.kinematics.FoldTree: delete_jump_seqpos: deleting jump 1852
core.kinematics.FoldTree: delete_jump_seqpos: renumbering jump 7095 to 1852
core.kinematics.FoldTree: delete_jump_seqpos: deleting jump 1853
core.kinematics.FoldTree: delete_jump_seqpos: renumbering jump 7094 to 1853
core.kinematics.FoldTree: delete_jump_seqpos: deleting jump 1854
core.kinematics.FoldTree: delete_jump_seqpos: renumbering jump 7093 to 1854
core.kinematics.FoldTree: delete_jump_seqpos: deleting jump 1855
core.kinematics.FoldTree: delete_jump_seqpos: renumbering jump 7092 to 1855
core.kinematics.FoldTree: delete_jump_seqpos: deleting jump 1856
core.kinematics.FoldTree: delete_jump_seqpos: renumbering jump 7091 to 1856
core.kinematics.FoldTree: delete_jump_seqpos: deleting jump 1857
core.kinematics.FoldTree: delete_jump_seqpos: renumbering jump 7090 to 1857
core.kinematics.FoldTree: delete_jump_seqpos: deleting jump 1858
core.kinematics.FoldTree: delete_jump_seqpos: renumbering jump 7089 to 1858
core.kinematics.FoldTree: delete_jump_seqpos: deleting jump 1859
core.kinematics.FoldTree: delete_jump_seqpos: renumbering jump 7088 to 1859
core.kinematics.FoldTree: delete_jump_seqpos: deleting jump 1860
core.kinematics.FoldTree: delete_jump_seqpos: renumbering jump 7087 to 1860
core.kinematics.FoldTree: delete_jump_seqpos: deleting jump 1861
core.kinematics.FoldTree: delete_jump_seqpos: renumbering jump 7086 to 1861
core.kinematics.FoldTree: delete_jump_seqpos: deleting jump 1862
core.kinematics.FoldTree: delete_jump_seqpos: renumbering jump 7085 to 1862
core.kinematics.FoldTree: delete_jump_seqpos: deleting jump 1863
core.kinematics.FoldTree: delete_jump_seqpos: renumbering jump 7084 to 1863
core.kinematics.FoldTree: delete_jump_seqpos: deleting jump 1864
core.kinematics.FoldTree: delete_jump_seqpos: renumbering jump 7083 to 1864
core.kinematics.FoldTree: delete_jump_seqpos: deleting jump 1865
core.kinematics.FoldTree: delete_jump_seqpos: renumbering jump 7082 to 1865
core.kinematics.FoldTree: delete_jump_seqpos: deleting jump 1866
core.kinematics.FoldTree: delete_jump_seqpos: renumbering jump 7081 to 1866
core.kinematics.FoldTree: delete_jump_seqpos: deleting jump 1867
core.kinematics.FoldTree: delete_jump_seqpos: renumbering jump 7080 to 1867
core.kinematics.FoldTree: delete_jump_seqpos: deleting jump 1868
core.kinematics.FoldTree: delete_jump_seqpos: renumbering jump 7079 to 1868
core.kinematics.FoldTree: delete_jump_seqpos: deleting jump 1869
core.kinematics.FoldTree: delete_jump_seqpos: renumbering jump 7078 to 1869
core.kinematics.FoldTree: delete_jump_seqpos: deleting jump 1870
core.kinematics.FoldTree: delete_jump_seqpos: renumbering jump 7077 to 1870
core.kinematics.FoldTree: delete_jump_seqpos: deleting jump 1871
core.kinematics.FoldTree: delete_jump_seqpos: renumbering jump 7076 to 1871
core.kinematics.FoldTree: delete_jump_seqpos: deleting jump 1872
core.kinematics.FoldTree: delete_jump_seqpos: renumbering jump 7075 to 1872
core.kinematics.FoldTree: delete_jump_seqpos: deleting jump 1873
core.kinematics.FoldTree: delete_jump_seqpos: renumbering jump 7074 to 1873
core.kinematics.FoldTree: delete_jump_seqpos: deleting jump 1874
core.kinematics.FoldTree: delete_jump_seqpos: renumbering jump 7073 to 1874
core.kinematics.FoldTree: delete_jump_seqpos: deleting jump 1875
core.kinematics.FoldTree: delete_jump_seqpos: renumbering jump 7072 to 1875
core.kinematics.FoldTree: delete_jump_seqpos: deleting jump 1876
core.kinematics.FoldTree: delete_jump_seqpos: renumbering jump 7071 to 1876
core.kinematics.FoldTree: delete_jump_seqpos: deleting jump 1877
core.kinematics.FoldTree: delete_jump_seqpos: renumbering jump 7070 to 1877
core.kinematics.FoldTree: delete_jump_seqpos: deleting jump 1878
core.kinematics.FoldTree: delete_jump_seqpos: renumbering jump 7069 to 1878
core.kinematics.FoldTree: delete_jump_seqpos: deleting jump 1879
core.kinematics.FoldTree: delete_jump_seqpos: renumbering jump 7068 to 1879
core.kinematics.FoldTree: delete_jump_seqpos: deleting jump 1880
core.kinematics.FoldTree: delete_jump_seqpos: renumbering jump 7067 to 1880
core.kinematics.FoldTree: delete_jump_seqpos: deleting jump 1881
core.kinematics.FoldTree: delete_jump_seqpos: renumbering jump 7066 to 1881
core.kinematics.FoldTree: delete_jump_seqpos: deleting jump 1882
core.kinematics.FoldTree: delete_jump_seqpos: renumbering jump 7065 to 1882
core.kinematics.FoldTree: delete_jump_seqpos: deleting jump 1883
core.kinematics.FoldTree: delete_jump_seqpos: renumbering jump 7064 to 1883
core.kinematics.FoldTree: delete_jump_seqpos: deleting jump 1884
core.kinematics.FoldTree: delete_jump_seqpos: renumbering jump 7063 to 1884
core.kinematics.FoldTree: delete_jump_seqpos: deleting jump 1885
core.kinematics.FoldTree: delete_jump_seqpos: renumbering jump 7062 to 1885
core.kinematics.FoldTree: delete_jump_seqpos: deleting jump 1886
core.kinematics.FoldTree: delete_jump_seqpos: renumbering jump 7061 to 1886
core.kinematics.FoldTree: delete_jump_seqpos: deleting jump 1887
core.kinematics.FoldTree: delete_jump_seqpos: renumbering jump 7060 to 1887
core.kinematics.FoldTree: delete_jump_seqpos: deleting jump 1888
core.kinematics.FoldTree: delete_jump_seqpos: renumbering jump 7059 to 1888
core.kinematics.FoldTree: delete_jump_seqpos: deleting jump 1889
core.kinematics.FoldTree: delete_jump_seqpos: renumbering jump 7058 to 1889
core.kinematics.FoldTree: delete_jump_seqpos: deleting jump 1890
core.kinematics.FoldTree: delete_jump_seqpos: renumbering jump 7057 to 1890
core.kinematics.FoldTree: delete_jump_seqpos: deleting jump 1891
core.kinematics.FoldTree: delete_jump_seqpos: renumbering jump 7056 to 1891
core.kinematics.FoldTree: delete_jump_seqpos: deleting jump 1892
core.kinematics.FoldTree: delete_jump_seqpos: renumbering jump 7055 to 1892
core.kinematics.FoldTree: delete_jump_seqpos: deleting jump 1893
core.kinematics.FoldTree: delete_jump_seqpos: renumbering jump 7054 to 1893
core.kinematics.FoldTree: delete_jump_seqpos: deleting jump 1894
core.kinematics.FoldTree: delete_jump_seqpos: renumbering jump 7053 to 1894
core.kinematics.FoldTree: delete_jump_seqpos: deleting jump 1895
core.kinematics.FoldTree: delete_jump_seqpos: renumbering jump 7052 to 1895
core.kinematics.FoldTree: delete_jump_seqpos: deleting jump 1896
core.kinematics.FoldTree: delete_jump_seqpos: renumbering jump 7051 to 1896
core.kinematics.FoldTree: delete_jump_seqpos: deleting jump 1897
core.kinematics.FoldTree: delete_jump_seqpos: renumbering jump 7050 to 1897
core.kinematics.FoldTree: delete_jump_seqpos: deleting jump 1898
core.kinematics.FoldTree: delete_jump_seqpos: renumbering jump 7049 to 1898
core.kinematics.FoldTree: delete_jump_seqpos: deleting jump 1899
core.kinematics.FoldTree: delete_jump_seqpos: renumbering jump 7048 to 1899
core.kinematics.FoldTree: delete_jump_seqpos: deleting jump 1900
core.kinematics.FoldTree: delete_jump_seqpos: renumbering jump 7047 to 1900
core.kinematics.FoldTree: delete_jump_seqpos: deleting jump 1901
core.kinematics.FoldTree: delete_jump_seqpos: renumbering jump 7046 to 1901
core.kinematics.FoldTree: delete_jump_seqpos: deleting jump 1902
core.kinematics.FoldTree: delete_jump_seqpos: renumbering jump 7045 to 1902
core.kinematics.FoldTree: delete_jump_seqpos: deleting jump 1903
core.kinematics.FoldTree: delete_jump_seqpos: renumbering jump 7044 to 1903
core.kinematics.FoldTree: delete_jump_seqpos: deleting jump 1904
core.kinematics.FoldTree: delete_jump_seqpos: renumbering jump 7043 to 1904
core.kinematics.FoldTree: delete_jump_seqpos: deleting jump 1905
core.kinematics.FoldTree: delete_jump_seqpos: renumbering jump 7042 to 1905
core.kinematics.FoldTree: delete_jump_seqpos: deleting jump 1906
core.kinematics.FoldTree: delete_jump_seqpos: renumbering jump 7041 to 1906
core.kinematics.FoldTree: delete_jump_seqpos: deleting jump 1907
core.kinematics.FoldTree: delete_jump_seqpos: renumbering jump 7040 to 1907
core.kinematics.FoldTree: delete_jump_seqpos: deleting jump 1908
core.kinematics.FoldTree: delete_jump_seqpos: renumbering jump 7039 to 1908
core.kinematics.FoldTree: delete_jump_seqpos: deleting jump 1909
core.kinematics.FoldTree: delete_jump_seqpos: renumbering jump 7038 to 1909
core.kinematics.FoldTree: delete_jump_seqpos: deleting jump 1910
core.kinematics.FoldTree: delete_jump_seqpos: renumbering jump 7037 to 1910
core.kinematics.FoldTree: delete_jump_seqpos: deleting jump 1911
core.kinematics.FoldTree: delete_jump_seqpos: renumbering jump 7036 to 1911
core.kinematics.FoldTree: delete_jump_seqpos: deleting jump 1912
core.kinematics.FoldTree: delete_jump_seqpos: renumbering jump 7035 to 1912
core.kinematics.FoldTree: delete_jump_seqpos: deleting jump 1913
core.kinematics.FoldTree: delete_jump_seqpos: renumbering jump 7034 to 1913
core.kinematics.FoldTree: delete_jump_seqpos: deleting jump 1914
core.kinematics.FoldTree: delete_jump_seqpos: renumbering jump 7033 to 1914
core.kinematics.FoldTree: delete_jump_seqpos: deleting jump 1915
core.kinematics.FoldTree: delete_jump_seqpos: renumbering jump 7032 to 1915
core.kinematics.FoldTree: delete_jump_seqpos: deleting jump 1916
core.kinematics.FoldTree: delete_jump_seqpos: renumbering jump 7031 to 1916
core.kinematics.FoldTree: delete_jump_seqpos: deleting jump 1917
core.kinematics.FoldTree: delete_jump_seqpos: renumbering jump 7030 to 1917
core.kinematics.FoldTree: delete_jump_seqpos: deleting jump 1918
core.kinematics.FoldTree: delete_jump_seqpos: renumbering jump 7029 to 1918
core.kinematics.FoldTree: delete_jump_seqpos: deleting jump 1919
core.kinematics.FoldTree: delete_jump_seqpos: renumbering jump 7028 to 1919
core.kinematics.FoldTree: delete_jump_seqpos: deleting jump 1920
core.kinematics.FoldTree: delete_jump_seqpos: renumbering jump 7027 to 1920
core.kinematics.FoldTree: delete_jump_seqpos: deleting jump 1921
core.kinematics.FoldTree: delete_jump_seqpos: renumbering jump 7026 to 1921
core.kinematics.FoldTree: delete_jump_seqpos: deleting jump 1922
core.kinematics.FoldTree: delete_jump_seqpos: renumbering jump 7025 to 1922
core.kinematics.FoldTree: delete_jump_seqpos: deleting jump 1923
core.kinematics.FoldTree: delete_jump_seqpos: renumbering jump 7024 to 1923
core.kinematics.FoldTree: delete_jump_seqpos: deleting jump 1924
core.kinematics.FoldTree: delete_jump_seqpos: renumbering jump 7023 to 1924
core.kinematics.FoldTree: delete_jump_seqpos: deleting jump 1925
core.kinematics.FoldTree: delete_jump_seqpos: renumbering jump 7022 to 1925
core.kinematics.FoldTree: delete_jump_seqpos: deleting jump 1926
core.kinematics.FoldTree: delete_jump_seqpos: renumbering jump 7021 to 1926
core.kinematics.FoldTree: delete_jump_seqpos: deleting jump 1927
core.kinematics.FoldTree: delete_jump_seqpos: renumbering jump 7020 to 1927
core.kinematics.FoldTree: delete_jump_seqpos: deleting jump 1928
core.kinematics.FoldTree: delete_jump_seqpos: renumbering jump 7019 to 1928
core.kinematics.FoldTree: delete_jump_seqpos: deleting jump 1929
core.kinematics.FoldTree: delete_jump_seqpos: renumbering jump 7018 to 1929
core.kinematics.FoldTree: delete_jump_seqpos: deleting jump 1930
core.kinematics.FoldTree: delete_jump_seqpos: renumbering jump 7017 to 1930
core.kinematics.FoldTree: delete_jump_seqpos: deleting jump 1931
core.kinematics.FoldTree: delete_jump_seqpos: renumbering jump 7016 to 1931
core.kinematics.FoldTree: delete_jump_seqpos: deleting jump 1932
core.kinematics.FoldTree: delete_jump_seqpos: renumbering jump 7015 to 1932
core.kinematics.FoldTree: delete_jump_seqpos: deleting jump 1933
core.kinematics.FoldTree: delete_jump_seqpos: renumbering jump 7014 to 1933
core.kinematics.FoldTree: delete_jump_seqpos: deleting jump 1934
core.kinematics.FoldTree: delete_jump_seqpos: renumbering jump 7013 to 1934
core.kinematics.FoldTree: delete_jump_seqpos: deleting jump 1935
core.kinematics.FoldTree: delete_jump_seqpos: renumbering jump 7012 to 1935
core.kinematics.FoldTree: delete_jump_seqpos: deleting jump 1936
core.kinematics.FoldTree: delete_jump_seqpos: renumbering jump 7011 to 1936
core.kinematics.FoldTree: delete_jump_seqpos: deleting jump 1937
core.kinematics.FoldTree: delete_jump_seqpos: renumbering jump 7010 to 1937
core.kinematics.FoldTree: delete_jump_seqpos: deleting jump 1938
core.kinematics.FoldTree: delete_jump_seqpos: renumbering jump 7009 to 1938
core.kinematics.FoldTree: delete_jump_seqpos: deleting jump 1939
core.kinematics.FoldTree: delete_jump_seqpos: renumbering jump 7008 to 1939
core.kinematics.FoldTree: delete_jump_seqpos: deleting jump 1940
core.kinematics.FoldTree: delete_jump_seqpos: renumbering jump 7007 to 1940
core.kinematics.FoldTree: delete_jump_seqpos: deleting jump 1941
core.kinematics.FoldTree: delete_jump_seqpos: renumbering jump 7006 to 1941
core.kinematics.FoldTree: delete_jump_seqpos: deleting jump 1942
core.kinematics.FoldTree: delete_jump_seqpos: renumbering jump 7005 to 1942
core.kinematics.FoldTree: delete_jump_seqpos: deleting jump 1943
core.kinematics.FoldTree: delete_jump_seqpos: renumbering jump 7004 to 1943
core.kinematics.FoldTree: delete_jump_seqpos: deleting jump 1944
core.kinematics.FoldTree: delete_jump_seqpos: renumbering jump 7003 to 1944
core.kinematics.FoldTree: delete_jump_seqpos: deleting jump 1945
core.kinematics.FoldTree: delete_jump_seqpos: renumbering jump 7002 to 1945
core.kinematics.FoldTree: delete_jump_seqpos: deleting jump 1946
core.kinematics.FoldTree: delete_jump_seqpos: renumbering jump 7001 to 1946
core.kinematics.FoldTree: delete_jump_seqpos: deleting jump 1947
core.kinematics.FoldTree: delete_jump_seqpos: renumbering jump 7000 to 1947
core.kinematics.FoldTree: delete_jump_seqpos: deleting jump 1948
core.kinematics.FoldTree: delete_jump_seqpos: renumbering jump 6999 to 1948
core.kinematics.FoldTree: delete_jump_seqpos: deleting jump 1949
core.kinematics.FoldTree: delete_jump_seqpos: renumbering jump 6998 to 1949
core.kinematics.FoldTree: delete_jump_seqpos: deleting jump 1950
core.kinematics.FoldTree: delete_jump_seqpos: renumbering jump 6997 to 1950
core.kinematics.FoldTree: delete_jump_seqpos: deleting jump 1951
core.kinematics.FoldTree: delete_jump_seqpos: renumbering jump 6996 to 1951
core.kinematics.FoldTree: delete_jump_seqpos: deleting jump 1952
core.kinematics.FoldTree: delete_jump_seqpos: renumbering jump 6995 to 1952
core.kinematics.FoldTree: delete_jump_seqpos: deleting jump 1953
core.kinematics.FoldTree: delete_jump_seqpos: renumbering jump 6994 to 1953
core.kinematics.FoldTree: delete_jump_seqpos: deleting jump 1954
core.kinematics.FoldTree: delete_jump_seqpos: renumbering jump 6993 to 1954
core.kinematics.FoldTree: delete_jump_seqpos: deleting jump 1955
core.kinematics.FoldTree: delete_jump_seqpos: renumbering jump 6992 to 1955
core.kinematics.FoldTree: delete_jump_seqpos: deleting jump 1956
core.kinematics.FoldTree: delete_jump_seqpos: renumbering jump 6991 to 1956
core.kinematics.FoldTree: delete_jump_seqpos: deleting jump 1957
core.kinematics.FoldTree: delete_jump_seqpos: renumbering jump 6990 to 1957
core.kinematics.FoldTree: delete_jump_seqpos: deleting jump 1958
core.kinematics.FoldTree: delete_jump_seqpos: renumbering jump 6989 to 1958
core.kinematics.FoldTree: delete_jump_seqpos: deleting jump 1959
core.kinematics.FoldTree: delete_jump_seqpos: renumbering jump 6988 to 1959
core.kinematics.FoldTree: delete_jump_seqpos: deleting jump 1960
core.kinematics.FoldTree: delete_jump_seqpos: renumbering jump 6987 to 1960
core.kinematics.FoldTree: delete_jump_seqpos: deleting jump 1961
core.kinematics.FoldTree: delete_jump_seqpos: renumbering jump 6986 to 1961
core.kinematics.FoldTree: delete_jump_seqpos: deleting jump 1962
core.kinematics.FoldTree: delete_jump_seqpos: renumbering jump 6985 to 1962
core.kinematics.FoldTree: delete_jump_seqpos: deleting jump 1963
core.kinematics.FoldTree: delete_jump_seqpos: renumbering jump 6984 to 1963
core.kinematics.FoldTree: delete_jump_seqpos: deleting jump 1964
core.kinematics.FoldTree: delete_jump_seqpos: renumbering jump 6983 to 1964
core.kinematics.FoldTree: delete_jump_seqpos: deleting jump 1965
core.kinematics.FoldTree: delete_jump_seqpos: renumbering jump 6982 to 1965
core.kinematics.FoldTree: delete_jump_seqpos: deleting jump 1966
core.kinematics.FoldTree: delete_jump_seqpos: renumbering jump 6981 to 1966
core.kinematics.FoldTree: delete_jump_seqpos: deleting jump 1967
core.kinematics.FoldTree: delete_jump_seqpos: renumbering jump 6980 to 1967
core.kinematics.FoldTree: delete_jump_seqpos: deleting jump 1968
core.kinematics.FoldTree: delete_jump_seqpos: renumbering jump 6979 to 1968
core.kinematics.FoldTree: delete_jump_seqpos: deleting jump 1969
core.kinematics.FoldTree: delete_jump_seqpos: renumbering jump 6978 to 1969
core.kinematics.FoldTree: delete_jump_seqpos: deleting jump 1970
core.kinematics.FoldTree: delete_jump_seqpos: renumbering jump 6977 to 1970
core.kinematics.FoldTree: delete_jump_seqpos: deleting jump 1971
core.kinematics.FoldTree: delete_jump_seqpos: renumbering jump 6976 to 1971
core.kinematics.FoldTree: delete_jump_seqpos: deleting jump 1972
core.kinematics.FoldTree: delete_jump_seqpos: renumbering jump 6975 to 1972
core.kinematics.FoldTree: delete_jump_seqpos: deleting jump 1973
core.kinematics.FoldTree: delete_jump_seqpos: renumbering jump 6974 to 1973
core.kinematics.FoldTree: delete_jump_seqpos: deleting jump 1974
core.kinematics.FoldTree: delete_jump_seqpos: renumbering jump 6973 to 1974
core.kinematics.FoldTree: delete_jump_seqpos: deleting jump 1975
core.kinematics.FoldTree: delete_jump_seqpos: renumbering jump 6972 to 1975
core.kinematics.FoldTree: delete_jump_seqpos: deleting jump 1976
core.kinematics.FoldTree: delete_jump_seqpos: renumbering jump 6971 to 1976
core.kinematics.FoldTree: delete_jump_seqpos: deleting jump 1977
core.kinematics.FoldTree: delete_jump_seqpos: renumbering jump 6970 to 1977
core.kinematics.FoldTree: delete_jump_seqpos: deleting jump 1978
core.kinematics.FoldTree: delete_jump_seqpos: renumbering jump 6969 to 1978
core.kinematics.FoldTree: delete_jump_seqpos: deleting jump 1979
core.kinematics.FoldTree: delete_jump_seqpos: renumbering jump 6968 to 1979
core.kinematics.FoldTree: delete_jump_seqpos: deleting jump 1980
core.kinematics.FoldTree: delete_jump_seqpos: renumbering jump 6967 to 1980
core.kinematics.FoldTree: delete_jump_seqpos: deleting jump 1981
core.kinematics.FoldTree: delete_jump_seqpos: renumbering jump 6966 to 1981
core.kinematics.FoldTree: delete_jump_seqpos: deleting jump 1982
core.kinematics.FoldTree: delete_jump_seqpos: renumbering jump 6965 to 1982
core.kinematics.FoldTree: delete_jump_seqpos: deleting jump 1983
core.kinematics.FoldTree: delete_jump_seqpos: renumbering jump 6964 to 1983
core.kinematics.FoldTree: delete_jump_seqpos: deleting jump 1984
core.kinematics.FoldTree: delete_jump_seqpos: renumbering jump 6963 to 1984
core.kinematics.FoldTree: delete_jump_seqpos: deleting jump 1985
core.kinematics.FoldTree: delete_jump_seqpos: renumbering jump 6962 to 1985
core.kinematics.FoldTree: delete_jump_seqpos: deleting jump 1986
core.kinematics.FoldTree: delete_jump_seqpos: renumbering jump 6961 to 1986
core.kinematics.FoldTree: delete_jump_seqpos: deleting jump 1987
core.kinematics.FoldTree: delete_jump_seqpos: renumbering jump 6960 to 1987
core.kinematics.FoldTree: delete_jump_seqpos: deleting jump 1988
core.kinematics.FoldTree: delete_jump_seqpos: renumbering jump 6959 to 1988
core.kinematics.FoldTree: delete_jump_seqpos: deleting jump 1989
core.kinematics.FoldTree: delete_jump_seqpos: renumbering jump 6958 to 1989
core.kinematics.FoldTree: delete_jump_seqpos: deleting jump 1990
core.kinematics.FoldTree: delete_jump_seqpos: renumbering jump 6957 to 1990
core.kinematics.FoldTree: delete_jump_seqpos: deleting jump 1991
core.kinematics.FoldTree: delete_jump_seqpos: renumbering jump 6956 to 1991
core.kinematics.FoldTree: delete_jump_seqpos: deleting jump 1992
core.kinematics.FoldTree: delete_jump_seqpos: renumbering jump 6955 to 1992
core.kinematics.FoldTree: delete_jump_seqpos: deleting jump 1993
core.kinematics.FoldTree: delete_jump_seqpos: renumbering jump 6954 to 1993
core.kinematics.FoldTree: delete_jump_seqpos: deleting jump 1994
core.kinematics.FoldTree: delete_jump_seqpos: renumbering jump 6953 to 1994
core.kinematics.FoldTree: delete_jump_seqpos: deleting jump 1995
core.kinematics.FoldTree: delete_jump_seqpos: renumbering jump 6952 to 1995
core.kinematics.FoldTree: delete_jump_seqpos: deleting jump 1996
core.kinematics.FoldTree: delete_jump_seqpos: renumbering jump 6951 to 1996
core.kinematics.FoldTree: delete_jump_seqpos: deleting jump 1997
core.kinematics.FoldTree: delete_jump_seqpos: renumbering jump 6950 to 1997
core.kinematics.FoldTree: delete_jump_seqpos: deleting jump 1998
core.kinematics.FoldTree: delete_jump_seqpos: renumbering jump 6949 to 1998
core.kinematics.FoldTree: delete_jump_seqpos: deleting jump 1999
core.kinematics.FoldTree: delete_jump_seqpos: renumbering jump 6948 to 1999
core.kinematics.FoldTree: delete_jump_seqpos: deleting jump 2000
core.kinematics.FoldTree: delete_jump_seqpos: renumbering jump 6947 to 2000
core.kinematics.FoldTree: delete_jump_seqpos: deleting jump 2001
core.kinematics.FoldTree: delete_jump_seqpos: renumbering jump 6946 to 2001
core.kinematics.FoldTree: delete_jump_seqpos: deleting jump 2002
core.kinematics.FoldTree: delete_jump_seqpos: renumbering jump 6945 to 2002
core.kinematics.FoldTree: delete_jump_seqpos: deleting jump 2003
core.kinematics.FoldTree: delete_jump_seqpos: renumbering jump 6944 to 2003
core.kinematics.FoldTree: delete_jump_seqpos: deleting jump 2004
core.kinematics.FoldTree: delete_jump_seqpos: renumbering jump 6943 to 2004
core.kinematics.FoldTree: delete_jump_seqpos: deleting jump 2005
core.kinematics.FoldTree: delete_jump_seqpos: renumbering jump 6942 to 2005
core.kinematics.FoldTree: delete_jump_seqpos: deleting jump 2006
core.kinematics.FoldTree: delete_jump_seqpos: renumbering jump 6941 to 2006
core.kinematics.FoldTree: delete_jump_seqpos: deleting jump 2007
core.kinematics.FoldTree: delete_jump_seqpos: renumbering jump 6940 to 2007
core.kinematics.FoldTree: delete_jump_seqpos: deleting jump 2008
core.kinematics.FoldTree: delete_jump_seqpos: renumbering jump 6939 to 2008
core.kinematics.FoldTree: delete_jump_seqpos: deleting jump 2009
core.kinematics.FoldTree: delete_jump_seqpos: renumbering jump 6938 to 2009
core.kinematics.FoldTree: delete_jump_seqpos: deleting jump 2010
core.kinematics.FoldTree: delete_jump_seqpos: renumbering jump 6937 to 2010
core.kinematics.FoldTree: delete_jump_seqpos: deleting jump 2011
core.kinematics.FoldTree: delete_jump_seqpos: renumbering jump 6936 to 2011
core.kinematics.FoldTree: delete_jump_seqpos: deleting jump 2012
core.kinematics.FoldTree: delete_jump_seqpos: renumbering jump 6935 to 2012
core.kinematics.FoldTree: delete_jump_seqpos: deleting jump 2013
core.kinematics.FoldTree: delete_jump_seqpos: renumbering jump 6934 to 2013
core.kinematics.FoldTree: delete_jump_seqpos: deleting jump 2014
core.kinematics.FoldTree: delete_jump_seqpos: renumbering jump 6933 to 2014
core.kinematics.FoldTree: delete_jump_seqpos: deleting jump 2015
core.kinematics.FoldTree: delete_jump_seqpos: renumbering jump 6932 to 2015
core.kinematics.FoldTree: delete_jump_seqpos: deleting jump 2016
core.kinematics.FoldTree: delete_jump_seqpos: renumbering jump 6931 to 2016
core.kinematics.FoldTree: delete_jump_seqpos: deleting jump 2017
core.kinematics.FoldTree: delete_jump_seqpos: renumbering jump 6930 to 2017
core.kinematics.FoldTree: delete_jump_seqpos: deleting jump 2018
core.kinematics.FoldTree: delete_jump_seqpos: renumbering jump 6929 to 2018
core.kinematics.FoldTree: delete_jump_seqpos: deleting jump 2019
core.kinematics.FoldTree: delete_jump_seqpos: renumbering jump 6928 to 2019
core.kinematics.FoldTree: delete_jump_seqpos: deleting jump 2020
core.kinematics.FoldTree: delete_jump_seqpos: renumbering jump 6927 to 2020
core.kinematics.FoldTree: delete_jump_seqpos: deleting jump 2021
core.kinematics.FoldTree: delete_jump_seqpos: renumbering jump 6926 to 2021
core.kinematics.FoldTree: delete_jump_seqpos: deleting jump 2022
core.kinematics.FoldTree: delete_jump_seqpos: renumbering jump 6925 to 2022
core.kinematics.FoldTree: delete_jump_seqpos: deleting jump 2023
core.kinematics.FoldTree: delete_jump_seqpos: renumbering jump 6924 to 2023
core.kinematics.FoldTree: delete_jump_seqpos: deleting jump 2024
core.kinematics.FoldTree: delete_jump_seqpos: renumbering jump 6923 to 2024
core.kinematics.FoldTree: delete_jump_seqpos: deleting jump 2025
core.kinematics.FoldTree: delete_jump_seqpos: renumbering jump 6922 to 2025
core.kinematics.FoldTree: delete_jump_seqpos: deleting jump 2026
core.kinematics.FoldTree: delete_jump_seqpos: renumbering jump 6921 to 2026
core.kinematics.FoldTree: delete_jump_seqpos: deleting jump 2027
core.kinematics.FoldTree: delete_jump_seqpos: renumbering jump 6920 to 2027
core.kinematics.FoldTree: delete_jump_seqpos: deleting jump 2028
core.kinematics.FoldTree: delete_jump_seqpos: renumbering jump 6919 to 2028
core.kinematics.FoldTree: delete_jump_seqpos: deleting jump 2029
core.kinematics.FoldTree: delete_jump_seqpos: renumbering jump 6918 to 2029
core.kinematics.FoldTree: delete_jump_seqpos: deleting jump 2030
core.kinematics.FoldTree: delete_jump_seqpos: renumbering jump 6917 to 2030
core.kinematics.FoldTree: delete_jump_seqpos: deleting jump 2031
core.kinematics.FoldTree: delete_jump_seqpos: renumbering jump 6916 to 2031
core.kinematics.FoldTree: delete_jump_seqpos: deleting jump 2032
core.kinematics.FoldTree: delete_jump_seqpos: renumbering jump 6915 to 2032
core.kinematics.FoldTree: delete_jump_seqpos: deleting jump 2033
core.kinematics.FoldTree: delete_jump_seqpos: renumbering jump 6914 to 2033
core.kinematics.FoldTree: delete_jump_seqpos: deleting jump 2034
core.kinematics.FoldTree: delete_jump_seqpos: renumbering jump 6913 to 2034
core.kinematics.FoldTree: delete_jump_seqpos: deleting jump 2035
core.kinematics.FoldTree: delete_jump_seqpos: renumbering jump 6912 to 2035
core.kinematics.FoldTree: delete_jump_seqpos: deleting jump 2036
core.kinematics.FoldTree: delete_jump_seqpos: renumbering jump 6911 to 2036
core.kinematics.FoldTree: delete_jump_seqpos: deleting jump 2037
core.kinematics.FoldTree: delete_jump_seqpos: renumbering jump 6910 to 2037
core.kinematics.FoldTree: delete_jump_seqpos: deleting jump 2038
core.kinematics.FoldTree: delete_jump_seqpos: renumbering jump 6909 to 2038
core.kinematics.FoldTree: delete_jump_seqpos: deleting jump 2039
core.kinematics.FoldTree: delete_jump_seqpos: renumbering jump 6908 to 2039
core.kinematics.FoldTree: delete_jump_seqpos: deleting jump 2040
core.kinematics.FoldTree: delete_jump_seqpos: renumbering jump 6907 to 2040
core.kinematics.FoldTree: delete_jump_seqpos: deleting jump 2041
core.kinematics.FoldTree: delete_jump_seqpos: renumbering jump 6906 to 2041
core.kinematics.FoldTree: delete_jump_seqpos: deleting jump 2042
core.kinematics.FoldTree: delete_jump_seqpos: renumbering jump 6905 to 2042
core.kinematics.FoldTree: delete_jump_seqpos: deleting jump 2043
core.kinematics.FoldTree: delete_jump_seqpos: renumbering jump 6904 to 2043
core.kinematics.FoldTree: delete_jump_seqpos: deleting jump 2044
core.kinematics.FoldTree: delete_jump_seqpos: renumbering jump 6903 to 2044
core.kinematics.FoldTree: delete_jump_seqpos: deleting jump 2045
core.kinematics.FoldTree: delete_jump_seqpos: renumbering jump 6902 to 2045
core.kinematics.FoldTree: delete_jump_seqpos: deleting jump 2046
core.kinematics.FoldTree: delete_jump_seqpos: renumbering jump 6901 to 2046
core.kinematics.FoldTree: delete_jump_seqpos: deleting jump 2047
core.kinematics.FoldTree: delete_jump_seqpos: renumbering jump 6900 to 2047
core.kinematics.FoldTree: delete_jump_seqpos: deleting jump 2048
core.kinematics.FoldTree: delete_jump_seqpos: renumbering jump 6899 to 2048
core.kinematics.FoldTree: delete_jump_seqpos: deleting jump 2049
core.kinematics.FoldTree: delete_jump_seqpos: renumbering jump 6898 to 2049
core.kinematics.FoldTree: delete_jump_seqpos: deleting jump 2050
core.kinematics.FoldTree: delete_jump_seqpos: renumbering jump 6897 to 2050
core.kinematics.FoldTree: delete_jump_seqpos: deleting jump 2051
core.kinematics.FoldTree: delete_jump_seqpos: renumbering jump 6896 to 2051
core.kinematics.FoldTree: delete_jump_seqpos: deleting jump 2052
core.kinematics.FoldTree: delete_jump_seqpos: renumbering jump 6895 to 2052
core.kinematics.FoldTree: delete_jump_seqpos: deleting jump 2053
core.kinematics.FoldTree: delete_jump_seqpos: renumbering jump 6894 to 2053
core.kinematics.FoldTree: delete_jump_seqpos: deleting jump 2054
core.kinematics.FoldTree: delete_jump_seqpos: renumbering jump 6893 to 2054
core.kinematics.FoldTree: delete_jump_seqpos: deleting jump 2055
core.kinematics.FoldTree: delete_jump_seqpos: renumbering jump 6892 to 2055
core.kinematics.FoldTree: delete_jump_seqpos: deleting jump 2056
core.kinematics.FoldTree: delete_jump_seqpos: renumbering jump 6891 to 2056
core.kinematics.FoldTree: delete_jump_seqpos: deleting jump 2057
core.kinematics.FoldTree: delete_jump_seqpos: renumbering jump 6890 to 2057
core.kinematics.FoldTree: delete_jump_seqpos: deleting jump 2058
core.kinematics.FoldTree: delete_jump_seqpos: renumbering jump 6889 to 2058
core.kinematics.FoldTree: delete_jump_seqpos: deleting jump 2059
core.kinematics.FoldTree: delete_jump_seqpos: renumbering jump 6888 to 2059
core.kinematics.FoldTree: delete_jump_seqpos: deleting jump 2060
core.kinematics.FoldTree: delete_jump_seqpos: renumbering jump 6887 to 2060
core.kinematics.FoldTree: delete_jump_seqpos: deleting jump 2061
core.kinematics.FoldTree: delete_jump_seqpos: renumbering jump 6886 to 2061
core.kinematics.FoldTree: delete_jump_seqpos: deleting jump 2062
core.kinematics.FoldTree: delete_jump_seqpos: renumbering jump 6885 to 2062
core.kinematics.FoldTree: delete_jump_seqpos: deleting jump 2063
core.kinematics.FoldTree: delete_jump_seqpos: renumbering jump 6884 to 2063
core.kinematics.FoldTree: delete_jump_seqpos: deleting jump 2064
core.kinematics.FoldTree: delete_jump_seqpos: renumbering jump 6883 to 2064
core.kinematics.FoldTree: delete_jump_seqpos: deleting jump 2065
core.kinematics.FoldTree: delete_jump_seqpos: renumbering jump 6882 to 2065
core.kinematics.FoldTree: delete_jump_seqpos: deleting jump 2066
core.kinematics.FoldTree: delete_jump_seqpos: renumbering jump 6881 to 2066
core.kinematics.FoldTree: delete_jump_seqpos: deleting jump 2067
core.kinematics.FoldTree: delete_jump_seqpos: renumbering jump 6880 to 2067
core.kinematics.FoldTree: delete_jump_seqpos: deleting jump 2068
core.kinematics.FoldTree: delete_jump_seqpos: renumbering jump 6879 to 2068
core.kinematics.FoldTree: delete_jump_seqpos: deleting jump 2069
core.kinematics.FoldTree: delete_jump_seqpos: renumbering jump 6878 to 2069
core.kinematics.FoldTree: delete_jump_seqpos: deleting jump 2070
core.kinematics.FoldTree: delete_jump_seqpos: renumbering jump 6877 to 2070
core.kinematics.FoldTree: delete_jump_seqpos: deleting jump 2071
core.kinematics.FoldTree: delete_jump_seqpos: renumbering jump 6876 to 2071
core.kinematics.FoldTree: delete_jump_seqpos: deleting jump 2072
core.kinematics.FoldTree: delete_jump_seqpos: renumbering jump 6875 to 2072
core.kinematics.FoldTree: delete_jump_seqpos: deleting jump 2073
core.kinematics.FoldTree: delete_jump_seqpos: renumbering jump 6874 to 2073
core.kinematics.FoldTree: delete_jump_seqpos: deleting jump 2074
core.kinematics.FoldTree: delete_jump_seqpos: renumbering jump 6873 to 2074
core.kinematics.FoldTree: delete_jump_seqpos: deleting jump 2075
core.kinematics.FoldTree: delete_jump_seqpos: renumbering jump 6872 to 2075
core.kinematics.FoldTree: delete_jump_seqpos: deleting jump 2076
core.kinematics.FoldTree: delete_jump_seqpos: renumbering jump 6871 to 2076
core.kinematics.FoldTree: delete_jump_seqpos: deleting jump 2077
core.kinematics.FoldTree: delete_jump_seqpos: renumbering jump 6870 to 2077
core.kinematics.FoldTree: delete_jump_seqpos: deleting jump 2078
core.kinematics.FoldTree: delete_jump_seqpos: renumbering jump 6869 to 2078
core.kinematics.FoldTree: delete_jump_seqpos: deleting jump 2079
core.kinematics.FoldTree: delete_jump_seqpos: renumbering jump 6868 to 2079
core.kinematics.FoldTree: delete_jump_seqpos: deleting jump 2080
core.kinematics.FoldTree: delete_jump_seqpos: renumbering jump 6867 to 2080
core.kinematics.FoldTree: delete_jump_seqpos: deleting jump 2081
core.kinematics.FoldTree: delete_jump_seqpos: renumbering jump 6866 to 2081
core.kinematics.FoldTree: delete_jump_seqpos: deleting jump 2082
core.kinematics.FoldTree: delete_jump_seqpos: renumbering jump 6865 to 2082
core.kinematics.FoldTree: delete_jump_seqpos: deleting jump 2083
core.kinematics.FoldTree: delete_jump_seqpos: renumbering jump 6864 to 2083
core.kinematics.FoldTree: delete_jump_seqpos: deleting jump 2084
core.kinematics.FoldTree: delete_jump_seqpos: renumbering jump 6863 to 2084
core.kinematics.FoldTree: delete_jump_seqpos: deleting jump 2085
core.kinematics.FoldTree: delete_jump_seqpos: renumbering jump 6862 to 2085
core.kinematics.FoldTree: delete_jump_seqpos: deleting jump 2086
core.kinematics.FoldTree: delete_jump_seqpos: renumbering jump 6861 to 2086
core.kinematics.FoldTree: delete_jump_seqpos: deleting jump 2087
core.kinematics.FoldTree: delete_jump_seqpos: renumbering jump 6860 to 2087
core.kinematics.FoldTree: delete_jump_seqpos: deleting jump 2088
core.kinematics.FoldTree: delete_jump_seqpos: renumbering jump 6859 to 2088
core.kinematics.FoldTree: delete_jump_seqpos: deleting jump 2089
core.kinematics.FoldTree: delete_jump_seqpos: renumbering jump 6858 to 2089
core.kinematics.FoldTree: delete_jump_seqpos: deleting jump 2090
core.kinematics.FoldTree: delete_jump_seqpos: renumbering jump 6857 to 2090
core.kinematics.FoldTree: delete_jump_seqpos: deleting jump 2091
core.kinematics.FoldTree: delete_jump_seqpos: renumbering jump 6856 to 2091
core.kinematics.FoldTree: delete_jump_seqpos: deleting jump 2092
core.kinematics.FoldTree: delete_jump_seqpos: renumbering jump 6855 to 2092
core.kinematics.FoldTree: delete_jump_seqpos: deleting jump 2093
core.kinematics.FoldTree: delete_jump_seqpos: renumbering jump 6854 to 2093
core.kinematics.FoldTree: delete_jump_seqpos: deleting jump 2094
core.kinematics.FoldTree: delete_jump_seqpos: renumbering jump 6853 to 2094
core.kinematics.FoldTree: delete_jump_seqpos: deleting jump 2095
core.kinematics.FoldTree: delete_jump_seqpos: renumbering jump 6852 to 2095
core.kinematics.FoldTree: delete_jump_seqpos: deleting jump 2096
core.kinematics.FoldTree: delete_jump_seqpos: renumbering jump 6851 to 2096
core.kinematics.FoldTree: delete_jump_seqpos: deleting jump 2097
core.kinematics.FoldTree: delete_jump_seqpos: renumbering jump 6850 to 2097
core.kinematics.FoldTree: delete_jump_seqpos: deleting jump 2098
core.kinematics.FoldTree: delete_jump_seqpos: renumbering jump 6849 to 2098
core.kinematics.FoldTree: delete_jump_seqpos: deleting jump 2099
core.kinematics.FoldTree: delete_jump_seqpos: renumbering jump 6848 to 2099
core.kinematics.FoldTree: delete_jump_seqpos: deleting jump 2100
core.kinematics.FoldTree: delete_jump_seqpos: renumbering jump 6847 to 2100
core.kinematics.FoldTree: delete_jump_seqpos: deleting jump 2101
core.kinematics.FoldTree: delete_jump_seqpos: renumbering jump 6846 to 2101
core.kinematics.FoldTree: delete_jump_seqpos: deleting jump 2102
core.kinematics.FoldTree: delete_jump_seqpos: renumbering jump 6845 to 2102
core.kinematics.FoldTree: delete_jump_seqpos: deleting jump 2103
core.kinematics.FoldTree: delete_jump_seqpos: renumbering jump 6844 to 2103
core.kinematics.FoldTree: delete_jump_seqpos: deleting jump 2104
core.kinematics.FoldTree: delete_jump_seqpos: renumbering jump 6843 to 2104
core.kinematics.FoldTree: delete_jump_seqpos: deleting jump 2105
core.kinematics.FoldTree: delete_jump_seqpos: renumbering jump 6842 to 2105
core.kinematics.FoldTree: delete_jump_seqpos: deleting jump 2106
core.kinematics.FoldTree: delete_jump_seqpos: renumbering jump 6841 to 2106
core.kinematics.FoldTree: delete_jump_seqpos: deleting jump 2107
core.kinematics.FoldTree: delete_jump_seqpos: renumbering jump 6840 to 2107
core.kinematics.FoldTree: delete_jump_seqpos: deleting jump 2108
core.kinematics.FoldTree: delete_jump_seqpos: renumbering jump 6839 to 2108
core.kinematics.FoldTree: delete_jump_seqpos: deleting jump 2109
core.kinematics.FoldTree: delete_jump_seqpos: renumbering jump 6838 to 2109
core.kinematics.FoldTree: delete_jump_seqpos: deleting jump 2110
core.kinematics.FoldTree: delete_jump_seqpos: renumbering jump 6837 to 2110
core.kinematics.FoldTree: delete_jump_seqpos: deleting jump 2111
core.kinematics.FoldTree: delete_jump_seqpos: renumbering jump 6836 to 2111
core.kinematics.FoldTree: delete_jump_seqpos: deleting jump 2112
core.kinematics.FoldTree: delete_jump_seqpos: renumbering jump 6835 to 2112
core.kinematics.FoldTree: delete_jump_seqpos: deleting jump 2113
core.kinematics.FoldTree: delete_jump_seqpos: renumbering jump 6834 to 2113
core.kinematics.FoldTree: delete_jump_seqpos: deleting jump 2114
core.kinematics.FoldTree: delete_jump_seqpos: renumbering jump 6833 to 2114
core.kinematics.FoldTree: delete_jump_seqpos: deleting jump 2115
core.kinematics.FoldTree: delete_jump_seqpos: renumbering jump 6832 to 2115
core.kinematics.FoldTree: delete_jump_seqpos: deleting jump 2116
core.kinematics.FoldTree: delete_jump_seqpos: renumbering jump 6831 to 2116
core.kinematics.FoldTree: delete_jump_seqpos: deleting jump 2117
core.kinematics.FoldTree: delete_jump_seqpos: renumbering jump 6830 to 2117
core.kinematics.FoldTree: delete_jump_seqpos: deleting jump 2118
core.kinematics.FoldTree: delete_jump_seqpos: renumbering jump 6829 to 2118
core.kinematics.FoldTree: delete_jump_seqpos: deleting jump 2119
core.kinematics.FoldTree: delete_jump_seqpos: renumbering jump 6828 to 2119
core.kinematics.FoldTree: delete_jump_seqpos: deleting jump 2120
core.kinematics.FoldTree: delete_jump_seqpos: renumbering jump 6827 to 2120
core.kinematics.FoldTree: delete_jump_seqpos: deleting jump 2121
core.kinematics.FoldTree: delete_jump_seqpos: renumbering jump 6826 to 2121
core.kinematics.FoldTree: delete_jump_seqpos: deleting jump 2122
core.kinematics.FoldTree: delete_jump_seqpos: renumbering jump 6825 to 2122
core.kinematics.FoldTree: delete_jump_seqpos: deleting jump 2123
core.kinematics.FoldTree: delete_jump_seqpos: renumbering jump 6824 to 2123
core.kinematics.FoldTree: delete_jump_seqpos: deleting jump 2124
core.kinematics.FoldTree: delete_jump_seqpos: renumbering jump 6823 to 2124
core.kinematics.FoldTree: delete_jump_seqpos: deleting jump 2125
core.kinematics.FoldTree: delete_jump_seqpos: renumbering jump 6822 to 2125
core.kinematics.FoldTree: delete_jump_seqpos: deleting jump 2126
core.kinematics.FoldTree: delete_jump_seqpos: renumbering jump 6821 to 2126
core.kinematics.FoldTree: delete_jump_seqpos: deleting jump 2127
core.kinematics.FoldTree: delete_jump_seqpos: renumbering jump 6820 to 2127
core.kinematics.FoldTree: delete_jump_seqpos: deleting jump 2128
core.kinematics.FoldTree: delete_jump_seqpos: renumbering jump 6819 to 2128
core.kinematics.FoldTree: delete_jump_seqpos: deleting jump 2129
core.kinematics.FoldTree: delete_jump_seqpos: renumbering jump 6818 to 2129
core.kinematics.FoldTree: delete_jump_seqpos: deleting jump 2130
core.kinematics.FoldTree: delete_jump_seqpos: renumbering jump 6817 to 2130
core.kinematics.FoldTree: delete_jump_seqpos: deleting jump 2131
core.kinematics.FoldTree: delete_jump_seqpos: renumbering jump 6816 to 2131
core.kinematics.FoldTree: delete_jump_seqpos: deleting jump 2132
core.kinematics.FoldTree: delete_jump_seqpos: renumbering jump 6815 to 2132
core.kinematics.FoldTree: delete_jump_seqpos: deleting jump 2133
core.kinematics.FoldTree: delete_jump_seqpos: renumbering jump 6814 to 2133
core.kinematics.FoldTree: delete_jump_seqpos: deleting jump 2134
core.kinematics.FoldTree: delete_jump_seqpos: renumbering jump 6813 to 2134
core.kinematics.FoldTree: delete_jump_seqpos: deleting jump 2135
core.kinematics.FoldTree: delete_jump_seqpos: renumbering jump 6812 to 2135
core.kinematics.FoldTree: delete_jump_seqpos: deleting jump 2136
core.kinematics.FoldTree: delete_jump_seqpos: renumbering jump 6811 to 2136
core.kinematics.FoldTree: delete_jump_seqpos: deleting jump 2137
core.kinematics.FoldTree: delete_jump_seqpos: renumbering jump 6810 to 2137
core.kinematics.FoldTree: delete_jump_seqpos: deleting jump 2138
core.kinematics.FoldTree: delete_jump_seqpos: renumbering jump 6809 to 2138
core.kinematics.FoldTree: delete_jump_seqpos: deleting jump 2139
core.kinematics.FoldTree: delete_jump_seqpos: renumbering jump 6808 to 2139
core.kinematics.FoldTree: delete_jump_seqpos: deleting jump 2140
core.kinematics.FoldTree: delete_jump_seqpos: renumbering jump 6807 to 2140
core.kinematics.FoldTree: delete_jump_seqpos: deleting jump 2141
core.kinematics.FoldTree: delete_jump_seqpos: renumbering jump 6806 to 2141
core.kinematics.FoldTree: delete_jump_seqpos: deleting jump 2142
core.kinematics.FoldTree: delete_jump_seqpos: renumbering jump 6805 to 2142
core.kinematics.FoldTree: delete_jump_seqpos: deleting jump 2143
core.kinematics.FoldTree: delete_jump_seqpos: renumbering jump 6804 to 2143
core.kinematics.FoldTree: delete_jump_seqpos: deleting jump 2144
core.kinematics.FoldTree: delete_jump_seqpos: renumbering jump 6803 to 2144
core.kinematics.FoldTree: delete_jump_seqpos: deleting jump 2145
core.kinematics.FoldTree: delete_jump_seqpos: renumbering jump 6802 to 2145
core.kinematics.FoldTree: delete_jump_seqpos: deleting jump 2146
core.kinematics.FoldTree: delete_jump_seqpos: renumbering jump 6801 to 2146
core.kinematics.FoldTree: delete_jump_seqpos: deleting jump 2147
core.kinematics.FoldTree: delete_jump_seqpos: renumbering jump 6800 to 2147
core.kinematics.FoldTree: delete_jump_seqpos: deleting jump 2148
core.kinematics.FoldTree: delete_jump_seqpos: renumbering jump 6799 to 2148
core.kinematics.FoldTree: delete_jump_seqpos: deleting jump 2149
core.kinematics.FoldTree: delete_jump_seqpos: renumbering jump 6798 to 2149
core.kinematics.FoldTree: delete_jump_seqpos: deleting jump 2150
core.kinematics.FoldTree: delete_jump_seqpos: renumbering jump 6797 to 2150
core.kinematics.FoldTree: delete_jump_seqpos: deleting jump 2151
core.kinematics.FoldTree: delete_jump_seqpos: renumbering jump 6796 to 2151
core.kinematics.FoldTree: delete_jump_seqpos: deleting jump 2152
core.kinematics.FoldTree: delete_jump_seqpos: renumbering jump 6795 to 2152
core.kinematics.FoldTree: delete_jump_seqpos: deleting jump 2153
core.kinematics.FoldTree: delete_jump_seqpos: renumbering jump 6794 to 2153
core.kinematics.FoldTree: delete_jump_seqpos: deleting jump 2154
core.kinematics.FoldTree: delete_jump_seqpos: renumbering jump 6793 to 2154
core.kinematics.FoldTree: delete_jump_seqpos: deleting jump 2155
core.kinematics.FoldTree: delete_jump_seqpos: renumbering jump 6792 to 2155
core.kinematics.FoldTree: delete_jump_seqpos: deleting jump 2156
core.kinematics.FoldTree: delete_jump_seqpos: renumbering jump 6791 to 2156
core.kinematics.FoldTree: delete_jump_seqpos: deleting jump 2157
core.kinematics.FoldTree: delete_jump_seqpos: renumbering jump 6790 to 2157
core.kinematics.FoldTree: delete_jump_seqpos: deleting jump 2158
core.kinematics.FoldTree: delete_jump_seqpos: renumbering jump 6789 to 2158
core.kinematics.FoldTree: delete_jump_seqpos: deleting jump 2159
core.kinematics.FoldTree: delete_jump_seqpos: renumbering jump 6788 to 2159
core.kinematics.FoldTree: delete_jump_seqpos: deleting jump 2160
core.kinematics.FoldTree: delete_jump_seqpos: renumbering jump 6787 to 2160
core.kinematics.FoldTree: delete_jump_seqpos: deleting jump 2161
core.kinematics.FoldTree: delete_jump_seqpos: renumbering jump 6786 to 2161
core.kinematics.FoldTree: delete_jump_seqpos: deleting jump 2162
core.kinematics.FoldTree: delete_jump_seqpos: renumbering jump 6785 to 2162
core.kinematics.FoldTree: delete_jump_seqpos: deleting jump 2163
core.kinematics.FoldTree: delete_jump_seqpos: renumbering jump 6784 to 2163
core.kinematics.FoldTree: delete_jump_seqpos: deleting jump 2164
core.kinematics.FoldTree: delete_jump_seqpos: renumbering jump 6783 to 2164
core.kinematics.FoldTree: delete_jump_seqpos: deleting jump 2165
core.kinematics.FoldTree: delete_jump_seqpos: renumbering jump 6782 to 2165
core.kinematics.FoldTree: delete_jump_seqpos: deleting jump 2166
core.kinematics.FoldTree: delete_jump_seqpos: renumbering jump 6781 to 2166
core.kinematics.FoldTree: delete_jump_seqpos: deleting jump 2167
core.kinematics.FoldTree: delete_jump_seqpos: renumbering jump 6780 to 2167
core.kinematics.FoldTree: delete_jump_seqpos: deleting jump 2168
core.kinematics.FoldTree: delete_jump_seqpos: renumbering jump 6779 to 2168
core.kinematics.FoldTree: delete_jump_seqpos: deleting jump 2169
core.kinematics.FoldTree: delete_jump_seqpos: renumbering jump 6778 to 2169
core.kinematics.FoldTree: delete_jump_seqpos: deleting jump 2170
core.kinematics.FoldTree: delete_jump_seqpos: renumbering jump 6777 to 2170
core.kinematics.FoldTree: delete_jump_seqpos: deleting jump 2171
core.kinematics.FoldTree: delete_jump_seqpos: renumbering jump 6776 to 2171
core.kinematics.FoldTree: delete_jump_seqpos: deleting jump 2172
core.kinematics.FoldTree: delete_jump_seqpos: renumbering jump 6775 to 2172
core.kinematics.FoldTree: delete_jump_seqpos: deleting jump 2173
core.kinematics.FoldTree: delete_jump_seqpos: renumbering jump 6774 to 2173
core.kinematics.FoldTree: delete_jump_seqpos: deleting jump 2174
core.kinematics.FoldTree: delete_jump_seqpos: renumbering jump 6773 to 2174
core.kinematics.FoldTree: delete_jump_seqpos: deleting jump 2175
core.kinematics.FoldTree: delete_jump_seqpos: renumbering jump 6772 to 2175
core.kinematics.FoldTree: delete_jump_seqpos: deleting jump 2176
core.kinematics.FoldTree: delete_jump_seqpos: renumbering jump 6771 to 2176
core.kinematics.FoldTree: delete_jump_seqpos: deleting jump 2177
core.kinematics.FoldTree: delete_jump_seqpos: renumbering jump 6770 to 2177
core.kinematics.FoldTree: delete_jump_seqpos: deleting jump 2178
core.kinematics.FoldTree: delete_jump_seqpos: renumbering jump 6769 to 2178
core.kinematics.FoldTree: delete_jump_seqpos: deleting jump 2179
core.kinematics.FoldTree: delete_jump_seqpos: renumbering jump 6768 to 2179
core.kinematics.FoldTree: delete_jump_seqpos: deleting jump 2180
core.kinematics.FoldTree: delete_jump_seqpos: renumbering jump 6767 to 2180
core.kinematics.FoldTree: delete_jump_seqpos: deleting jump 2181
core.kinematics.FoldTree: delete_jump_seqpos: renumbering jump 6766 to 2181
core.kinematics.FoldTree: delete_jump_seqpos: deleting jump 2182
core.kinematics.FoldTree: delete_jump_seqpos: renumbering jump 6765 to 2182
core.kinematics.FoldTree: delete_jump_seqpos: deleting jump 2183
core.kinematics.FoldTree: delete_jump_seqpos: renumbering jump 6764 to 2183
core.kinematics.FoldTree: delete_jump_seqpos: deleting jump 2184
core.kinematics.FoldTree: delete_jump_seqpos: renumbering jump 6763 to 2184
core.kinematics.FoldTree: delete_jump_seqpos: deleting jump 2185
core.kinematics.FoldTree: delete_jump_seqpos: renumbering jump 6762 to 2185
core.kinematics.FoldTree: delete_jump_seqpos: deleting jump 2186
core.kinematics.FoldTree: delete_jump_seqpos: renumbering jump 6761 to 2186
core.kinematics.FoldTree: delete_jump_seqpos: deleting jump 2187
core.kinematics.FoldTree: delete_jump_seqpos: renumbering jump 6760 to 2187
core.kinematics.FoldTree: delete_jump_seqpos: deleting jump 2188
core.kinematics.FoldTree: delete_jump_seqpos: renumbering jump 6759 to 2188
core.kinematics.FoldTree: delete_jump_seqpos: deleting jump 2189
core.kinematics.FoldTree: delete_jump_seqpos: renumbering jump 6758 to 2189
core.kinematics.FoldTree: delete_jump_seqpos: deleting jump 2190
core.kinematics.FoldTree: delete_jump_seqpos: renumbering jump 6757 to 2190
core.kinematics.FoldTree: delete_jump_seqpos: deleting jump 2191
core.kinematics.FoldTree: delete_jump_seqpos: renumbering jump 6756 to 2191
core.kinematics.FoldTree: delete_jump_seqpos: deleting jump 2192
core.kinematics.FoldTree: delete_jump_seqpos: renumbering jump 6755 to 2192
core.kinematics.FoldTree: delete_jump_seqpos: deleting jump 2193
core.kinematics.FoldTree: delete_jump_seqpos: renumbering jump 6754 to 2193
core.kinematics.FoldTree: delete_jump_seqpos: deleting jump 2194
core.kinematics.FoldTree: delete_jump_seqpos: renumbering jump 6753 to 2194
core.kinematics.FoldTree: delete_jump_seqpos: deleting jump 2195
core.kinematics.FoldTree: delete_jump_seqpos: renumbering jump 6752 to 2195
core.kinematics.FoldTree: delete_jump_seqpos: deleting jump 2196
core.kinematics.FoldTree: delete_jump_seqpos: renumbering jump 6751 to 2196
core.kinematics.FoldTree: delete_jump_seqpos: deleting jump 2197
core.kinematics.FoldTree: delete_jump_seqpos: renumbering jump 6750 to 2197
core.kinematics.FoldTree: delete_jump_seqpos: deleting jump 2198
core.kinematics.FoldTree: delete_jump_seqpos: renumbering jump 6749 to 2198
core.kinematics.FoldTree: delete_jump_seqpos: deleting jump 2199
core.kinematics.FoldTree: delete_jump_seqpos: renumbering jump 6748 to 2199
core.kinematics.FoldTree: delete_jump_seqpos: deleting jump 2200
core.kinematics.FoldTree: delete_jump_seqpos: renumbering jump 6747 to 2200
core.kinematics.FoldTree: delete_jump_seqpos: deleting jump 2201
core.kinematics.FoldTree: delete_jump_seqpos: renumbering jump 6746 to 2201
core.kinematics.FoldTree: delete_jump_seqpos: deleting jump 2202
core.kinematics.FoldTree: delete_jump_seqpos: renumbering jump 6745 to 2202
core.kinematics.FoldTree: delete_jump_seqpos: deleting jump 2203
core.kinematics.FoldTree: delete_jump_seqpos: renumbering jump 6744 to 2203
core.kinematics.FoldTree: delete_jump_seqpos: deleting jump 2204
core.kinematics.FoldTree: delete_jump_seqpos: renumbering jump 6743 to 2204
core.kinematics.FoldTree: delete_jump_seqpos: deleting jump 2205
core.kinematics.FoldTree: delete_jump_seqpos: renumbering jump 6742 to 2205
core.kinematics.FoldTree: delete_jump_seqpos: deleting jump 2206
core.kinematics.FoldTree: delete_jump_seqpos: renumbering jump 6741 to 2206
core.kinematics.FoldTree: delete_jump_seqpos: deleting jump 2207
core.kinematics.FoldTree: delete_jump_seqpos: renumbering jump 6740 to 2207
core.kinematics.FoldTree: delete_jump_seqpos: deleting jump 2208
core.kinematics.FoldTree: delete_jump_seqpos: renumbering jump 6739 to 2208
core.kinematics.FoldTree: delete_jump_seqpos: deleting jump 2209
core.kinematics.FoldTree: delete_jump_seqpos: renumbering jump 6738 to 2209
core.kinematics.FoldTree: delete_jump_seqpos: deleting jump 2210
core.kinematics.FoldTree: delete_jump_seqpos: renumbering jump 6737 to 2210
core.kinematics.FoldTree: delete_jump_seqpos: deleting jump 2211
core.kinematics.FoldTree: delete_jump_seqpos: renumbering jump 6736 to 2211
core.kinematics.FoldTree: delete_jump_seqpos: deleting jump 2212
core.kinematics.FoldTree: delete_jump_seqpos: renumbering jump 6735 to 2212
core.kinematics.FoldTree: delete_jump_seqpos: deleting jump 2213
core.kinematics.FoldTree: delete_jump_seqpos: renumbering jump 6734 to 2213
core.kinematics.FoldTree: delete_jump_seqpos: deleting jump 2214
core.kinematics.FoldTree: delete_jump_seqpos: renumbering jump 6733 to 2214
core.kinematics.FoldTree: delete_jump_seqpos: deleting jump 2215
core.kinematics.FoldTree: delete_jump_seqpos: renumbering jump 6732 to 2215
core.kinematics.FoldTree: delete_jump_seqpos: deleting jump 2216
core.kinematics.FoldTree: delete_jump_seqpos: renumbering jump 6731 to 2216
core.kinematics.FoldTree: delete_jump_seqpos: deleting jump 2217
core.kinematics.FoldTree: delete_jump_seqpos: renumbering jump 6730 to 2217
core.kinematics.FoldTree: delete_jump_seqpos: deleting jump 2218
core.kinematics.FoldTree: delete_jump_seqpos: renumbering jump 6729 to 2218
core.kinematics.FoldTree: delete_jump_seqpos: deleting jump 2219
core.kinematics.FoldTree: delete_jump_seqpos: renumbering jump 6728 to 2219
core.kinematics.FoldTree: delete_jump_seqpos: deleting jump 2220
core.kinematics.FoldTree: delete_jump_seqpos: renumbering jump 6727 to 2220
core.kinematics.FoldTree: delete_jump_seqpos: deleting jump 2221
core.kinematics.FoldTree: delete_jump_seqpos: renumbering jump 6726 to 2221
core.kinematics.FoldTree: delete_jump_seqpos: deleting jump 2222
core.kinematics.FoldTree: delete_jump_seqpos: renumbering jump 6725 to 2222
core.kinematics.FoldTree: delete_jump_seqpos: deleting jump 2223
core.kinematics.FoldTree: delete_jump_seqpos: renumbering jump 6724 to 2223
core.kinematics.FoldTree: delete_jump_seqpos: deleting jump 2224
core.kinematics.FoldTree: delete_jump_seqpos: renumbering jump 6723 to 2224
core.kinematics.FoldTree: delete_jump_seqpos: deleting jump 2225
core.kinematics.FoldTree: delete_jump_seqpos: renumbering jump 6722 to 2225
core.kinematics.FoldTree: delete_jump_seqpos: deleting jump 2226
core.kinematics.FoldTree: delete_jump_seqpos: renumbering jump 6721 to 2226
core.kinematics.FoldTree: delete_jump_seqpos: deleting jump 2227
core.kinematics.FoldTree: delete_jump_seqpos: renumbering jump 6720 to 2227
core.kinematics.FoldTree: delete_jump_seqpos: deleting jump 2228
core.kinematics.FoldTree: delete_jump_seqpos: renumbering jump 6719 to 2228
core.kinematics.FoldTree: delete_jump_seqpos: deleting jump 2229
core.kinematics.FoldTree: delete_jump_seqpos: renumbering jump 6718 to 2229
core.kinematics.FoldTree: delete_jump_seqpos: deleting jump 2230
core.kinematics.FoldTree: delete_jump_seqpos: renumbering jump 6717 to 2230
core.kinematics.FoldTree: delete_jump_seqpos: deleting jump 2231
core.kinematics.FoldTree: delete_jump_seqpos: renumbering jump 6716 to 2231
core.kinematics.FoldTree: delete_jump_seqpos: deleting jump 2232
core.kinematics.FoldTree: delete_jump_seqpos: renumbering jump 6715 to 2232
core.kinematics.FoldTree: delete_jump_seqpos: deleting jump 2233
core.kinematics.FoldTree: delete_jump_seqpos: renumbering jump 6714 to 2233
core.kinematics.FoldTree: delete_jump_seqpos: deleting jump 2234
core.kinematics.FoldTree: delete_jump_seqpos: renumbering jump 6713 to 2234
core.kinematics.FoldTree: delete_jump_seqpos: deleting jump 2235
core.kinematics.FoldTree: delete_jump_seqpos: renumbering jump 6712 to 2235
core.kinematics.FoldTree: delete_jump_seqpos: deleting jump 2236
core.kinematics.FoldTree: delete_jump_seqpos: renumbering jump 6711 to 2236
core.kinematics.FoldTree: delete_jump_seqpos: deleting jump 2237
core.kinematics.FoldTree: delete_jump_seqpos: renumbering jump 6710 to 2237
core.kinematics.FoldTree: delete_jump_seqpos: deleting jump 2238
core.kinematics.FoldTree: delete_jump_seqpos: renumbering jump 6709 to 2238
core.kinematics.FoldTree: delete_jump_seqpos: deleting jump 2239
core.kinematics.FoldTree: delete_jump_seqpos: renumbering jump 6708 to 2239
core.kinematics.FoldTree: delete_jump_seqpos: deleting jump 2240
core.kinematics.FoldTree: delete_jump_seqpos: renumbering jump 6707 to 2240
core.kinematics.FoldTree: delete_jump_seqpos: deleting jump 2241
core.kinematics.FoldTree: delete_jump_seqpos: renumbering jump 6706 to 2241
core.kinematics.FoldTree: delete_jump_seqpos: deleting jump 2242
core.kinematics.FoldTree: delete_jump_seqpos: renumbering jump 6705 to 2242
core.kinematics.FoldTree: delete_jump_seqpos: deleting jump 2243
core.kinematics.FoldTree: delete_jump_seqpos: renumbering jump 6704 to 2243
core.kinematics.FoldTree: delete_jump_seqpos: deleting jump 2244
core.kinematics.FoldTree: delete_jump_seqpos: renumbering jump 6703 to 2244
core.kinematics.FoldTree: delete_jump_seqpos: deleting jump 2245
core.kinematics.FoldTree: delete_jump_seqpos: renumbering jump 6702 to 2245
core.kinematics.FoldTree: delete_jump_seqpos: deleting jump 2246
core.kinematics.FoldTree: delete_jump_seqpos: renumbering jump 6701 to 2246
core.kinematics.FoldTree: delete_jump_seqpos: deleting jump 2247
core.kinematics.FoldTree: delete_jump_seqpos: renumbering jump 6700 to 2247
core.kinematics.FoldTree: delete_jump_seqpos: deleting jump 2248
core.kinematics.FoldTree: delete_jump_seqpos: renumbering jump 6699 to 2248
core.kinematics.FoldTree: delete_jump_seqpos: deleting jump 2249
core.kinematics.FoldTree: delete_jump_seqpos: renumbering jump 6698 to 2249
core.kinematics.FoldTree: delete_jump_seqpos: deleting jump 2250
core.kinematics.FoldTree: delete_jump_seqpos: renumbering jump 6697 to 2250
core.kinematics.FoldTree: delete_jump_seqpos: deleting jump 2251
core.kinematics.FoldTree: delete_jump_seqpos: renumbering jump 6696 to 2251
core.kinematics.FoldTree: delete_jump_seqpos: deleting jump 2252
core.kinematics.FoldTree: delete_jump_seqpos: renumbering jump 6695 to 2252
core.kinematics.FoldTree: delete_jump_seqpos: deleting jump 2253
core.kinematics.FoldTree: delete_jump_seqpos: renumbering jump 6694 to 2253
core.kinematics.FoldTree: delete_jump_seqpos: deleting jump 2254
core.kinematics.FoldTree: delete_jump_seqpos: renumbering jump 6693 to 2254
core.kinematics.FoldTree: delete_jump_seqpos: deleting jump 2255
core.kinematics.FoldTree: delete_jump_seqpos: renumbering jump 6692 to 2255
core.kinematics.FoldTree: delete_jump_seqpos: deleting jump 2256
core.kinematics.FoldTree: delete_jump_seqpos: renumbering jump 6691 to 2256
core.kinematics.FoldTree: delete_jump_seqpos: deleting jump 2257
core.kinematics.FoldTree: delete_jump_seqpos: renumbering jump 6690 to 2257
core.kinematics.FoldTree: delete_jump_seqpos: deleting jump 2258
core.kinematics.FoldTree: delete_jump_seqpos: renumbering jump 6689 to 2258
core.kinematics.FoldTree: delete_jump_seqpos: deleting jump 2259
core.kinematics.FoldTree: delete_jump_seqpos: renumbering jump 6688 to 2259
core.kinematics.FoldTree: delete_jump_seqpos: deleting jump 2260
core.kinematics.FoldTree: delete_jump_seqpos: renumbering jump 6687 to 2260
core.kinematics.FoldTree: delete_jump_seqpos: deleting jump 2261
core.kinematics.FoldTree: delete_jump_seqpos: renumbering jump 6686 to 2261
core.kinematics.FoldTree: delete_jump_seqpos: deleting jump 2262
core.kinematics.FoldTree: delete_jump_seqpos: renumbering jump 6685 to 2262
core.kinematics.FoldTree: delete_jump_seqpos: deleting jump 2263
core.kinematics.FoldTree: delete_jump_seqpos: renumbering jump 6684 to 2263
core.kinematics.FoldTree: delete_jump_seqpos: deleting jump 2264
core.kinematics.FoldTree: delete_jump_seqpos: renumbering jump 6683 to 2264
core.kinematics.FoldTree: delete_jump_seqpos: deleting jump 2265
core.kinematics.FoldTree: delete_jump_seqpos: renumbering jump 6682 to 2265
core.kinematics.FoldTree: delete_jump_seqpos: deleting jump 2266
core.kinematics.FoldTree: delete_jump_seqpos: renumbering jump 6681 to 2266
core.kinematics.FoldTree: delete_jump_seqpos: deleting jump 2267
core.kinematics.FoldTree: delete_jump_seqpos: renumbering jump 6680 to 2267
core.kinematics.FoldTree: delete_jump_seqpos: deleting jump 2268
core.kinematics.FoldTree: delete_jump_seqpos: renumbering jump 6679 to 2268
core.kinematics.FoldTree: delete_jump_seqpos: deleting jump 2269
core.kinematics.FoldTree: delete_jump_seqpos: renumbering jump 6678 to 2269
core.kinematics.FoldTree: delete_jump_seqpos: deleting jump 2270
core.kinematics.FoldTree: delete_jump_seqpos: renumbering jump 6677 to 2270
core.kinematics.FoldTree: delete_jump_seqpos: deleting jump 2271
core.kinematics.FoldTree: delete_jump_seqpos: renumbering jump 6676 to 2271
core.kinematics.FoldTree: delete_jump_seqpos: deleting jump 2272
core.kinematics.FoldTree: delete_jump_seqpos: renumbering jump 6675 to 2272
core.kinematics.FoldTree: delete_jump_seqpos: deleting jump 2273
core.kinematics.FoldTree: delete_jump_seqpos: renumbering jump 6674 to 2273
core.kinematics.FoldTree: delete_jump_seqpos: deleting jump 2274
core.kinematics.FoldTree: delete_jump_seqpos: renumbering jump 6673 to 2274
core.kinematics.FoldTree: delete_jump_seqpos: deleting jump 2275
core.kinematics.FoldTree: delete_jump_seqpos: renumbering jump 6672 to 2275
core.kinematics.FoldTree: delete_jump_seqpos: deleting jump 2276
core.kinematics.FoldTree: delete_jump_seqpos: renumbering jump 6671 to 2276
core.kinematics.FoldTree: delete_jump_seqpos: deleting jump 2277
core.kinematics.FoldTree: delete_jump_seqpos: renumbering jump 6670 to 2277
core.kinematics.FoldTree: delete_jump_seqpos: deleting jump 2278
core.kinematics.FoldTree: delete_jump_seqpos: renumbering jump 6669 to 2278
core.kinematics.FoldTree: delete_jump_seqpos: deleting jump 2279
core.kinematics.FoldTree: delete_jump_seqpos: renumbering jump 6668 to 2279
core.kinematics.FoldTree: delete_jump_seqpos: deleting jump 2280
core.kinematics.FoldTree: delete_jump_seqpos: renumbering jump 6667 to 2280
core.kinematics.FoldTree: delete_jump_seqpos: deleting jump 2281
core.kinematics.FoldTree: delete_jump_seqpos: renumbering jump 6666 to 2281
core.kinematics.FoldTree: delete_jump_seqpos: deleting jump 2282
core.kinematics.FoldTree: delete_jump_seqpos: renumbering jump 6665 to 2282
core.kinematics.FoldTree: delete_jump_seqpos: deleting jump 2283
core.kinematics.FoldTree: delete_jump_seqpos: renumbering jump 6664 to 2283
core.kinematics.FoldTree: delete_jump_seqpos: deleting jump 2284
core.kinematics.FoldTree: delete_jump_seqpos: renumbering jump 6663 to 2284
core.kinematics.FoldTree: delete_jump_seqpos: deleting jump 2285
core.kinematics.FoldTree: delete_jump_seqpos: renumbering jump 6662 to 2285
core.kinematics.FoldTree: delete_jump_seqpos: deleting jump 2286
core.kinematics.FoldTree: delete_jump_seqpos: renumbering jump 6661 to 2286
core.kinematics.FoldTree: delete_jump_seqpos: deleting jump 2287
core.kinematics.FoldTree: delete_jump_seqpos: renumbering jump 6660 to 2287
core.kinematics.FoldTree: delete_jump_seqpos: deleting jump 2288
core.kinematics.FoldTree: delete_jump_seqpos: renumbering jump 6659 to 2288
core.kinematics.FoldTree: delete_jump_seqpos: deleting jump 2289
core.kinematics.FoldTree: delete_jump_seqpos: renumbering jump 6658 to 2289
core.kinematics.FoldTree: delete_jump_seqpos: deleting jump 2290
core.kinematics.FoldTree: delete_jump_seqpos: renumbering jump 6657 to 2290
core.kinematics.FoldTree: delete_jump_seqpos: deleting jump 2291
core.kinematics.FoldTree: delete_jump_seqpos: renumbering jump 6656 to 2291
core.kinematics.FoldTree: delete_jump_seqpos: deleting jump 2292
core.kinematics.FoldTree: delete_jump_seqpos: renumbering jump 6655 to 2292
core.kinematics.FoldTree: delete_jump_seqpos: deleting jump 2293
core.kinematics.FoldTree: delete_jump_seqpos: renumbering jump 6654 to 2293
core.kinematics.FoldTree: delete_jump_seqpos: deleting jump 2294
core.kinematics.FoldTree: delete_jump_seqpos: renumbering jump 6653 to 2294
core.kinematics.FoldTree: delete_jump_seqpos: deleting jump 2295
core.kinematics.FoldTree: delete_jump_seqpos: renumbering jump 6652 to 2295
core.kinematics.FoldTree: delete_jump_seqpos: deleting jump 2296
core.kinematics.FoldTree: delete_jump_seqpos: renumbering jump 6651 to 2296
core.kinematics.FoldTree: delete_jump_seqpos: deleting jump 2297
core.kinematics.FoldTree: delete_jump_seqpos: renumbering jump 6650 to 2297
core.kinematics.FoldTree: delete_jump_seqpos: deleting jump 2298
core.kinematics.FoldTree: delete_jump_seqpos: renumbering jump 6649 to 2298
core.kinematics.FoldTree: delete_jump_seqpos: deleting jump 2299
core.kinematics.FoldTree: delete_jump_seqpos: renumbering jump 6648 to 2299
core.kinematics.FoldTree: delete_jump_seqpos: deleting jump 2300
core.kinematics.FoldTree: delete_jump_seqpos: renumbering jump 6647 to 2300
core.kinematics.FoldTree: delete_jump_seqpos: deleting jump 2301
core.kinematics.FoldTree: delete_jump_seqpos: renumbering jump 6646 to 2301
core.kinematics.FoldTree: delete_jump_seqpos: deleting jump 2302
core.kinematics.FoldTree: delete_jump_seqpos: renumbering jump 6645 to 2302
core.kinematics.FoldTree: delete_jump_seqpos: deleting jump 2303
core.kinematics.FoldTree: delete_jump_seqpos: renumbering jump 6644 to 2303
core.kinematics.FoldTree: delete_jump_seqpos: deleting jump 2304
core.kinematics.FoldTree: delete_jump_seqpos: renumbering jump 6643 to 2304
core.kinematics.FoldTree: delete_jump_seqpos: deleting jump 2305
core.kinematics.FoldTree: delete_jump_seqpos: renumbering jump 6642 to 2305
core.kinematics.FoldTree: delete_jump_seqpos: deleting jump 2306
core.kinematics.FoldTree: delete_jump_seqpos: renumbering jump 6641 to 2306
core.kinematics.FoldTree: delete_jump_seqpos: deleting jump 2307
core.kinematics.FoldTree: delete_jump_seqpos: renumbering jump 6640 to 2307
core.kinematics.FoldTree: delete_jump_seqpos: deleting jump 2308
core.kinematics.FoldTree: delete_jump_seqpos: renumbering jump 6639 to 2308
core.kinematics.FoldTree: delete_jump_seqpos: deleting jump 2309
core.kinematics.FoldTree: delete_jump_seqpos: renumbering jump 6638 to 2309
core.kinematics.FoldTree: delete_jump_seqpos: deleting jump 2310
core.kinematics.FoldTree: delete_jump_seqpos: renumbering jump 6637 to 2310
core.kinematics.FoldTree: delete_jump_seqpos: deleting jump 2311
core.kinematics.FoldTree: delete_jump_seqpos: renumbering jump 6636 to 2311
core.kinematics.FoldTree: delete_jump_seqpos: deleting jump 2312
core.kinematics.FoldTree: delete_jump_seqpos: renumbering jump 6635 to 2312
core.kinematics.FoldTree: delete_jump_seqpos: deleting jump 2313
core.kinematics.FoldTree: delete_jump_seqpos: renumbering jump 6634 to 2313
core.kinematics.FoldTree: delete_jump_seqpos: deleting jump 2314
core.kinematics.FoldTree: delete_jump_seqpos: renumbering jump 6633 to 2314
core.kinematics.FoldTree: delete_jump_seqpos: deleting jump 2315
core.kinematics.FoldTree: delete_jump_seqpos: renumbering jump 6632 to 2315
core.kinematics.FoldTree: delete_jump_seqpos: deleting jump 2316
core.kinematics.FoldTree: delete_jump_seqpos: renumbering jump 6631 to 2316
core.kinematics.FoldTree: delete_jump_seqpos: deleting jump 2317
core.kinematics.FoldTree: delete_jump_seqpos: renumbering jump 6630 to 2317
core.kinematics.FoldTree: delete_jump_seqpos: deleting jump 2318
core.kinematics.FoldTree: delete_jump_seqpos: renumbering jump 6629 to 2318
core.kinematics.FoldTree: delete_jump_seqpos: deleting jump 2319
core.kinematics.FoldTree: delete_jump_seqpos: renumbering jump 6628 to 2319
core.kinematics.FoldTree: delete_jump_seqpos: deleting jump 2320
core.kinematics.FoldTree: delete_jump_seqpos: renumbering jump 6627 to 2320
core.kinematics.FoldTree: delete_jump_seqpos: deleting jump 2321
core.kinematics.FoldTree: delete_jump_seqpos: renumbering jump 6626 to 2321
core.kinematics.FoldTree: delete_jump_seqpos: deleting jump 2322
core.kinematics.FoldTree: delete_jump_seqpos: renumbering jump 6625 to 2322
core.kinematics.FoldTree: delete_jump_seqpos: deleting jump 2323
core.kinematics.FoldTree: delete_jump_seqpos: renumbering jump 6624 to 2323
core.kinematics.FoldTree: delete_jump_seqpos: deleting jump 2324
core.kinematics.FoldTree: delete_jump_seqpos: renumbering jump 6623 to 2324
core.kinematics.FoldTree: delete_jump_seqpos: deleting jump 2325
core.kinematics.FoldTree: delete_jump_seqpos: renumbering jump 6622 to 2325
core.kinematics.FoldTree: delete_jump_seqpos: deleting jump 2326
core.kinematics.FoldTree: delete_jump_seqpos: renumbering jump 6621 to 2326
core.kinematics.FoldTree: delete_jump_seqpos: deleting jump 2327
core.kinematics.FoldTree: delete_jump_seqpos: renumbering jump 6620 to 2327
core.kinematics.FoldTree: delete_jump_seqpos: deleting jump 2328
core.kinematics.FoldTree: delete_jump_seqpos: renumbering jump 6619 to 2328
core.kinematics.FoldTree: delete_jump_seqpos: deleting jump 2329
core.kinematics.FoldTree: delete_jump_seqpos: renumbering jump 6618 to 2329
core.kinematics.FoldTree: delete_jump_seqpos: deleting jump 2330
core.kinematics.FoldTree: delete_jump_seqpos: renumbering jump 6617 to 2330
core.kinematics.FoldTree: delete_jump_seqpos: deleting jump 2331
core.kinematics.FoldTree: delete_jump_seqpos: renumbering jump 6616 to 2331
core.kinematics.FoldTree: delete_jump_seqpos: deleting jump 2332
core.kinematics.FoldTree: delete_jump_seqpos: renumbering jump 6615 to 2332
core.kinematics.FoldTree: delete_jump_seqpos: deleting jump 2333
core.kinematics.FoldTree: delete_jump_seqpos: renumbering jump 6614 to 2333
core.kinematics.FoldTree: delete_jump_seqpos: deleting jump 2334
core.kinematics.FoldTree: delete_jump_seqpos: renumbering jump 6613 to 2334
core.kinematics.FoldTree: delete_jump_seqpos: deleting jump 2335
core.kinematics.FoldTree: delete_jump_seqpos: renumbering jump 6612 to 2335
core.kinematics.FoldTree: delete_jump_seqpos: deleting jump 2336
core.kinematics.FoldTree: delete_jump_seqpos: renumbering jump 6611 to 2336
core.kinematics.FoldTree: delete_jump_seqpos: deleting jump 2337
core.kinematics.FoldTree: delete_jump_seqpos: renumbering jump 6610 to 2337
core.kinematics.FoldTree: delete_jump_seqpos: deleting jump 2338
core.kinematics.FoldTree: delete_jump_seqpos: renumbering jump 6609 to 2338
core.kinematics.FoldTree: delete_jump_seqpos: deleting jump 2339
core.kinematics.FoldTree: delete_jump_seqpos: renumbering jump 6608 to 2339
core.kinematics.FoldTree: delete_jump_seqpos: deleting jump 2340
core.kinematics.FoldTree: delete_jump_seqpos: renumbering jump 6607 to 2340
core.kinematics.FoldTree: delete_jump_seqpos: deleting jump 2341
core.kinematics.FoldTree: delete_jump_seqpos: renumbering jump 6606 to 2341
core.kinematics.FoldTree: delete_jump_seqpos: deleting jump 2342
core.kinematics.FoldTree: delete_jump_seqpos: renumbering jump 6605 to 2342
core.kinematics.FoldTree: delete_jump_seqpos: deleting jump 2343
core.kinematics.FoldTree: delete_jump_seqpos: renumbering jump 6604 to 2343
core.kinematics.FoldTree: delete_jump_seqpos: deleting jump 2344
core.kinematics.FoldTree: delete_jump_seqpos: renumbering jump 6603 to 2344
core.kinematics.FoldTree: delete_jump_seqpos: deleting jump 2345
core.kinematics.FoldTree: delete_jump_seqpos: renumbering jump 6602 to 2345
core.kinematics.FoldTree: delete_jump_seqpos: deleting jump 2346
core.kinematics.FoldTree: delete_jump_seqpos: renumbering jump 6601 to 2346
core.kinematics.FoldTree: delete_jump_seqpos: deleting jump 2347
core.kinematics.FoldTree: delete_jump_seqpos: renumbering jump 6600 to 2347
core.kinematics.FoldTree: delete_jump_seqpos: deleting jump 2348
core.kinematics.FoldTree: delete_jump_seqpos: renumbering jump 6599 to 2348
core.kinematics.FoldTree: delete_jump_seqpos: deleting jump 2349
core.kinematics.FoldTree: delete_jump_seqpos: renumbering jump 6598 to 2349
core.kinematics.FoldTree: delete_jump_seqpos: deleting jump 2350
core.kinematics.FoldTree: delete_jump_seqpos: renumbering jump 6597 to 2350
core.kinematics.FoldTree: delete_jump_seqpos: deleting jump 2351
core.kinematics.FoldTree: delete_jump_seqpos: renumbering jump 6596 to 2351
core.kinematics.FoldTree: delete_jump_seqpos: deleting jump 2352
core.kinematics.FoldTree: delete_jump_seqpos: renumbering jump 6595 to 2352
core.kinematics.FoldTree: delete_jump_seqpos: deleting jump 2353
core.kinematics.FoldTree: delete_jump_seqpos: renumbering jump 6594 to 2353
core.kinematics.FoldTree: delete_jump_seqpos: deleting jump 2354
core.kinematics.FoldTree: delete_jump_seqpos: renumbering jump 6593 to 2354
core.kinematics.FoldTree: delete_jump_seqpos: deleting jump 2355
core.kinematics.FoldTree: delete_jump_seqpos: renumbering jump 6592 to 2355
core.kinematics.FoldTree: delete_jump_seqpos: deleting jump 2356
core.kinematics.FoldTree: delete_jump_seqpos: renumbering jump 6591 to 2356
core.kinematics.FoldTree: delete_jump_seqpos: deleting jump 2357
core.kinematics.FoldTree: delete_jump_seqpos: renumbering jump 6590 to 2357
core.kinematics.FoldTree: delete_jump_seqpos: deleting jump 2358
core.kinematics.FoldTree: delete_jump_seqpos: renumbering jump 6589 to 2358
core.kinematics.FoldTree: delete_jump_seqpos: deleting jump 2359
core.kinematics.FoldTree: delete_jump_seqpos: renumbering jump 6588 to 2359
core.kinematics.FoldTree: delete_jump_seqpos: deleting jump 2360
core.kinematics.FoldTree: delete_jump_seqpos: renumbering jump 6587 to 2360
core.kinematics.FoldTree: delete_jump_seqpos: deleting jump 2361
core.kinematics.FoldTree: delete_jump_seqpos: renumbering jump 6586 to 2361
core.kinematics.FoldTree: delete_jump_seqpos: deleting jump 2362
core.kinematics.FoldTree: delete_jump_seqpos: renumbering jump 6585 to 2362
core.kinematics.FoldTree: delete_jump_seqpos: deleting jump 2363
core.kinematics.FoldTree: delete_jump_seqpos: renumbering jump 6584 to 2363
core.kinematics.FoldTree: delete_jump_seqpos: deleting jump 2364
core.kinematics.FoldTree: delete_jump_seqpos: renumbering jump 6583 to 2364
core.kinematics.FoldTree: delete_jump_seqpos: deleting jump 2365
core.kinematics.FoldTree: delete_jump_seqpos: renumbering jump 6582 to 2365
core.kinematics.FoldTree: delete_jump_seqpos: deleting jump 2366
core.kinematics.FoldTree: delete_jump_seqpos: renumbering jump 6581 to 2366
core.kinematics.FoldTree: delete_jump_seqpos: deleting jump 2367
core.kinematics.FoldTree: delete_jump_seqpos: renumbering jump 6580 to 2367
core.kinematics.FoldTree: delete_jump_seqpos: deleting jump 2368
core.kinematics.FoldTree: delete_jump_seqpos: renumbering jump 6579 to 2368
core.kinematics.FoldTree: delete_jump_seqpos: deleting jump 2369
core.kinematics.FoldTree: delete_jump_seqpos: renumbering jump 6578 to 2369
core.kinematics.FoldTree: delete_jump_seqpos: deleting jump 2370
core.kinematics.FoldTree: delete_jump_seqpos: renumbering jump 6577 to 2370
core.kinematics.FoldTree: delete_jump_seqpos: deleting jump 2371
core.kinematics.FoldTree: delete_jump_seqpos: renumbering jump 6576 to 2371
core.kinematics.FoldTree: delete_jump_seqpos: deleting jump 2372
core.kinematics.FoldTree: delete_jump_seqpos: renumbering jump 6575 to 2372
core.kinematics.FoldTree: delete_jump_seqpos: deleting jump 2373
core.kinematics.FoldTree: delete_jump_seqpos: renumbering jump 6574 to 2373
core.kinematics.FoldTree: delete_jump_seqpos: deleting jump 2374
core.kinematics.FoldTree: delete_jump_seqpos: renumbering jump 6573 to 2374
core.kinematics.FoldTree: delete_jump_seqpos: deleting jump 2375
core.kinematics.FoldTree: delete_jump_seqpos: renumbering jump 6572 to 2375
core.kinematics.FoldTree: delete_jump_seqpos: deleting jump 2376
core.kinematics.FoldTree: delete_jump_seqpos: renumbering jump 6571 to 2376
core.kinematics.FoldTree: delete_jump_seqpos: deleting jump 2377
core.kinematics.FoldTree: delete_jump_seqpos: renumbering jump 6570 to 2377
core.kinematics.FoldTree: delete_jump_seqpos: deleting jump 2378
core.kinematics.FoldTree: delete_jump_seqpos: renumbering jump 6569 to 2378
core.kinematics.FoldTree: delete_jump_seqpos: deleting jump 2379
core.kinematics.FoldTree: delete_jump_seqpos: renumbering jump 6568 to 2379
core.kinematics.FoldTree: delete_jump_seqpos: deleting jump 2380
core.kinematics.FoldTree: delete_jump_seqpos: renumbering jump 6567 to 2380
core.kinematics.FoldTree: delete_jump_seqpos: deleting jump 2381
core.kinematics.FoldTree: delete_jump_seqpos: renumbering jump 6566 to 2381
core.kinematics.FoldTree: delete_jump_seqpos: deleting jump 2382
core.kinematics.FoldTree: delete_jump_seqpos: renumbering jump 6565 to 2382
core.kinematics.FoldTree: delete_jump_seqpos: deleting jump 2383
core.kinematics.FoldTree: delete_jump_seqpos: renumbering jump 6564 to 2383
core.kinematics.FoldTree: delete_jump_seqpos: deleting jump 2384
core.kinematics.FoldTree: delete_jump_seqpos: renumbering jump 6563 to 2384
core.kinematics.FoldTree: delete_jump_seqpos: deleting jump 2385
core.kinematics.FoldTree: delete_jump_seqpos: renumbering jump 6562 to 2385
core.kinematics.FoldTree: delete_jump_seqpos: deleting jump 2386
core.kinematics.FoldTree: delete_jump_seqpos: renumbering jump 6561 to 2386
core.kinematics.FoldTree: delete_jump_seqpos: deleting jump 2387
core.kinematics.FoldTree: delete_jump_seqpos: renumbering jump 6560 to 2387
core.kinematics.FoldTree: delete_jump_seqpos: deleting jump 2388
core.kinematics.FoldTree: delete_jump_seqpos: renumbering jump 6559 to 2388
core.kinematics.FoldTree: delete_jump_seqpos: deleting jump 2389
core.kinematics.FoldTree: delete_jump_seqpos: renumbering jump 6558 to 2389
core.kinematics.FoldTree: delete_jump_seqpos: deleting jump 2390
core.kinematics.FoldTree: delete_jump_seqpos: renumbering jump 6557 to 2390
core.kinematics.FoldTree: delete_jump_seqpos: deleting jump 2391
core.kinematics.FoldTree: delete_jump_seqpos: renumbering jump 6556 to 2391
core.kinematics.FoldTree: delete_jump_seqpos: deleting jump 2392
core.kinematics.FoldTree: delete_jump_seqpos: renumbering jump 6555 to 2392
core.kinematics.FoldTree: delete_jump_seqpos: deleting jump 2393
core.kinematics.FoldTree: delete_jump_seqpos: renumbering jump 6554 to 2393
core.kinematics.FoldTree: delete_jump_seqpos: deleting jump 2394
core.kinematics.FoldTree: delete_jump_seqpos: renumbering jump 6553 to 2394
core.kinematics.FoldTree: delete_jump_seqpos: deleting jump 2395
core.kinematics.FoldTree: delete_jump_seqpos: renumbering jump 6552 to 2395
core.kinematics.FoldTree: delete_jump_seqpos: deleting jump 2396
core.kinematics.FoldTree: delete_jump_seqpos: renumbering jump 6551 to 2396
core.kinematics.FoldTree: delete_jump_seqpos: deleting jump 2397
core.kinematics.FoldTree: delete_jump_seqpos: renumbering jump 6550 to 2397
core.kinematics.FoldTree: delete_jump_seqpos: deleting jump 2398
core.kinematics.FoldTree: delete_jump_seqpos: renumbering jump 6549 to 2398
core.kinematics.FoldTree: delete_jump_seqpos: deleting jump 2399
core.kinematics.FoldTree: delete_jump_seqpos: renumbering jump 6548 to 2399
core.kinematics.FoldTree: delete_jump_seqpos: deleting jump 2400
core.kinematics.FoldTree: delete_jump_seqpos: renumbering jump 6547 to 2400
core.kinematics.FoldTree: delete_jump_seqpos: deleting jump 2401
core.kinematics.FoldTree: delete_jump_seqpos: renumbering jump 6546 to 2401
core.kinematics.FoldTree: delete_jump_seqpos: deleting jump 2402
core.kinematics.FoldTree: delete_jump_seqpos: renumbering jump 6545 to 2402
core.kinematics.FoldTree: delete_jump_seqpos: deleting jump 2403
core.kinematics.FoldTree: delete_jump_seqpos: renumbering jump 6544 to 2403
core.kinematics.FoldTree: delete_jump_seqpos: deleting jump 2404
core.kinematics.FoldTree: delete_jump_seqpos: renumbering jump 6543 to 2404
core.kinematics.FoldTree: delete_jump_seqpos: deleting jump 2405
core.kinematics.FoldTree: delete_jump_seqpos: renumbering jump 6542 to 2405
core.kinematics.FoldTree: delete_jump_seqpos: deleting jump 2406
core.kinematics.FoldTree: delete_jump_seqpos: renumbering jump 6541 to 2406
core.kinematics.FoldTree: delete_jump_seqpos: deleting jump 2407
core.kinematics.FoldTree: delete_jump_seqpos: renumbering jump 6540 to 2407
core.kinematics.FoldTree: delete_jump_seqpos: deleting jump 2408
core.kinematics.FoldTree: delete_jump_seqpos: renumbering jump 6539 to 2408
core.kinematics.FoldTree: delete_jump_seqpos: deleting jump 2409
core.kinematics.FoldTree: delete_jump_seqpos: renumbering jump 6538 to 2409
core.kinematics.FoldTree: delete_jump_seqpos: deleting jump 2410
core.kinematics.FoldTree: delete_jump_seqpos: renumbering jump 6537 to 2410
core.kinematics.FoldTree: delete_jump_seqpos: deleting jump 2411
core.kinematics.FoldTree: delete_jump_seqpos: renumbering jump 6536 to 2411
core.kinematics.FoldTree: delete_jump_seqpos: deleting jump 2412
core.kinematics.FoldTree: delete_jump_seqpos: renumbering jump 6535 to 2412
core.kinematics.FoldTree: delete_jump_seqpos: deleting jump 2413
core.kinematics.FoldTree: delete_jump_seqpos: renumbering jump 6534 to 2413
core.kinematics.FoldTree: delete_jump_seqpos: deleting jump 2414
core.kinematics.FoldTree: delete_jump_seqpos: renumbering jump 6533 to 2414
core.kinematics.FoldTree: delete_jump_seqpos: deleting jump 2415
core.kinematics.FoldTree: delete_jump_seqpos: renumbering jump 6532 to 2415
core.kinematics.FoldTree: delete_jump_seqpos: deleting jump 2416
core.kinematics.FoldTree: delete_jump_seqpos: renumbering jump 6531 to 2416
core.kinematics.FoldTree: delete_jump_seqpos: deleting jump 2417
core.kinematics.FoldTree: delete_jump_seqpos: renumbering jump 6530 to 2417
core.kinematics.FoldTree: delete_jump_seqpos: deleting jump 2418
core.kinematics.FoldTree: delete_jump_seqpos: renumbering jump 6529 to 2418
core.kinematics.FoldTree: delete_jump_seqpos: deleting jump 2419
core.kinematics.FoldTree: delete_jump_seqpos: renumbering jump 6528 to 2419
core.kinematics.FoldTree: delete_jump_seqpos: deleting jump 2420
core.kinematics.FoldTree: delete_jump_seqpos: renumbering jump 6527 to 2420
core.kinematics.FoldTree: delete_jump_seqpos: deleting jump 2421
core.kinematics.FoldTree: delete_jump_seqpos: renumbering jump 6526 to 2421
core.kinematics.FoldTree: delete_jump_seqpos: deleting jump 2422
core.kinematics.FoldTree: delete_jump_seqpos: renumbering jump 6525 to 2422
core.kinematics.FoldTree: delete_jump_seqpos: deleting jump 2423
core.kinematics.FoldTree: delete_jump_seqpos: renumbering jump 6524 to 2423
core.kinematics.FoldTree: delete_jump_seqpos: deleting jump 2424
core.kinematics.FoldTree: delete_jump_seqpos: renumbering jump 6523 to 2424
core.kinematics.FoldTree: delete_jump_seqpos: deleting jump 2425
core.kinematics.FoldTree: delete_jump_seqpos: renumbering jump 6522 to 2425
core.kinematics.FoldTree: delete_jump_seqpos: deleting jump 2426
core.kinematics.FoldTree: delete_jump_seqpos: renumbering jump 6521 to 2426
core.kinematics.FoldTree: delete_jump_seqpos: deleting jump 2427
core.kinematics.FoldTree: delete_jump_seqpos: renumbering jump 6520 to 2427
core.kinematics.FoldTree: delete_jump_seqpos: deleting jump 2428
core.kinematics.FoldTree: delete_jump_seqpos: renumbering jump 6519 to 2428
core.kinematics.FoldTree: delete_jump_seqpos: deleting jump 2429
core.kinematics.FoldTree: delete_jump_seqpos: renumbering jump 6518 to 2429
core.kinematics.FoldTree: delete_jump_seqpos: deleting jump 2430
core.kinematics.FoldTree: delete_jump_seqpos: renumbering jump 6517 to 2430
core.kinematics.FoldTree: delete_jump_seqpos: deleting jump 2431
core.kinematics.FoldTree: delete_jump_seqpos: renumbering jump 6516 to 2431
core.kinematics.FoldTree: delete_jump_seqpos: deleting jump 2432
core.kinematics.FoldTree: delete_jump_seqpos: renumbering jump 6515 to 2432
core.kinematics.FoldTree: delete_jump_seqpos: deleting jump 2433
core.kinematics.FoldTree: delete_jump_seqpos: renumbering jump 6514 to 2433
core.kinematics.FoldTree: delete_jump_seqpos: deleting jump 2434
core.kinematics.FoldTree: delete_jump_seqpos: renumbering jump 6513 to 2434
core.kinematics.FoldTree: delete_jump_seqpos: deleting jump 2435
core.kinematics.FoldTree: delete_jump_seqpos: renumbering jump 6512 to 2435
core.kinematics.FoldTree: delete_jump_seqpos: deleting jump 2436
core.kinematics.FoldTree: delete_jump_seqpos: renumbering jump 6511 to 2436
core.kinematics.FoldTree: delete_jump_seqpos: deleting jump 2437
core.kinematics.FoldTree: delete_jump_seqpos: renumbering jump 6510 to 2437
core.kinematics.FoldTree: delete_jump_seqpos: deleting jump 2438
core.kinematics.FoldTree: delete_jump_seqpos: renumbering jump 6509 to 2438
core.kinematics.FoldTree: delete_jump_seqpos: deleting jump 2439
core.kinematics.FoldTree: delete_jump_seqpos: renumbering jump 6508 to 2439
core.kinematics.FoldTree: delete_jump_seqpos: deleting jump 2440
core.kinematics.FoldTree: delete_jump_seqpos: renumbering jump 6507 to 2440
core.kinematics.FoldTree: delete_jump_seqpos: deleting jump 2441
core.kinematics.FoldTree: delete_jump_seqpos: renumbering jump 6506 to 2441
core.kinematics.FoldTree: delete_jump_seqpos: deleting jump 2442
core.kinematics.FoldTree: delete_jump_seqpos: renumbering jump 6505 to 2442
core.kinematics.FoldTree: delete_jump_seqpos: deleting jump 2443
core.kinematics.FoldTree: delete_jump_seqpos: renumbering jump 6504 to 2443
core.kinematics.FoldTree: delete_jump_seqpos: deleting jump 2444
core.kinematics.FoldTree: delete_jump_seqpos: renumbering jump 6503 to 2444
core.kinematics.FoldTree: delete_jump_seqpos: deleting jump 2445
core.kinematics.FoldTree: delete_jump_seqpos: renumbering jump 6502 to 2445
core.kinematics.FoldTree: delete_jump_seqpos: deleting jump 2446
core.kinematics.FoldTree: delete_jump_seqpos: renumbering jump 6501 to 2446
core.kinematics.FoldTree: delete_jump_seqpos: deleting jump 2447
core.kinematics.FoldTree: delete_jump_seqpos: renumbering jump 6500 to 2447
core.kinematics.FoldTree: delete_jump_seqpos: deleting jump 2448
core.kinematics.FoldTree: delete_jump_seqpos: renumbering jump 6499 to 2448
core.kinematics.FoldTree: delete_jump_seqpos: deleting jump 2449
core.kinematics.FoldTree: delete_jump_seqpos: renumbering jump 6498 to 2449
core.kinematics.FoldTree: delete_jump_seqpos: deleting jump 2450
core.kinematics.FoldTree: delete_jump_seqpos: renumbering jump 6497 to 2450
core.kinematics.FoldTree: delete_jump_seqpos: deleting jump 2451
core.kinematics.FoldTree: delete_jump_seqpos: renumbering jump 6496 to 2451
core.kinematics.FoldTree: delete_jump_seqpos: deleting jump 2452
core.kinematics.FoldTree: delete_jump_seqpos: renumbering jump 6495 to 2452
core.kinematics.FoldTree: delete_jump_seqpos: deleting jump 2453
core.kinematics.FoldTree: delete_jump_seqpos: renumbering jump 6494 to 2453
core.kinematics.FoldTree: delete_jump_seqpos: deleting jump 2454
core.kinematics.FoldTree: delete_jump_seqpos: renumbering jump 6493 to 2454
core.kinematics.FoldTree: delete_jump_seqpos: deleting jump 2455
core.kinematics.FoldTree: delete_jump_seqpos: renumbering jump 6492 to 2455
core.kinematics.FoldTree: delete_jump_seqpos: deleting jump 2456
core.kinematics.FoldTree: delete_jump_seqpos: renumbering jump 6491 to 2456
core.kinematics.FoldTree: delete_jump_seqpos: deleting jump 2457
core.kinematics.FoldTree: delete_jump_seqpos: renumbering jump 6490 to 2457
core.kinematics.FoldTree: delete_jump_seqpos: deleting jump 2458
core.kinematics.FoldTree: delete_jump_seqpos: renumbering jump 6489 to 2458
core.kinematics.FoldTree: delete_jump_seqpos: deleting jump 2459
core.kinematics.FoldTree: delete_jump_seqpos: renumbering jump 6488 to 2459
core.kinematics.FoldTree: delete_jump_seqpos: deleting jump 2460
core.kinematics.FoldTree: delete_jump_seqpos: renumbering jump 6487 to 2460
core.kinematics.FoldTree: delete_jump_seqpos: deleting jump 2461
core.kinematics.FoldTree: delete_jump_seqpos: renumbering jump 6486 to 2461
core.kinematics.FoldTree: delete_jump_seqpos: deleting jump 2462
core.kinematics.FoldTree: delete_jump_seqpos: renumbering jump 6485 to 2462
core.kinematics.FoldTree: delete_jump_seqpos: deleting jump 2463
core.kinematics.FoldTree: delete_jump_seqpos: renumbering jump 6484 to 2463
core.kinematics.FoldTree: delete_jump_seqpos: deleting jump 2464
core.kinematics.FoldTree: delete_jump_seqpos: renumbering jump 6483 to 2464
core.kinematics.FoldTree: delete_jump_seqpos: deleting jump 2465
core.kinematics.FoldTree: delete_jump_seqpos: renumbering jump 6482 to 2465
core.kinematics.FoldTree: delete_jump_seqpos: deleting jump 2466
core.kinematics.FoldTree: delete_jump_seqpos: renumbering jump 6481 to 2466
core.kinematics.FoldTree: delete_jump_seqpos: deleting jump 2467
core.kinematics.FoldTree: delete_jump_seqpos: renumbering jump 6480 to 2467
core.kinematics.FoldTree: delete_jump_seqpos: deleting jump 2468
core.kinematics.FoldTree: delete_jump_seqpos: renumbering jump 6479 to 2468
core.kinematics.FoldTree: delete_jump_seqpos: deleting jump 2469
core.kinematics.FoldTree: delete_jump_seqpos: renumbering jump 6478 to 2469
core.kinematics.FoldTree: delete_jump_seqpos: deleting jump 2470
core.kinematics.FoldTree: delete_jump_seqpos: renumbering jump 6477 to 2470
core.kinematics.FoldTree: delete_jump_seqpos: deleting jump 2471
core.kinematics.FoldTree: delete_jump_seqpos: renumbering jump 6476 to 2471
core.kinematics.FoldTree: delete_jump_seqpos: deleting jump 2472
core.kinematics.FoldTree: delete_jump_seqpos: renumbering jump 6475 to 2472
core.kinematics.FoldTree: delete_jump_seqpos: deleting jump 2473
core.kinematics.FoldTree: delete_jump_seqpos: renumbering jump 6474 to 2473
core.kinematics.FoldTree: delete_jump_seqpos: deleting jump 2474
core.kinematics.FoldTree: delete_jump_seqpos: renumbering jump 6473 to 2474
core.kinematics.FoldTree: delete_jump_seqpos: deleting jump 2475
core.kinematics.FoldTree: delete_jump_seqpos: renumbering jump 6472 to 2475
core.kinematics.FoldTree: delete_jump_seqpos: deleting jump 2476
core.kinematics.FoldTree: delete_jump_seqpos: renumbering jump 6471 to 2476
core.kinematics.FoldTree: delete_jump_seqpos: deleting jump 2477
core.kinematics.FoldTree: delete_jump_seqpos: renumbering jump 6470 to 2477
core.kinematics.FoldTree: delete_jump_seqpos: deleting jump 2478
core.kinematics.FoldTree: delete_jump_seqpos: renumbering jump 6469 to 2478
core.kinematics.FoldTree: delete_jump_seqpos: deleting jump 2479
core.kinematics.FoldTree: delete_jump_seqpos: renumbering jump 6468 to 2479
core.kinematics.FoldTree: delete_jump_seqpos: deleting jump 2480
core.kinematics.FoldTree: delete_jump_seqpos: renumbering jump 6467 to 2480
core.kinematics.FoldTree: delete_jump_seqpos: deleting jump 2481
core.kinematics.FoldTree: delete_jump_seqpos: renumbering jump 6466 to 2481
core.kinematics.FoldTree: delete_jump_seqpos: deleting jump 2482
core.kinematics.FoldTree: delete_jump_seqpos: renumbering jump 6465 to 2482
core.kinematics.FoldTree: delete_jump_seqpos: deleting jump 2483
core.kinematics.FoldTree: delete_jump_seqpos: renumbering jump 6464 to 2483
core.kinematics.FoldTree: delete_jump_seqpos: deleting jump 2484
core.kinematics.FoldTree: delete_jump_seqpos: renumbering jump 6463 to 2484
core.kinematics.FoldTree: delete_jump_seqpos: deleting jump 2485
core.kinematics.FoldTree: delete_jump_seqpos: renumbering jump 6462 to 2485
core.kinematics.FoldTree: delete_jump_seqpos: deleting jump 2486
core.kinematics.FoldTree: delete_jump_seqpos: renumbering jump 6461 to 2486
core.kinematics.FoldTree: delete_jump_seqpos: deleting jump 2487
core.kinematics.FoldTree: delete_jump_seqpos: renumbering jump 6460 to 2487
core.kinematics.FoldTree: delete_jump_seqpos: deleting jump 2488
core.kinematics.FoldTree: delete_jump_seqpos: renumbering jump 6459 to 2488
core.kinematics.FoldTree: delete_jump_seqpos: deleting jump 2489
core.kinematics.FoldTree: delete_jump_seqpos: renumbering jump 6458 to 2489
core.kinematics.FoldTree: delete_jump_seqpos: deleting jump 2490
core.kinematics.FoldTree: delete_jump_seqpos: renumbering jump 6457 to 2490
core.kinematics.FoldTree: delete_jump_seqpos: deleting jump 2491
core.kinematics.FoldTree: delete_jump_seqpos: renumbering jump 6456 to 2491
core.kinematics.FoldTree: delete_jump_seqpos: deleting jump 2492
core.kinematics.FoldTree: delete_jump_seqpos: renumbering jump 6455 to 2492
core.kinematics.FoldTree: delete_jump_seqpos: deleting jump 2493
core.kinematics.FoldTree: delete_jump_seqpos: renumbering jump 6454 to 2493
core.kinematics.FoldTree: delete_jump_seqpos: deleting jump 2494
core.kinematics.FoldTree: delete_jump_seqpos: renumbering jump 6453 to 2494
core.kinematics.FoldTree: delete_jump_seqpos: deleting jump 2495
core.kinematics.FoldTree: delete_jump_seqpos: renumbering jump 6452 to 2495
core.kinematics.FoldTree: delete_jump_seqpos: deleting jump 2496
core.kinematics.FoldTree: delete_jump_seqpos: renumbering jump 6451 to 2496
core.kinematics.FoldTree: delete_jump_seqpos: deleting jump 2497
core.kinematics.FoldTree: delete_jump_seqpos: renumbering jump 6450 to 2497
core.kinematics.FoldTree: delete_jump_seqpos: deleting jump 2498
core.kinematics.FoldTree: delete_jump_seqpos: renumbering jump 6449 to 2498
core.kinematics.FoldTree: delete_jump_seqpos: deleting jump 2499
core.kinematics.FoldTree: delete_jump_seqpos: renumbering jump 6448 to 2499
core.kinematics.FoldTree: delete_jump_seqpos: deleting jump 2500
core.kinematics.FoldTree: delete_jump_seqpos: renumbering jump 6447 to 2500
core.kinematics.FoldTree: delete_jump_seqpos: deleting jump 2501
core.kinematics.FoldTree: delete_jump_seqpos: renumbering jump 6446 to 2501
core.kinematics.FoldTree: delete_jump_seqpos: deleting jump 2502
core.kinematics.FoldTree: delete_jump_seqpos: renumbering jump 6445 to 2502
core.kinematics.FoldTree: delete_jump_seqpos: deleting jump 2503
core.kinematics.FoldTree: delete_jump_seqpos: renumbering jump 6444 to 2503
core.kinematics.FoldTree: delete_jump_seqpos: deleting jump 2504
core.kinematics.FoldTree: delete_jump_seqpos: renumbering jump 6443 to 2504
core.kinematics.FoldTree: delete_jump_seqpos: deleting jump 2505
core.kinematics.FoldTree: delete_jump_seqpos: renumbering jump 6442 to 2505
core.kinematics.FoldTree: delete_jump_seqpos: deleting jump 2506
core.kinematics.FoldTree: delete_jump_seqpos: renumbering jump 6441 to 2506
core.kinematics.FoldTree: delete_jump_seqpos: deleting jump 2507
core.kinematics.FoldTree: delete_jump_seqpos: renumbering jump 6440 to 2507
core.kinematics.FoldTree: delete_jump_seqpos: deleting jump 2508
core.kinematics.FoldTree: delete_jump_seqpos: renumbering jump 6439 to 2508
core.kinematics.FoldTree: delete_jump_seqpos: deleting jump 2509
core.kinematics.FoldTree: delete_jump_seqpos: renumbering jump 6438 to 2509
core.kinematics.FoldTree: delete_jump_seqpos: deleting jump 2510
core.kinematics.FoldTree: delete_jump_seqpos: renumbering jump 6437 to 2510
core.kinematics.FoldTree: delete_jump_seqpos: deleting jump 2511
core.kinematics.FoldTree: delete_jump_seqpos: renumbering jump 6436 to 2511
core.kinematics.FoldTree: delete_jump_seqpos: deleting jump 2512
core.kinematics.FoldTree: delete_jump_seqpos: renumbering jump 6435 to 2512
core.kinematics.FoldTree: delete_jump_seqpos: deleting jump 2513
core.kinematics.FoldTree: delete_jump_seqpos: renumbering jump 6434 to 2513
core.kinematics.FoldTree: delete_jump_seqpos: deleting jump 2514
core.kinematics.FoldTree: delete_jump_seqpos: renumbering jump 6433 to 2514
core.kinematics.FoldTree: delete_jump_seqpos: deleting jump 2515
core.kinematics.FoldTree: delete_jump_seqpos: renumbering jump 6432 to 2515
core.kinematics.FoldTree: delete_jump_seqpos: deleting jump 2516
core.kinematics.FoldTree: delete_jump_seqpos: renumbering jump 6431 to 2516
core.kinematics.FoldTree: delete_jump_seqpos: deleting jump 2517
core.kinematics.FoldTree: delete_jump_seqpos: renumbering jump 6430 to 2517
core.kinematics.FoldTree: delete_jump_seqpos: deleting jump 2518
core.kinematics.FoldTree: delete_jump_seqpos: renumbering jump 6429 to 2518
core.kinematics.FoldTree: delete_jump_seqpos: deleting jump 2519
core.kinematics.FoldTree: delete_jump_seqpos: renumbering jump 6428 to 2519
core.kinematics.FoldTree: delete_jump_seqpos: deleting jump 2520
core.kinematics.FoldTree: delete_jump_seqpos: renumbering jump 6427 to 2520
core.kinematics.FoldTree: delete_jump_seqpos: deleting jump 2521
core.kinematics.FoldTree: delete_jump_seqpos: renumbering jump 6426 to 2521
core.kinematics.FoldTree: delete_jump_seqpos: deleting jump 2522
core.kinematics.FoldTree: delete_jump_seqpos: renumbering jump 6425 to 2522
core.kinematics.FoldTree: delete_jump_seqpos: deleting jump 2523
core.kinematics.FoldTree: delete_jump_seqpos: renumbering jump 6424 to 2523
core.kinematics.FoldTree: delete_jump_seqpos: deleting jump 2524
core.kinematics.FoldTree: delete_jump_seqpos: renumbering jump 6423 to 2524
core.kinematics.FoldTree: delete_jump_seqpos: deleting jump 2525
core.kinematics.FoldTree: delete_jump_seqpos: renumbering jump 6422 to 2525
core.kinematics.FoldTree: delete_jump_seqpos: deleting jump 2526
core.kinematics.FoldTree: delete_jump_seqpos: renumbering jump 6421 to 2526
core.kinematics.FoldTree: delete_jump_seqpos: deleting jump 2527
core.kinematics.FoldTree: delete_jump_seqpos: renumbering jump 6420 to 2527
core.kinematics.FoldTree: delete_jump_seqpos: deleting jump 2528
core.kinematics.FoldTree: delete_jump_seqpos: renumbering jump 6419 to 2528
core.kinematics.FoldTree: delete_jump_seqpos: deleting jump 2529
core.kinematics.FoldTree: delete_jump_seqpos: renumbering jump 6418 to 2529
core.kinematics.FoldTree: delete_jump_seqpos: deleting jump 2530
core.kinematics.FoldTree: delete_jump_seqpos: renumbering jump 6417 to 2530
core.kinematics.FoldTree: delete_jump_seqpos: deleting jump 2531
core.kinematics.FoldTree: delete_jump_seqpos: renumbering jump 6416 to 2531
core.kinematics.FoldTree: delete_jump_seqpos: deleting jump 2532
core.kinematics.FoldTree: delete_jump_seqpos: renumbering jump 6415 to 2532
core.kinematics.FoldTree: delete_jump_seqpos: deleting jump 2533
core.kinematics.FoldTree: delete_jump_seqpos: renumbering jump 6414 to 2533
core.kinematics.FoldTree: delete_jump_seqpos: deleting jump 2534
core.kinematics.FoldTree: delete_jump_seqpos: renumbering jump 6413 to 2534
core.kinematics.FoldTree: delete_jump_seqpos: deleting jump 2535
core.kinematics.FoldTree: delete_jump_seqpos: renumbering jump 6412 to 2535
core.kinematics.FoldTree: delete_jump_seqpos: deleting jump 2536
core.kinematics.FoldTree: delete_jump_seqpos: renumbering jump 6411 to 2536
core.kinematics.FoldTree: delete_jump_seqpos: deleting jump 2537
core.kinematics.FoldTree: delete_jump_seqpos: renumbering jump 6410 to 2537
core.kinematics.FoldTree: delete_jump_seqpos: deleting jump 2538
core.kinematics.FoldTree: delete_jump_seqpos: renumbering jump 6409 to 2538
core.kinematics.FoldTree: delete_jump_seqpos: deleting jump 2539
core.kinematics.FoldTree: delete_jump_seqpos: renumbering jump 6408 to 2539
core.kinematics.FoldTree: delete_jump_seqpos: deleting jump 2540
core.kinematics.FoldTree: delete_jump_seqpos: renumbering jump 6407 to 2540
core.kinematics.FoldTree: delete_jump_seqpos: deleting jump 2541
core.kinematics.FoldTree: delete_jump_seqpos: renumbering jump 6406 to 2541
core.kinematics.FoldTree: delete_jump_seqpos: deleting jump 2542
core.kinematics.FoldTree: delete_jump_seqpos: renumbering jump 6405 to 2542
core.kinematics.FoldTree: delete_jump_seqpos: deleting jump 2543
core.kinematics.FoldTree: delete_jump_seqpos: renumbering jump 6404 to 2543
core.kinematics.FoldTree: delete_jump_seqpos: deleting jump 2544
core.kinematics.FoldTree: delete_jump_seqpos: renumbering jump 6403 to 2544
core.kinematics.FoldTree: delete_jump_seqpos: deleting jump 2545
core.kinematics.FoldTree: delete_jump_seqpos: renumbering jump 6402 to 2545
core.kinematics.FoldTree: delete_jump_seqpos: deleting jump 2546
core.kinematics.FoldTree: delete_jump_seqpos: renumbering jump 6401 to 2546
core.kinematics.FoldTree: delete_jump_seqpos: deleting jump 2547
core.kinematics.FoldTree: delete_jump_seqpos: renumbering jump 6400 to 2547
core.kinematics.FoldTree: delete_jump_seqpos: deleting jump 2548
core.kinematics.FoldTree: delete_jump_seqpos: renumbering jump 6399 to 2548
core.kinematics.FoldTree: delete_jump_seqpos: deleting jump 2549
core.kinematics.FoldTree: delete_jump_seqpos: renumbering jump 6398 to 2549
core.kinematics.FoldTree: delete_jump_seqpos: deleting jump 2550
core.kinematics.FoldTree: delete_jump_seqpos: renumbering jump 6397 to 2550
core.kinematics.FoldTree: delete_jump_seqpos: deleting jump 2551
core.kinematics.FoldTree: delete_jump_seqpos: renumbering jump 6396 to 2551
core.kinematics.FoldTree: delete_jump_seqpos: deleting jump 2552
core.kinematics.FoldTree: delete_jump_seqpos: renumbering jump 6395 to 2552
core.kinematics.FoldTree: delete_jump_seqpos: deleting jump 2553
core.kinematics.FoldTree: delete_jump_seqpos: renumbering jump 6394 to 2553
core.kinematics.FoldTree: delete_jump_seqpos: deleting jump 2554
core.kinematics.FoldTree: delete_jump_seqpos: renumbering jump 6393 to 2554
core.kinematics.FoldTree: delete_jump_seqpos: deleting jump 2555
core.kinematics.FoldTree: delete_jump_seqpos: renumbering jump 6392 to 2555
core.kinematics.FoldTree: delete_jump_seqpos: deleting jump 2556
core.kinematics.FoldTree: delete_jump_seqpos: renumbering jump 6391 to 2556
core.kinematics.FoldTree: delete_jump_seqpos: deleting jump 2557
core.kinematics.FoldTree: delete_jump_seqpos: renumbering jump 6390 to 2557
core.kinematics.FoldTree: delete_jump_seqpos: deleting jump 2558
core.kinematics.FoldTree: delete_jump_seqpos: renumbering jump 6389 to 2558
core.kinematics.FoldTree: delete_jump_seqpos: deleting jump 2559
core.kinematics.FoldTree: delete_jump_seqpos: renumbering jump 6388 to 2559
core.kinematics.FoldTree: delete_jump_seqpos: deleting jump 2560
core.kinematics.FoldTree: delete_jump_seqpos: renumbering jump 6387 to 2560
core.kinematics.FoldTree: delete_jump_seqpos: deleting jump 2561
core.kinematics.FoldTree: delete_jump_seqpos: renumbering jump 6386 to 2561
core.kinematics.FoldTree: delete_jump_seqpos: deleting jump 2562
core.kinematics.FoldTree: delete_jump_seqpos: renumbering jump 6385 to 2562
core.kinematics.FoldTree: delete_jump_seqpos: deleting jump 2563
core.kinematics.FoldTree: delete_jump_seqpos: renumbering jump 6384 to 2563
core.kinematics.FoldTree: delete_jump_seqpos: deleting jump 2564
core.kinematics.FoldTree: delete_jump_seqpos: renumbering jump 6383 to 2564
core.kinematics.FoldTree: delete_jump_seqpos: deleting jump 2565
core.kinematics.FoldTree: delete_jump_seqpos: renumbering jump 6382 to 2565
core.kinematics.FoldTree: delete_jump_seqpos: deleting jump 2566
core.kinematics.FoldTree: delete_jump_seqpos: renumbering jump 6381 to 2566
core.kinematics.FoldTree: delete_jump_seqpos: deleting jump 2567
core.kinematics.FoldTree: delete_jump_seqpos: renumbering jump 6380 to 2567
core.kinematics.FoldTree: delete_jump_seqpos: deleting jump 2568
core.kinematics.FoldTree: delete_jump_seqpos: renumbering jump 6379 to 2568
core.kinematics.FoldTree: delete_jump_seqpos: deleting jump 2569
core.kinematics.FoldTree: delete_jump_seqpos: renumbering jump 6378 to 2569
core.kinematics.FoldTree: delete_jump_seqpos: deleting jump 2570
core.kinematics.FoldTree: delete_jump_seqpos: renumbering jump 6377 to 2570
core.kinematics.FoldTree: delete_jump_seqpos: deleting jump 2571
core.kinematics.FoldTree: delete_jump_seqpos: renumbering jump 6376 to 2571
core.kinematics.FoldTree: delete_jump_seqpos: deleting jump 2572
core.kinematics.FoldTree: delete_jump_seqpos: renumbering jump 6375 to 2572
core.kinematics.FoldTree: delete_jump_seqpos: deleting jump 2573
core.kinematics.FoldTree: delete_jump_seqpos: renumbering jump 6374 to 2573
core.kinematics.FoldTree: delete_jump_seqpos: deleting jump 2574
core.kinematics.FoldTree: delete_jump_seqpos: renumbering jump 6373 to 2574
core.kinematics.FoldTree: delete_jump_seqpos: deleting jump 2575
core.kinematics.FoldTree: delete_jump_seqpos: renumbering jump 6372 to 2575
core.kinematics.FoldTree: delete_jump_seqpos: deleting jump 2576
core.kinematics.FoldTree: delete_jump_seqpos: renumbering jump 6371 to 2576
core.kinematics.FoldTree: delete_jump_seqpos: deleting jump 2577
core.kinematics.FoldTree: delete_jump_seqpos: renumbering jump 6370 to 2577
core.kinematics.FoldTree: delete_jump_seqpos: deleting jump 2578
core.kinematics.FoldTree: delete_jump_seqpos: renumbering jump 6369 to 2578
core.kinematics.FoldTree: delete_jump_seqpos: deleting jump 2579
core.kinematics.FoldTree: delete_jump_seqpos: renumbering jump 6368 to 2579
core.kinematics.FoldTree: delete_jump_seqpos: deleting jump 2580
core.kinematics.FoldTree: delete_jump_seqpos: renumbering jump 6367 to 2580
core.kinematics.FoldTree: delete_jump_seqpos: deleting jump 2581
core.kinematics.FoldTree: delete_jump_seqpos: renumbering jump 6366 to 2581
core.kinematics.FoldTree: delete_jump_seqpos: deleting jump 2582
core.kinematics.FoldTree: delete_jump_seqpos: renumbering jump 6365 to 2582
core.kinematics.FoldTree: delete_jump_seqpos: deleting jump 2583
core.kinematics.FoldTree: delete_jump_seqpos: renumbering jump 6364 to 2583
core.kinematics.FoldTree: delete_jump_seqpos: deleting jump 2584
core.kinematics.FoldTree: delete_jump_seqpos: renumbering jump 6363 to 2584
core.kinematics.FoldTree: delete_jump_seqpos: deleting jump 2585
core.kinematics.FoldTree: delete_jump_seqpos: renumbering jump 6362 to 2585
core.kinematics.FoldTree: delete_jump_seqpos: deleting jump 2586
core.kinematics.FoldTree: delete_jump_seqpos: renumbering jump 6361 to 2586
core.kinematics.FoldTree: delete_jump_seqpos: deleting jump 2587
core.kinematics.FoldTree: delete_jump_seqpos: renumbering jump 6360 to 2587
core.kinematics.FoldTree: delete_jump_seqpos: deleting jump 2588
core.kinematics.FoldTree: delete_jump_seqpos: renumbering jump 6359 to 2588
core.kinematics.FoldTree: delete_jump_seqpos: deleting jump 2589
core.kinematics.FoldTree: delete_jump_seqpos: renumbering jump 6358 to 2589
core.kinematics.FoldTree: delete_jump_seqpos: deleting jump 2590
core.kinematics.FoldTree: delete_jump_seqpos: renumbering jump 6357 to 2590
core.kinematics.FoldTree: delete_jump_seqpos: deleting jump 2591
core.kinematics.FoldTree: delete_jump_seqpos: renumbering jump 6356 to 2591
core.kinematics.FoldTree: delete_jump_seqpos: deleting jump 2592
core.kinematics.FoldTree: delete_jump_seqpos: renumbering jump 6355 to 2592
core.kinematics.FoldTree: delete_jump_seqpos: deleting jump 2593
core.kinematics.FoldTree: delete_jump_seqpos: renumbering jump 6354 to 2593
core.kinematics.FoldTree: delete_jump_seqpos: deleting jump 2594
core.kinematics.FoldTree: delete_jump_seqpos: renumbering jump 6353 to 2594
core.kinematics.FoldTree: delete_jump_seqpos: deleting jump 2595
core.kinematics.FoldTree: delete_jump_seqpos: renumbering jump 6352 to 2595
core.kinematics.FoldTree: delete_jump_seqpos: deleting jump 2596
core.kinematics.FoldTree: delete_jump_seqpos: renumbering jump 6351 to 2596
core.kinematics.FoldTree: delete_jump_seqpos: deleting jump 2597
core.kinematics.FoldTree: delete_jump_seqpos: renumbering jump 6350 to 2597
core.kinematics.FoldTree: delete_jump_seqpos: deleting jump 2598
core.kinematics.FoldTree: delete_jump_seqpos: renumbering jump 6349 to 2598
core.kinematics.FoldTree: delete_jump_seqpos: deleting jump 2599
core.kinematics.FoldTree: delete_jump_seqpos: renumbering jump 6348 to 2599
core.kinematics.FoldTree: delete_jump_seqpos: deleting jump 2600
core.kinematics.FoldTree: delete_jump_seqpos: renumbering jump 6347 to 2600
core.kinematics.FoldTree: delete_jump_seqpos: deleting jump 2601
core.kinematics.FoldTree: delete_jump_seqpos: renumbering jump 6346 to 2601
core.kinematics.FoldTree: delete_jump_seqpos: deleting jump 2602
core.kinematics.FoldTree: delete_jump_seqpos: renumbering jump 6345 to 2602
core.kinematics.FoldTree: delete_jump_seqpos: deleting jump 2603
core.kinematics.FoldTree: delete_jump_seqpos: renumbering jump 6344 to 2603
core.kinematics.FoldTree: delete_jump_seqpos: deleting jump 2604
core.kinematics.FoldTree: delete_jump_seqpos: renumbering jump 6343 to 2604
core.kinematics.FoldTree: delete_jump_seqpos: deleting jump 2605
core.kinematics.FoldTree: delete_jump_seqpos: renumbering jump 6342 to 2605
core.kinematics.FoldTree: delete_jump_seqpos: deleting jump 2606
core.kinematics.FoldTree: delete_jump_seqpos: renumbering jump 6341 to 2606
core.kinematics.FoldTree: delete_jump_seqpos: deleting jump 2607
core.kinematics.FoldTree: delete_jump_seqpos: renumbering jump 6340 to 2607
core.kinematics.FoldTree: delete_jump_seqpos: deleting jump 2608
core.kinematics.FoldTree: delete_jump_seqpos: renumbering jump 6339 to 2608
core.kinematics.FoldTree: delete_jump_seqpos: deleting jump 2609
core.kinematics.FoldTree: delete_jump_seqpos: renumbering jump 6338 to 2609
core.kinematics.FoldTree: delete_jump_seqpos: deleting jump 2610
core.kinematics.FoldTree: delete_jump_seqpos: renumbering jump 6337 to 2610
core.kinematics.FoldTree: delete_jump_seqpos: deleting jump 2611
core.kinematics.FoldTree: delete_jump_seqpos: renumbering jump 6336 to 2611
core.kinematics.FoldTree: delete_jump_seqpos: deleting jump 2612
core.kinematics.FoldTree: delete_jump_seqpos: renumbering jump 6335 to 2612
core.kinematics.FoldTree: delete_jump_seqpos: deleting jump 2613
core.kinematics.FoldTree: delete_jump_seqpos: renumbering jump 6334 to 2613
core.kinematics.FoldTree: delete_jump_seqpos: deleting jump 2614
core.kinematics.FoldTree: delete_jump_seqpos: renumbering jump 6333 to 2614
core.kinematics.FoldTree: delete_jump_seqpos: deleting jump 2615
core.kinematics.FoldTree: delete_jump_seqpos: renumbering jump 6332 to 2615
core.kinematics.FoldTree: delete_jump_seqpos: deleting jump 2616
core.kinematics.FoldTree: delete_jump_seqpos: renumbering jump 6331 to 2616
core.kinematics.FoldTree: delete_jump_seqpos: deleting jump 2617
core.kinematics.FoldTree: delete_jump_seqpos: renumbering jump 6330 to 2617
core.kinematics.FoldTree: delete_jump_seqpos: deleting jump 2618
core.kinematics.FoldTree: delete_jump_seqpos: renumbering jump 6329 to 2618
core.kinematics.FoldTree: delete_jump_seqpos: deleting jump 2619
core.kinematics.FoldTree: delete_jump_seqpos: renumbering jump 6328 to 2619
core.kinematics.FoldTree: delete_jump_seqpos: deleting jump 2620
core.kinematics.FoldTree: delete_jump_seqpos: renumbering jump 6327 to 2620
core.kinematics.FoldTree: delete_jump_seqpos: deleting jump 2621
core.kinematics.FoldTree: delete_jump_seqpos: renumbering jump 6326 to 2621
core.kinematics.FoldTree: delete_jump_seqpos: deleting jump 2622
core.kinematics.FoldTree: delete_jump_seqpos: renumbering jump 6325 to 2622
core.kinematics.FoldTree: delete_jump_seqpos: deleting jump 2623
core.kinematics.FoldTree: delete_jump_seqpos: renumbering jump 6324 to 2623
core.kinematics.FoldTree: delete_jump_seqpos: deleting jump 2624
core.kinematics.FoldTree: delete_jump_seqpos: renumbering jump 6323 to 2624
core.kinematics.FoldTree: delete_jump_seqpos: deleting jump 2625
core.kinematics.FoldTree: delete_jump_seqpos: renumbering jump 6322 to 2625
core.kinematics.FoldTree: delete_jump_seqpos: deleting jump 2626
core.kinematics.FoldTree: delete_jump_seqpos: renumbering jump 6321 to 2626
core.kinematics.FoldTree: delete_jump_seqpos: deleting jump 2627
core.kinematics.FoldTree: delete_jump_seqpos: renumbering jump 6320 to 2627
core.kinematics.FoldTree: delete_jump_seqpos: deleting jump 2628
core.kinematics.FoldTree: delete_jump_seqpos: renumbering jump 6319 to 2628
core.kinematics.FoldTree: delete_jump_seqpos: deleting jump 2629
core.kinematics.FoldTree: delete_jump_seqpos: renumbering jump 6318 to 2629
core.kinematics.FoldTree: delete_jump_seqpos: deleting jump 2630
core.kinematics.FoldTree: delete_jump_seqpos: renumbering jump 6317 to 2630
core.kinematics.FoldTree: delete_jump_seqpos: deleting jump 2631
core.kinematics.FoldTree: delete_jump_seqpos: renumbering jump 6316 to 2631
core.kinematics.FoldTree: delete_jump_seqpos: deleting jump 2632
core.kinematics.FoldTree: delete_jump_seqpos: renumbering jump 6315 to 2632
core.kinematics.FoldTree: delete_jump_seqpos: deleting jump 2633
core.kinematics.FoldTree: delete_jump_seqpos: renumbering jump 6314 to 2633
core.kinematics.FoldTree: delete_jump_seqpos: deleting jump 2634
core.kinematics.FoldTree: delete_jump_seqpos: renumbering jump 6313 to 2634
core.kinematics.FoldTree: delete_jump_seqpos: deleting jump 2635
core.kinematics.FoldTree: delete_jump_seqpos: renumbering jump 6312 to 2635
core.kinematics.FoldTree: delete_jump_seqpos: deleting jump 2636
core.kinematics.FoldTree: delete_jump_seqpos: renumbering jump 6311 to 2636
core.kinematics.FoldTree: delete_jump_seqpos: deleting jump 2637
core.kinematics.FoldTree: delete_jump_seqpos: renumbering jump 6310 to 2637
core.kinematics.FoldTree: delete_jump_seqpos: deleting jump 2638
core.kinematics.FoldTree: delete_jump_seqpos: renumbering jump 6309 to 2638
core.kinematics.FoldTree: delete_jump_seqpos: deleting jump 2639
core.kinematics.FoldTree: delete_jump_seqpos: renumbering jump 6308 to 2639
core.kinematics.FoldTree: delete_jump_seqpos: deleting jump 2640
core.kinematics.FoldTree: delete_jump_seqpos: renumbering jump 6307 to 2640
core.kinematics.FoldTree: delete_jump_seqpos: deleting jump 2641
core.kinematics.FoldTree: delete_jump_seqpos: renumbering jump 6306 to 2641
core.kinematics.FoldTree: delete_jump_seqpos: deleting jump 2642
core.kinematics.FoldTree: delete_jump_seqpos: renumbering jump 6305 to 2642
core.kinematics.FoldTree: delete_jump_seqpos: deleting jump 2643
core.kinematics.FoldTree: delete_jump_seqpos: renumbering jump 6304 to 2643
core.kinematics.FoldTree: delete_jump_seqpos: deleting jump 2644
core.kinematics.FoldTree: delete_jump_seqpos: renumbering jump 6303 to 2644
core.kinematics.FoldTree: delete_jump_seqpos: deleting jump 2645
core.kinematics.FoldTree: delete_jump_seqpos: renumbering jump 6302 to 2645
core.kinematics.FoldTree: delete_jump_seqpos: deleting jump 2646
core.kinematics.FoldTree: delete_jump_seqpos: renumbering jump 6301 to 2646
core.kinematics.FoldTree: delete_jump_seqpos: deleting jump 2647
core.kinematics.FoldTree: delete_jump_seqpos: renumbering jump 6300 to 2647
core.kinematics.FoldTree: delete_jump_seqpos: deleting jump 2648
core.kinematics.FoldTree: delete_jump_seqpos: renumbering jump 6299 to 2648
core.kinematics.FoldTree: delete_jump_seqpos: deleting jump 2649
core.kinematics.FoldTree: delete_jump_seqpos: renumbering jump 6298 to 2649
core.kinematics.FoldTree: delete_jump_seqpos: deleting jump 2650
core.kinematics.FoldTree: delete_jump_seqpos: renumbering jump 6297 to 2650
core.kinematics.FoldTree: delete_jump_seqpos: deleting jump 2651
core.kinematics.FoldTree: delete_jump_seqpos: renumbering jump 6296 to 2651
core.kinematics.FoldTree: delete_jump_seqpos: deleting jump 2652
core.kinematics.FoldTree: delete_jump_seqpos: renumbering jump 6295 to 2652
core.kinematics.FoldTree: delete_jump_seqpos: deleting jump 2653
core.kinematics.FoldTree: delete_jump_seqpos: renumbering jump 6294 to 2653
core.kinematics.FoldTree: delete_jump_seqpos: deleting jump 2654
core.kinematics.FoldTree: delete_jump_seqpos: renumbering jump 6293 to 2654
core.kinematics.FoldTree: delete_jump_seqpos: deleting jump 2655
core.kinematics.FoldTree: delete_jump_seqpos: renumbering jump 6292 to 2655
core.kinematics.FoldTree: delete_jump_seqpos: deleting jump 2656
core.kinematics.FoldTree: delete_jump_seqpos: renumbering jump 6291 to 2656
core.kinematics.FoldTree: delete_jump_seqpos: deleting jump 2657
core.kinematics.FoldTree: delete_jump_seqpos: renumbering jump 6290 to 2657
core.kinematics.FoldTree: delete_jump_seqpos: deleting jump 2658
core.kinematics.FoldTree: delete_jump_seqpos: renumbering jump 6289 to 2658
core.kinematics.FoldTree: delete_jump_seqpos: deleting jump 2659
core.kinematics.FoldTree: delete_jump_seqpos: renumbering jump 6288 to 2659
core.kinematics.FoldTree: delete_jump_seqpos: deleting jump 2660
core.kinematics.FoldTree: delete_jump_seqpos: renumbering jump 6287 to 2660
core.kinematics.FoldTree: delete_jump_seqpos: deleting jump 2661
core.kinematics.FoldTree: delete_jump_seqpos: renumbering jump 6286 to 2661
core.kinematics.FoldTree: delete_jump_seqpos: deleting jump 2662
core.kinematics.FoldTree: delete_jump_seqpos: renumbering jump 6285 to 2662
core.kinematics.FoldTree: delete_jump_seqpos: deleting jump 2663
core.kinematics.FoldTree: delete_jump_seqpos: renumbering jump 6284 to 2663
core.kinematics.FoldTree: delete_jump_seqpos: deleting jump 2664
core.kinematics.FoldTree: delete_jump_seqpos: renumbering jump 6283 to 2664
core.kinematics.FoldTree: delete_jump_seqpos: deleting jump 2665
core.kinematics.FoldTree: delete_jump_seqpos: renumbering jump 6282 to 2665
core.kinematics.FoldTree: delete_jump_seqpos: deleting jump 2666
core.kinematics.FoldTree: delete_jump_seqpos: renumbering jump 6281 to 2666
core.kinematics.FoldTree: delete_jump_seqpos: deleting jump 2667
core.kinematics.FoldTree: delete_jump_seqpos: renumbering jump 6280 to 2667
core.kinematics.FoldTree: delete_jump_seqpos: deleting jump 2668
core.kinematics.FoldTree: delete_jump_seqpos: renumbering jump 6279 to 2668
core.kinematics.FoldTree: delete_jump_seqpos: deleting jump 2669
core.kinematics.FoldTree: delete_jump_seqpos: renumbering jump 6278 to 2669
core.kinematics.FoldTree: delete_jump_seqpos: deleting jump 2670
core.kinematics.FoldTree: delete_jump_seqpos: renumbering jump 6277 to 2670
core.kinematics.FoldTree: delete_jump_seqpos: deleting jump 2671
core.kinematics.FoldTree: delete_jump_seqpos: renumbering jump 6276 to 2671
core.kinematics.FoldTree: delete_jump_seqpos: deleting jump 2672
core.kinematics.FoldTree: delete_jump_seqpos: renumbering jump 6275 to 2672
core.kinematics.FoldTree: delete_jump_seqpos: deleting jump 2673
core.kinematics.FoldTree: delete_jump_seqpos: renumbering jump 6274 to 2673
core.kinematics.FoldTree: delete_jump_seqpos: deleting jump 2674
core.kinematics.FoldTree: delete_jump_seqpos: renumbering jump 6273 to 2674
core.kinematics.FoldTree: delete_jump_seqpos: deleting jump 2675
core.kinematics.FoldTree: delete_jump_seqpos: renumbering jump 6272 to 2675
core.kinematics.FoldTree: delete_jump_seqpos: deleting jump 2676
core.kinematics.FoldTree: delete_jump_seqpos: renumbering jump 6271 to 2676
core.kinematics.FoldTree: delete_jump_seqpos: deleting jump 2677
core.kinematics.FoldTree: delete_jump_seqpos: renumbering jump 6270 to 2677
core.kinematics.FoldTree: delete_jump_seqpos: deleting jump 2678
core.kinematics.FoldTree: delete_jump_seqpos: renumbering jump 6269 to 2678
core.kinematics.FoldTree: delete_jump_seqpos: deleting jump 2679
core.kinematics.FoldTree: delete_jump_seqpos: renumbering jump 6268 to 2679
core.kinematics.FoldTree: delete_jump_seqpos: deleting jump 2680
core.kinematics.FoldTree: delete_jump_seqpos: renumbering jump 6267 to 2680
core.kinematics.FoldTree: delete_jump_seqpos: deleting jump 2681
core.kinematics.FoldTree: delete_jump_seqpos: renumbering jump 6266 to 2681
core.kinematics.FoldTree: delete_jump_seqpos: deleting jump 2682
core.kinematics.FoldTree: delete_jump_seqpos: renumbering jump 6265 to 2682
core.kinematics.FoldTree: delete_jump_seqpos: deleting jump 2683
core.kinematics.FoldTree: delete_jump_seqpos: renumbering jump 6264 to 2683
core.kinematics.FoldTree: delete_jump_seqpos: deleting jump 2684
core.kinematics.FoldTree: delete_jump_seqpos: renumbering jump 6263 to 2684
core.kinematics.FoldTree: delete_jump_seqpos: deleting jump 2685
core.kinematics.FoldTree: delete_jump_seqpos: renumbering jump 6262 to 2685
core.kinematics.FoldTree: delete_jump_seqpos: deleting jump 2686
core.kinematics.FoldTree: delete_jump_seqpos: renumbering jump 6261 to 2686
core.kinematics.FoldTree: delete_jump_seqpos: deleting jump 2687
core.kinematics.FoldTree: delete_jump_seqpos: renumbering jump 6260 to 2687
core.kinematics.FoldTree: delete_jump_seqpos: deleting jump 2688
core.kinematics.FoldTree: delete_jump_seqpos: renumbering jump 6259 to 2688
core.kinematics.FoldTree: delete_jump_seqpos: deleting jump 2689
core.kinematics.FoldTree: delete_jump_seqpos: renumbering jump 6258 to 2689
core.kinematics.FoldTree: delete_jump_seqpos: deleting jump 2690
core.kinematics.FoldTree: delete_jump_seqpos: renumbering jump 6257 to 2690
core.kinematics.FoldTree: delete_jump_seqpos: deleting jump 2691
core.kinematics.FoldTree: delete_jump_seqpos: renumbering jump 6256 to 2691
core.kinematics.FoldTree: delete_jump_seqpos: deleting jump 2692
core.kinematics.FoldTree: delete_jump_seqpos: renumbering jump 6255 to 2692
core.kinematics.FoldTree: delete_jump_seqpos: deleting jump 2693
core.kinematics.FoldTree: delete_jump_seqpos: renumbering jump 6254 to 2693
core.kinematics.FoldTree: delete_jump_seqpos: deleting jump 2694
core.kinematics.FoldTree: delete_jump_seqpos: renumbering jump 6253 to 2694
core.kinematics.FoldTree: delete_jump_seqpos: deleting jump 2695
core.kinematics.FoldTree: delete_jump_seqpos: renumbering jump 6252 to 2695
core.kinematics.FoldTree: delete_jump_seqpos: deleting jump 2696
core.kinematics.FoldTree: delete_jump_seqpos: renumbering jump 6251 to 2696
core.kinematics.FoldTree: delete_jump_seqpos: deleting jump 2697
core.kinematics.FoldTree: delete_jump_seqpos: renumbering jump 6250 to 2697
core.kinematics.FoldTree: delete_jump_seqpos: deleting jump 2698
core.kinematics.FoldTree: delete_jump_seqpos: renumbering jump 6249 to 2698
core.kinematics.FoldTree: delete_jump_seqpos: deleting jump 2699
core.kinematics.FoldTree: delete_jump_seqpos: renumbering jump 6248 to 2699
core.kinematics.FoldTree: delete_jump_seqpos: deleting jump 2700
core.kinematics.FoldTree: delete_jump_seqpos: renumbering jump 6247 to 2700
core.kinematics.FoldTree: delete_jump_seqpos: deleting jump 2701
core.kinematics.FoldTree: delete_jump_seqpos: renumbering jump 6246 to 2701
core.kinematics.FoldTree: delete_jump_seqpos: deleting jump 2702
core.kinematics.FoldTree: delete_jump_seqpos: renumbering jump 6245 to 2702
core.kinematics.FoldTree: delete_jump_seqpos: deleting jump 2703
core.kinematics.FoldTree: delete_jump_seqpos: renumbering jump 6244 to 2703
core.kinematics.FoldTree: delete_jump_seqpos: deleting jump 2704
core.kinematics.FoldTree: delete_jump_seqpos: renumbering jump 6243 to 2704
core.kinematics.FoldTree: delete_jump_seqpos: deleting jump 2705
core.kinematics.FoldTree: delete_jump_seqpos: renumbering jump 6242 to 2705
core.kinematics.FoldTree: delete_jump_seqpos: deleting jump 2706
core.kinematics.FoldTree: delete_jump_seqpos: renumbering jump 6241 to 2706
core.kinematics.FoldTree: delete_jump_seqpos: deleting jump 2707
core.kinematics.FoldTree: delete_jump_seqpos: renumbering jump 6240 to 2707
core.kinematics.FoldTree: delete_jump_seqpos: deleting jump 2708
core.kinematics.FoldTree: delete_jump_seqpos: renumbering jump 6239 to 2708
core.kinematics.FoldTree: delete_jump_seqpos: deleting jump 2709
core.kinematics.FoldTree: delete_jump_seqpos: renumbering jump 6238 to 2709
core.kinematics.FoldTree: delete_jump_seqpos: deleting jump 2710
core.kinematics.FoldTree: delete_jump_seqpos: renumbering jump 6237 to 2710
core.kinematics.FoldTree: delete_jump_seqpos: deleting jump 2711
core.kinematics.FoldTree: delete_jump_seqpos: renumbering jump 6236 to 2711
core.kinematics.FoldTree: delete_jump_seqpos: deleting jump 2712
core.kinematics.FoldTree: delete_jump_seqpos: renumbering jump 6235 to 2712
core.kinematics.FoldTree: delete_jump_seqpos: deleting jump 2713
core.kinematics.FoldTree: delete_jump_seqpos: renumbering jump 6234 to 2713
core.kinematics.FoldTree: delete_jump_seqpos: deleting jump 2714
core.kinematics.FoldTree: delete_jump_seqpos: renumbering jump 6233 to 2714
core.kinematics.FoldTree: delete_jump_seqpos: deleting jump 2715
core.kinematics.FoldTree: delete_jump_seqpos: renumbering jump 6232 to 2715
core.kinematics.FoldTree: delete_jump_seqpos: deleting jump 2716
core.kinematics.FoldTree: delete_jump_seqpos: renumbering jump 6231 to 2716
core.kinematics.FoldTree: delete_jump_seqpos: deleting jump 2717
core.kinematics.FoldTree: delete_jump_seqpos: renumbering jump 6230 to 2717
core.kinematics.FoldTree: delete_jump_seqpos: deleting jump 2718
core.kinematics.FoldTree: delete_jump_seqpos: renumbering jump 6229 to 2718
core.kinematics.FoldTree: delete_jump_seqpos: deleting jump 2719
core.kinematics.FoldTree: delete_jump_seqpos: renumbering jump 6228 to 2719
core.kinematics.FoldTree: delete_jump_seqpos: deleting jump 2720
core.kinematics.FoldTree: delete_jump_seqpos: renumbering jump 6227 to 2720
core.kinematics.FoldTree: delete_jump_seqpos: deleting jump 2721
core.kinematics.FoldTree: delete_jump_seqpos: renumbering jump 6226 to 2721
core.kinematics.FoldTree: delete_jump_seqpos: deleting jump 2722
core.kinematics.FoldTree: delete_jump_seqpos: renumbering jump 6225 to 2722
core.kinematics.FoldTree: delete_jump_seqpos: deleting jump 2723
core.kinematics.FoldTree: delete_jump_seqpos: renumbering jump 6224 to 2723
core.kinematics.FoldTree: delete_jump_seqpos: deleting jump 2724
core.kinematics.FoldTree: delete_jump_seqpos: renumbering jump 6223 to 2724
core.kinematics.FoldTree: delete_jump_seqpos: deleting jump 2725
core.kinematics.FoldTree: delete_jump_seqpos: renumbering jump 6222 to 2725
core.kinematics.FoldTree: delete_jump_seqpos: deleting jump 2726
core.kinematics.FoldTree: delete_jump_seqpos: renumbering jump 6221 to 2726
core.kinematics.FoldTree: delete_jump_seqpos: deleting jump 2727
core.kinematics.FoldTree: delete_jump_seqpos: renumbering jump 6220 to 2727
core.kinematics.FoldTree: delete_jump_seqpos: deleting jump 2728
core.kinematics.FoldTree: delete_jump_seqpos: renumbering jump 6219 to 2728
core.kinematics.FoldTree: delete_jump_seqpos: deleting jump 2729
core.kinematics.FoldTree: delete_jump_seqpos: renumbering jump 6218 to 2729
core.kinematics.FoldTree: delete_jump_seqpos: deleting jump 2730
core.kinematics.FoldTree: delete_jump_seqpos: renumbering jump 6217 to 2730
core.kinematics.FoldTree: delete_jump_seqpos: deleting jump 2731
core.kinematics.FoldTree: delete_jump_seqpos: renumbering jump 6216 to 2731
core.kinematics.FoldTree: delete_jump_seqpos: deleting jump 2732
core.kinematics.FoldTree: delete_jump_seqpos: renumbering jump 6215 to 2732
core.kinematics.FoldTree: delete_jump_seqpos: deleting jump 2733
core.kinematics.FoldTree: delete_jump_seqpos: renumbering jump 6214 to 2733
core.kinematics.FoldTree: delete_jump_seqpos: deleting jump 2734
core.kinematics.FoldTree: delete_jump_seqpos: renumbering jump 6213 to 2734
core.kinematics.FoldTree: delete_jump_seqpos: deleting jump 2735
core.kinematics.FoldTree: delete_jump_seqpos: renumbering jump 6212 to 2735
core.kinematics.FoldTree: delete_jump_seqpos: deleting jump 2736
core.kinematics.FoldTree: delete_jump_seqpos: renumbering jump 6211 to 2736
core.kinematics.FoldTree: delete_jump_seqpos: deleting jump 2737
core.kinematics.FoldTree: delete_jump_seqpos: renumbering jump 6210 to 2737
core.kinematics.FoldTree: delete_jump_seqpos: deleting jump 2738
core.kinematics.FoldTree: delete_jump_seqpos: renumbering jump 6209 to 2738
core.kinematics.FoldTree: delete_jump_seqpos: deleting jump 2739
core.kinematics.FoldTree: delete_jump_seqpos: renumbering jump 6208 to 2739
core.kinematics.FoldTree: delete_jump_seqpos: deleting jump 2740
core.kinematics.FoldTree: delete_jump_seqpos: renumbering jump 6207 to 2740
core.kinematics.FoldTree: delete_jump_seqpos: deleting jump 2741
core.kinematics.FoldTree: delete_jump_seqpos: renumbering jump 6206 to 2741
core.kinematics.FoldTree: delete_jump_seqpos: deleting jump 2742
core.kinematics.FoldTree: delete_jump_seqpos: renumbering jump 6205 to 2742
core.kinematics.FoldTree: delete_jump_seqpos: deleting jump 2743
core.kinematics.FoldTree: delete_jump_seqpos: renumbering jump 6204 to 2743
core.kinematics.FoldTree: delete_jump_seqpos: deleting jump 2744
core.kinematics.FoldTree: delete_jump_seqpos: renumbering jump 6203 to 2744
core.kinematics.FoldTree: delete_jump_seqpos: deleting jump 2745
core.kinematics.FoldTree: delete_jump_seqpos: renumbering jump 6202 to 2745
core.kinematics.FoldTree: delete_jump_seqpos: deleting jump 2746
core.kinematics.FoldTree: delete_jump_seqpos: renumbering jump 6201 to 2746
core.kinematics.FoldTree: delete_jump_seqpos: deleting jump 2747
core.kinematics.FoldTree: delete_jump_seqpos: renumbering jump 6200 to 2747
core.kinematics.FoldTree: delete_jump_seqpos: deleting jump 2748
core.kinematics.FoldTree: delete_jump_seqpos: renumbering jump 6199 to 2748
core.kinematics.FoldTree: delete_jump_seqpos: deleting jump 2749
core.kinematics.FoldTree: delete_jump_seqpos: renumbering jump 6198 to 2749
core.kinematics.FoldTree: delete_jump_seqpos: deleting jump 2750
core.kinematics.FoldTree: delete_jump_seqpos: renumbering jump 6197 to 2750
core.kinematics.FoldTree: delete_jump_seqpos: deleting jump 2751
core.kinematics.FoldTree: delete_jump_seqpos: renumbering jump 6196 to 2751
core.kinematics.FoldTree: delete_jump_seqpos: deleting jump 2752
core.kinematics.FoldTree: delete_jump_seqpos: renumbering jump 6195 to 2752
core.kinematics.FoldTree: delete_jump_seqpos: deleting jump 2753
core.kinematics.FoldTree: delete_jump_seqpos: renumbering jump 6194 to 2753
core.kinematics.FoldTree: delete_jump_seqpos: deleting jump 2754
core.kinematics.FoldTree: delete_jump_seqpos: renumbering jump 6193 to 2754
core.kinematics.FoldTree: delete_jump_seqpos: deleting jump 2755
core.kinematics.FoldTree: delete_jump_seqpos: renumbering jump 6192 to 2755
core.kinematics.FoldTree: delete_jump_seqpos: deleting jump 2756
core.kinematics.FoldTree: delete_jump_seqpos: renumbering jump 6191 to 2756
core.kinematics.FoldTree: delete_jump_seqpos: deleting jump 2757
core.kinematics.FoldTree: delete_jump_seqpos: renumbering jump 6190 to 2757
core.kinematics.FoldTree: delete_jump_seqpos: deleting jump 2758
core.kinematics.FoldTree: delete_jump_seqpos: renumbering jump 6189 to 2758
core.kinematics.FoldTree: delete_jump_seqpos: deleting jump 2759
core.kinematics.FoldTree: delete_jump_seqpos: renumbering jump 6188 to 2759
core.kinematics.FoldTree: delete_jump_seqpos: deleting jump 2760
core.kinematics.FoldTree: delete_jump_seqpos: renumbering jump 6187 to 2760
core.kinematics.FoldTree: delete_jump_seqpos: deleting jump 2761
core.kinematics.FoldTree: delete_jump_seqpos: renumbering jump 6186 to 2761
core.kinematics.FoldTree: delete_jump_seqpos: deleting jump 2762
core.kinematics.FoldTree: delete_jump_seqpos: renumbering jump 6185 to 2762
core.kinematics.FoldTree: delete_jump_seqpos: deleting jump 2763
core.kinematics.FoldTree: delete_jump_seqpos: renumbering jump 6184 to 2763
core.kinematics.FoldTree: delete_jump_seqpos: deleting jump 2764
core.kinematics.FoldTree: delete_jump_seqpos: renumbering jump 6183 to 2764
core.kinematics.FoldTree: delete_jump_seqpos: deleting jump 2765
core.kinematics.FoldTree: delete_jump_seqpos: renumbering jump 6182 to 2765
core.kinematics.FoldTree: delete_jump_seqpos: deleting jump 2766
core.kinematics.FoldTree: delete_jump_seqpos: renumbering jump 6181 to 2766
core.kinematics.FoldTree: delete_jump_seqpos: deleting jump 2767
core.kinematics.FoldTree: delete_jump_seqpos: renumbering jump 6180 to 2767
core.kinematics.FoldTree: delete_jump_seqpos: deleting jump 2768
core.kinematics.FoldTree: delete_jump_seqpos: renumbering jump 6179 to 2768
core.kinematics.FoldTree: delete_jump_seqpos: deleting jump 2769
core.kinematics.FoldTree: delete_jump_seqpos: renumbering jump 6178 to 2769
core.kinematics.FoldTree: delete_jump_seqpos: deleting jump 2770
core.kinematics.FoldTree: delete_jump_seqpos: renumbering jump 6177 to 2770
core.kinematics.FoldTree: delete_jump_seqpos: deleting jump 2771
core.kinematics.FoldTree: delete_jump_seqpos: renumbering jump 6176 to 2771
core.kinematics.FoldTree: delete_jump_seqpos: deleting jump 2772
core.kinematics.FoldTree: delete_jump_seqpos: renumbering jump 6175 to 2772
core.kinematics.FoldTree: delete_jump_seqpos: deleting jump 2773
core.kinematics.FoldTree: delete_jump_seqpos: renumbering jump 6174 to 2773
core.kinematics.FoldTree: delete_jump_seqpos: deleting jump 2774
core.kinematics.FoldTree: delete_jump_seqpos: renumbering jump 6173 to 2774
core.kinematics.FoldTree: delete_jump_seqpos: deleting jump 2775
core.kinematics.FoldTree: delete_jump_seqpos: renumbering jump 6172 to 2775
core.kinematics.FoldTree: delete_jump_seqpos: deleting jump 2776
core.kinematics.FoldTree: delete_jump_seqpos: renumbering jump 6171 to 2776
core.kinematics.FoldTree: delete_jump_seqpos: deleting jump 2777
core.kinematics.FoldTree: delete_jump_seqpos: renumbering jump 6170 to 2777
core.kinematics.FoldTree: delete_jump_seqpos: deleting jump 2778
core.kinematics.FoldTree: delete_jump_seqpos: renumbering jump 6169 to 2778
core.kinematics.FoldTree: delete_jump_seqpos: deleting jump 2779
core.kinematics.FoldTree: delete_jump_seqpos: renumbering jump 6168 to 2779
core.kinematics.FoldTree: delete_jump_seqpos: deleting jump 2780
core.kinematics.FoldTree: delete_jump_seqpos: renumbering jump 6167 to 2780
core.kinematics.FoldTree: delete_jump_seqpos: deleting jump 2781
core.kinematics.FoldTree: delete_jump_seqpos: renumbering jump 6166 to 2781
core.kinematics.FoldTree: delete_jump_seqpos: deleting jump 2782
core.kinematics.FoldTree: delete_jump_seqpos: renumbering jump 6165 to 2782
core.kinematics.FoldTree: delete_jump_seqpos: deleting jump 2783
core.kinematics.FoldTree: delete_jump_seqpos: renumbering jump 6164 to 2783
core.kinematics.FoldTree: delete_jump_seqpos: deleting jump 2784
core.kinematics.FoldTree: delete_jump_seqpos: renumbering jump 6163 to 2784
core.kinematics.FoldTree: delete_jump_seqpos: deleting jump 2785
core.kinematics.FoldTree: delete_jump_seqpos: renumbering jump 6162 to 2785
core.kinematics.FoldTree: delete_jump_seqpos: deleting jump 2786
core.kinematics.FoldTree: delete_jump_seqpos: renumbering jump 6161 to 2786
core.kinematics.FoldTree: delete_jump_seqpos: deleting jump 2787
core.kinematics.FoldTree: delete_jump_seqpos: renumbering jump 6160 to 2787
core.kinematics.FoldTree: delete_jump_seqpos: deleting jump 2788
core.kinematics.FoldTree: delete_jump_seqpos: renumbering jump 6159 to 2788
core.kinematics.FoldTree: delete_jump_seqpos: deleting jump 2789
core.kinematics.FoldTree: delete_jump_seqpos: renumbering jump 6158 to 2789
core.kinematics.FoldTree: delete_jump_seqpos: deleting jump 2790
core.kinematics.FoldTree: delete_jump_seqpos: renumbering jump 6157 to 2790
core.kinematics.FoldTree: delete_jump_seqpos: deleting jump 2791
core.kinematics.FoldTree: delete_jump_seqpos: renumbering jump 6156 to 2791
core.kinematics.FoldTree: delete_jump_seqpos: deleting jump 2792
core.kinematics.FoldTree: delete_jump_seqpos: renumbering jump 6155 to 2792
core.kinematics.FoldTree: delete_jump_seqpos: deleting jump 2793
core.kinematics.FoldTree: delete_jump_seqpos: renumbering jump 6154 to 2793
core.kinematics.FoldTree: delete_jump_seqpos: deleting jump 2794
core.kinematics.FoldTree: delete_jump_seqpos: renumbering jump 6153 to 2794
core.kinematics.FoldTree: delete_jump_seqpos: deleting jump 2795
core.kinematics.FoldTree: delete_jump_seqpos: renumbering jump 6152 to 2795
core.kinematics.FoldTree: delete_jump_seqpos: deleting jump 2796
core.kinematics.FoldTree: delete_jump_seqpos: renumbering jump 6151 to 2796
core.kinematics.FoldTree: delete_jump_seqpos: deleting jump 2797
core.kinematics.FoldTree: delete_jump_seqpos: renumbering jump 6150 to 2797
core.kinematics.FoldTree: delete_jump_seqpos: deleting jump 2798
core.kinematics.FoldTree: delete_jump_seqpos: renumbering jump 6149 to 2798
core.kinematics.FoldTree: delete_jump_seqpos: deleting jump 2799
core.kinematics.FoldTree: delete_jump_seqpos: renumbering jump 6148 to 2799
core.kinematics.FoldTree: delete_jump_seqpos: deleting jump 2800
core.kinematics.FoldTree: delete_jump_seqpos: renumbering jump 6147 to 2800
core.kinematics.FoldTree: delete_jump_seqpos: deleting jump 2801
core.kinematics.FoldTree: delete_jump_seqpos: renumbering jump 6146 to 2801
core.kinematics.FoldTree: delete_jump_seqpos: deleting jump 2802
core.kinematics.FoldTree: delete_jump_seqpos: renumbering jump 6145 to 2802
core.kinematics.FoldTree: delete_jump_seqpos: deleting jump 2803
core.kinematics.FoldTree: delete_jump_seqpos: renumbering jump 6144 to 2803
core.kinematics.FoldTree: delete_jump_seqpos: deleting jump 2804
core.kinematics.FoldTree: delete_jump_seqpos: renumbering jump 6143 to 2804
core.kinematics.FoldTree: delete_jump_seqpos: deleting jump 2805
core.kinematics.FoldTree: delete_jump_seqpos: renumbering jump 6142 to 2805
core.kinematics.FoldTree: delete_jump_seqpos: deleting jump 2806
core.kinematics.FoldTree: delete_jump_seqpos: renumbering jump 6141 to 2806
core.kinematics.FoldTree: delete_jump_seqpos: deleting jump 2807
core.kinematics.FoldTree: delete_jump_seqpos: renumbering jump 6140 to 2807
core.kinematics.FoldTree: delete_jump_seqpos: deleting jump 2808
core.kinematics.FoldTree: delete_jump_seqpos: renumbering jump 6139 to 2808
core.kinematics.FoldTree: delete_jump_seqpos: deleting jump 2809
core.kinematics.FoldTree: delete_jump_seqpos: renumbering jump 6138 to 2809
core.kinematics.FoldTree: delete_jump_seqpos: deleting jump 2810
core.kinematics.FoldTree: delete_jump_seqpos: renumbering jump 6137 to 2810
core.kinematics.FoldTree: delete_jump_seqpos: deleting jump 2811
core.kinematics.FoldTree: delete_jump_seqpos: renumbering jump 6136 to 2811
core.kinematics.FoldTree: delete_jump_seqpos: deleting jump 2812
core.kinematics.FoldTree: delete_jump_seqpos: renumbering jump 6135 to 2812
core.kinematics.FoldTree: delete_jump_seqpos: deleting jump 2813
core.kinematics.FoldTree: delete_jump_seqpos: renumbering jump 6134 to 2813
core.kinematics.FoldTree: delete_jump_seqpos: deleting jump 2814
core.kinematics.FoldTree: delete_jump_seqpos: renumbering jump 6133 to 2814
core.kinematics.FoldTree: delete_jump_seqpos: deleting jump 2815
core.kinematics.FoldTree: delete_jump_seqpos: renumbering jump 6132 to 2815
core.kinematics.FoldTree: delete_jump_seqpos: deleting jump 2816
core.kinematics.FoldTree: delete_jump_seqpos: renumbering jump 6131 to 2816
core.kinematics.FoldTree: delete_jump_seqpos: deleting jump 2817
core.kinematics.FoldTree: delete_jump_seqpos: renumbering jump 6130 to 2817
core.kinematics.FoldTree: delete_jump_seqpos: deleting jump 2818
core.kinematics.FoldTree: delete_jump_seqpos: renumbering jump 6129 to 2818
core.kinematics.FoldTree: delete_jump_seqpos: deleting jump 2819
core.kinematics.FoldTree: delete_jump_seqpos: renumbering jump 6128 to 2819
core.kinematics.FoldTree: delete_jump_seqpos: deleting jump 2820
core.kinematics.FoldTree: delete_jump_seqpos: renumbering jump 6127 to 2820
core.kinematics.FoldTree: delete_jump_seqpos: deleting jump 2821
core.kinematics.FoldTree: delete_jump_seqpos: renumbering jump 6126 to 2821
core.kinematics.FoldTree: delete_jump_seqpos: deleting jump 2822
core.kinematics.FoldTree: delete_jump_seqpos: renumbering jump 6125 to 2822
core.kinematics.FoldTree: delete_jump_seqpos: deleting jump 2823
core.kinematics.FoldTree: delete_jump_seqpos: renumbering jump 6124 to 2823
core.kinematics.FoldTree: delete_jump_seqpos: deleting jump 2824
core.kinematics.FoldTree: delete_jump_seqpos: renumbering jump 6123 to 2824
core.kinematics.FoldTree: delete_jump_seqpos: deleting jump 2825
core.kinematics.FoldTree: delete_jump_seqpos: renumbering jump 6122 to 2825
core.kinematics.FoldTree: delete_jump_seqpos: deleting jump 2826
core.kinematics.FoldTree: delete_jump_seqpos: renumbering jump 6121 to 2826
core.kinematics.FoldTree: delete_jump_seqpos: deleting jump 2827
core.kinematics.FoldTree: delete_jump_seqpos: renumbering jump 6120 to 2827
core.kinematics.FoldTree: delete_jump_seqpos: deleting jump 2828
core.kinematics.FoldTree: delete_jump_seqpos: renumbering jump 6119 to 2828
core.kinematics.FoldTree: delete_jump_seqpos: deleting jump 2829
core.kinematics.FoldTree: delete_jump_seqpos: renumbering jump 6118 to 2829
core.kinematics.FoldTree: delete_jump_seqpos: deleting jump 2830
core.kinematics.FoldTree: delete_jump_seqpos: renumbering jump 6117 to 2830
core.kinematics.FoldTree: delete_jump_seqpos: deleting jump 2831
core.kinematics.FoldTree: delete_jump_seqpos: renumbering jump 6116 to 2831
core.kinematics.FoldTree: delete_jump_seqpos: deleting jump 2832
core.kinematics.FoldTree: delete_jump_seqpos: renumbering jump 6115 to 2832
core.kinematics.FoldTree: delete_jump_seqpos: deleting jump 2833
core.kinematics.FoldTree: delete_jump_seqpos: renumbering jump 6114 to 2833
core.kinematics.FoldTree: delete_jump_seqpos: deleting jump 2834
core.kinematics.FoldTree: delete_jump_seqpos: renumbering jump 6113 to 2834
core.kinematics.FoldTree: delete_jump_seqpos: deleting jump 2835
core.kinematics.FoldTree: delete_jump_seqpos: renumbering jump 6112 to 2835
core.kinematics.FoldTree: delete_jump_seqpos: deleting jump 2836
core.kinematics.FoldTree: delete_jump_seqpos: renumbering jump 6111 to 2836
core.kinematics.FoldTree: delete_jump_seqpos: deleting jump 2837
core.kinematics.FoldTree: delete_jump_seqpos: renumbering jump 6110 to 2837
core.kinematics.FoldTree: delete_jump_seqpos: deleting jump 2838
core.kinematics.FoldTree: delete_jump_seqpos: renumbering jump 6109 to 2838
core.kinematics.FoldTree: delete_jump_seqpos: deleting jump 2839
core.kinematics.FoldTree: delete_jump_seqpos: renumbering jump 6108 to 2839
core.kinematics.FoldTree: delete_jump_seqpos: deleting jump 2840
core.kinematics.FoldTree: delete_jump_seqpos: renumbering jump 6107 to 2840
core.kinematics.FoldTree: delete_jump_seqpos: deleting jump 2841
core.kinematics.FoldTree: delete_jump_seqpos: renumbering jump 6106 to 2841
core.kinematics.FoldTree: delete_jump_seqpos: deleting jump 2842
core.kinematics.FoldTree: delete_jump_seqpos: renumbering jump 6105 to 2842
core.kinematics.FoldTree: delete_jump_seqpos: deleting jump 2843
core.kinematics.FoldTree: delete_jump_seqpos: renumbering jump 6104 to 2843
core.kinematics.FoldTree: delete_jump_seqpos: deleting jump 2844
core.kinematics.FoldTree: delete_jump_seqpos: renumbering jump 6103 to 2844
core.kinematics.FoldTree: delete_jump_seqpos: deleting jump 2845
core.kinematics.FoldTree: delete_jump_seqpos: renumbering jump 6102 to 2845
core.kinematics.FoldTree: delete_jump_seqpos: deleting jump 2846
core.kinematics.FoldTree: delete_jump_seqpos: renumbering jump 6101 to 2846
core.kinematics.FoldTree: delete_jump_seqpos: deleting jump 2847
core.kinematics.FoldTree: delete_jump_seqpos: renumbering jump 6100 to 2847
core.kinematics.FoldTree: delete_jump_seqpos: deleting jump 2848
core.kinematics.FoldTree: delete_jump_seqpos: renumbering jump 6099 to 2848
core.kinematics.FoldTree: delete_jump_seqpos: deleting jump 2849
core.kinematics.FoldTree: delete_jump_seqpos: renumbering jump 6098 to 2849
core.kinematics.FoldTree: delete_jump_seqpos: deleting jump 2850
core.kinematics.FoldTree: delete_jump_seqpos: renumbering jump 6097 to 2850
core.kinematics.FoldTree: delete_jump_seqpos: deleting jump 2851
core.kinematics.FoldTree: delete_jump_seqpos: renumbering jump 6096 to 2851
core.kinematics.FoldTree: delete_jump_seqpos: deleting jump 2852
core.kinematics.FoldTree: delete_jump_seqpos: renumbering jump 6095 to 2852
core.kinematics.FoldTree: delete_jump_seqpos: deleting jump 2853
core.kinematics.FoldTree: delete_jump_seqpos: renumbering jump 6094 to 2853
core.kinematics.FoldTree: delete_jump_seqpos: deleting jump 2854
core.kinematics.FoldTree: delete_jump_seqpos: renumbering jump 6093 to 2854
core.kinematics.FoldTree: delete_jump_seqpos: deleting jump 2855
core.kinematics.FoldTree: delete_jump_seqpos: renumbering jump 6092 to 2855
core.kinematics.FoldTree: delete_jump_seqpos: deleting jump 2856
core.kinematics.FoldTree: delete_jump_seqpos: renumbering jump 6091 to 2856
core.kinematics.FoldTree: delete_jump_seqpos: deleting jump 2857
core.kinematics.FoldTree: delete_jump_seqpos: renumbering jump 6090 to 2857
core.kinematics.FoldTree: delete_jump_seqpos: deleting jump 2858
core.kinematics.FoldTree: delete_jump_seqpos: renumbering jump 6089 to 2858
core.kinematics.FoldTree: delete_jump_seqpos: deleting jump 2859
core.kinematics.FoldTree: delete_jump_seqpos: renumbering jump 6088 to 2859
core.kinematics.FoldTree: delete_jump_seqpos: deleting jump 2860
core.kinematics.FoldTree: delete_jump_seqpos: renumbering jump 6087 to 2860
core.kinematics.FoldTree: delete_jump_seqpos: deleting jump 2861
core.kinematics.FoldTree: delete_jump_seqpos: renumbering jump 6086 to 2861
core.kinematics.FoldTree: delete_jump_seqpos: deleting jump 2862
core.kinematics.FoldTree: delete_jump_seqpos: renumbering jump 6085 to 2862
core.kinematics.FoldTree: delete_jump_seqpos: deleting jump 2863
core.kinematics.FoldTree: delete_jump_seqpos: renumbering jump 6084 to 2863
core.kinematics.FoldTree: delete_jump_seqpos: deleting jump 2864
core.kinematics.FoldTree: delete_jump_seqpos: renumbering jump 6083 to 2864
core.kinematics.FoldTree: delete_jump_seqpos: deleting jump 2865
core.kinematics.FoldTree: delete_jump_seqpos: renumbering jump 6082 to 2865
core.kinematics.FoldTree: delete_jump_seqpos: deleting jump 2866
core.kinematics.FoldTree: delete_jump_seqpos: renumbering jump 6081 to 2866
core.kinematics.FoldTree: delete_jump_seqpos: deleting jump 2867
core.kinematics.FoldTree: delete_jump_seqpos: renumbering jump 6080 to 2867
core.kinematics.FoldTree: delete_jump_seqpos: deleting jump 2868
core.kinematics.FoldTree: delete_jump_seqpos: renumbering jump 6079 to 2868
core.kinematics.FoldTree: delete_jump_seqpos: deleting jump 2869
core.kinematics.FoldTree: delete_jump_seqpos: renumbering jump 6078 to 2869
core.kinematics.FoldTree: delete_jump_seqpos: deleting jump 2870
core.kinematics.FoldTree: delete_jump_seqpos: renumbering jump 6077 to 2870
core.kinematics.FoldTree: delete_jump_seqpos: deleting jump 2871
core.kinematics.FoldTree: delete_jump_seqpos: renumbering jump 6076 to 2871
core.kinematics.FoldTree: delete_jump_seqpos: deleting jump 2872
core.kinematics.FoldTree: delete_jump_seqpos: renumbering jump 6075 to 2872
core.kinematics.FoldTree: delete_jump_seqpos: deleting jump 2873
core.kinematics.FoldTree: delete_jump_seqpos: renumbering jump 6074 to 2873
core.kinematics.FoldTree: delete_jump_seqpos: deleting jump 2874
core.kinematics.FoldTree: delete_jump_seqpos: renumbering jump 6073 to 2874
core.kinematics.FoldTree: delete_jump_seqpos: deleting jump 2875
core.kinematics.FoldTree: delete_jump_seqpos: renumbering jump 6072 to 2875
core.kinematics.FoldTree: delete_jump_seqpos: deleting jump 2876
core.kinematics.FoldTree: delete_jump_seqpos: renumbering jump 6071 to 2876
core.kinematics.FoldTree: delete_jump_seqpos: deleting jump 2877
core.kinematics.FoldTree: delete_jump_seqpos: renumbering jump 6070 to 2877
core.kinematics.FoldTree: delete_jump_seqpos: deleting jump 2878
core.kinematics.FoldTree: delete_jump_seqpos: renumbering jump 6069 to 2878
core.kinematics.FoldTree: delete_jump_seqpos: deleting jump 2879
core.kinematics.FoldTree: delete_jump_seqpos: renumbering jump 6068 to 2879
core.kinematics.FoldTree: delete_jump_seqpos: deleting jump 2880
core.kinematics.FoldTree: delete_jump_seqpos: renumbering jump 6067 to 2880
core.kinematics.FoldTree: delete_jump_seqpos: deleting jump 2881
core.kinematics.FoldTree: delete_jump_seqpos: renumbering jump 6066 to 2881
core.kinematics.FoldTree: delete_jump_seqpos: deleting jump 2882
core.kinematics.FoldTree: delete_jump_seqpos: renumbering jump 6065 to 2882
core.kinematics.FoldTree: delete_jump_seqpos: deleting jump 2883
core.kinematics.FoldTree: delete_jump_seqpos: renumbering jump 6064 to 2883
core.kinematics.FoldTree: delete_jump_seqpos: deleting jump 2884
core.kinematics.FoldTree: delete_jump_seqpos: renumbering jump 6063 to 2884
core.kinematics.FoldTree: delete_jump_seqpos: deleting jump 2885
core.kinematics.FoldTree: delete_jump_seqpos: renumbering jump 6062 to 2885
core.kinematics.FoldTree: delete_jump_seqpos: deleting jump 2886
core.kinematics.FoldTree: delete_jump_seqpos: renumbering jump 6061 to 2886
core.kinematics.FoldTree: delete_jump_seqpos: deleting jump 2887
core.kinematics.FoldTree: delete_jump_seqpos: renumbering jump 6060 to 2887
core.kinematics.FoldTree: delete_jump_seqpos: deleting jump 2888
core.kinematics.FoldTree: delete_jump_seqpos: renumbering jump 6059 to 2888
core.kinematics.FoldTree: delete_jump_seqpos: deleting jump 2889
core.kinematics.FoldTree: delete_jump_seqpos: renumbering jump 6058 to 2889
core.kinematics.FoldTree: delete_jump_seqpos: deleting jump 2890
core.kinematics.FoldTree: delete_jump_seqpos: renumbering jump 6057 to 2890
core.kinematics.FoldTree: delete_jump_seqpos: deleting jump 2891
core.kinematics.FoldTree: delete_jump_seqpos: renumbering jump 6056 to 2891
core.kinematics.FoldTree: delete_jump_seqpos: deleting jump 2892
core.kinematics.FoldTree: delete_jump_seqpos: renumbering jump 6055 to 2892
core.kinematics.FoldTree: delete_jump_seqpos: deleting jump 2893
core.kinematics.FoldTree: delete_jump_seqpos: renumbering jump 6054 to 2893
core.kinematics.FoldTree: delete_jump_seqpos: deleting jump 2894
core.kinematics.FoldTree: delete_jump_seqpos: renumbering jump 6053 to 2894
core.kinematics.FoldTree: delete_jump_seqpos: deleting jump 2895
core.kinematics.FoldTree: delete_jump_seqpos: renumbering jump 6052 to 2895
core.kinematics.FoldTree: delete_jump_seqpos: deleting jump 2896
core.kinematics.FoldTree: delete_jump_seqpos: renumbering jump 6051 to 2896
core.kinematics.FoldTree: delete_jump_seqpos: deleting jump 2897
core.kinematics.FoldTree: delete_jump_seqpos: renumbering jump 6050 to 2897
core.kinematics.FoldTree: delete_jump_seqpos: deleting jump 2898
core.kinematics.FoldTree: delete_jump_seqpos: renumbering jump 6049 to 2898
core.kinematics.FoldTree: delete_jump_seqpos: deleting jump 2899
core.kinematics.FoldTree: delete_jump_seqpos: renumbering jump 6048 to 2899
core.kinematics.FoldTree: delete_jump_seqpos: deleting jump 2900
core.kinematics.FoldTree: delete_jump_seqpos: renumbering jump 6047 to 2900
core.kinematics.FoldTree: delete_jump_seqpos: deleting jump 2901
core.kinematics.FoldTree: delete_jump_seqpos: renumbering jump 6046 to 2901
core.kinematics.FoldTree: delete_jump_seqpos: deleting jump 2902
core.kinematics.FoldTree: delete_jump_seqpos: renumbering jump 6045 to 2902
core.kinematics.FoldTree: delete_jump_seqpos: deleting jump 2903
core.kinematics.FoldTree: delete_jump_seqpos: renumbering jump 6044 to 2903
core.kinematics.FoldTree: delete_jump_seqpos: deleting jump 2904
core.kinematics.FoldTree: delete_jump_seqpos: renumbering jump 6043 to 2904
core.kinematics.FoldTree: delete_jump_seqpos: deleting jump 2905
core.kinematics.FoldTree: delete_jump_seqpos: renumbering jump 6042 to 2905
core.kinematics.FoldTree: delete_jump_seqpos: deleting jump 2906
core.kinematics.FoldTree: delete_jump_seqpos: renumbering jump 6041 to 2906
core.kinematics.FoldTree: delete_jump_seqpos: deleting jump 2907
core.kinematics.FoldTree: delete_jump_seqpos: renumbering jump 6040 to 2907
core.kinematics.FoldTree: delete_jump_seqpos: deleting jump 2908
core.kinematics.FoldTree: delete_jump_seqpos: renumbering jump 6039 to 2908
core.kinematics.FoldTree: delete_jump_seqpos: deleting jump 2909
core.kinematics.FoldTree: delete_jump_seqpos: renumbering jump 6038 to 2909
core.kinematics.FoldTree: delete_jump_seqpos: deleting jump 2910
core.kinematics.FoldTree: delete_jump_seqpos: renumbering jump 6037 to 2910
core.kinematics.FoldTree: delete_jump_seqpos: deleting jump 2911
core.kinematics.FoldTree: delete_jump_seqpos: renumbering jump 6036 to 2911
core.kinematics.FoldTree: delete_jump_seqpos: deleting jump 2912
core.kinematics.FoldTree: delete_jump_seqpos: renumbering jump 6035 to 2912
core.kinematics.FoldTree: delete_jump_seqpos: deleting jump 2913
core.kinematics.FoldTree: delete_jump_seqpos: renumbering jump 6034 to 2913
core.kinematics.FoldTree: delete_jump_seqpos: deleting jump 2914
core.kinematics.FoldTree: delete_jump_seqpos: renumbering jump 6033 to 2914
core.kinematics.FoldTree: delete_jump_seqpos: deleting jump 2915
core.kinematics.FoldTree: delete_jump_seqpos: renumbering jump 6032 to 2915
core.kinematics.FoldTree: delete_jump_seqpos: deleting jump 2916
core.kinematics.FoldTree: delete_jump_seqpos: renumbering jump 6031 to 2916
core.kinematics.FoldTree: delete_jump_seqpos: deleting jump 2917
core.kinematics.FoldTree: delete_jump_seqpos: renumbering jump 6030 to 2917
core.kinematics.FoldTree: delete_jump_seqpos: deleting jump 2918
core.kinematics.FoldTree: delete_jump_seqpos: renumbering jump 6029 to 2918
core.kinematics.FoldTree: delete_jump_seqpos: deleting jump 2919
core.kinematics.FoldTree: delete_jump_seqpos: renumbering jump 6028 to 2919
core.kinematics.FoldTree: delete_jump_seqpos: deleting jump 2920
core.kinematics.FoldTree: delete_jump_seqpos: renumbering jump 6027 to 2920
core.kinematics.FoldTree: delete_jump_seqpos: deleting jump 2921
core.kinematics.FoldTree: delete_jump_seqpos: renumbering jump 6026 to 2921
core.kinematics.FoldTree: delete_jump_seqpos: deleting jump 2922
core.kinematics.FoldTree: delete_jump_seqpos: renumbering jump 6025 to 2922
core.kinematics.FoldTree: delete_jump_seqpos: deleting jump 2923
core.kinematics.FoldTree: delete_jump_seqpos: renumbering jump 6024 to 2923
core.kinematics.FoldTree: delete_jump_seqpos: deleting jump 2924
core.kinematics.FoldTree: delete_jump_seqpos: renumbering jump 6023 to 2924
core.kinematics.FoldTree: delete_jump_seqpos: deleting jump 2925
core.kinematics.FoldTree: delete_jump_seqpos: renumbering jump 6022 to 2925
core.kinematics.FoldTree: delete_jump_seqpos: deleting jump 2926
core.kinematics.FoldTree: delete_jump_seqpos: renumbering jump 6021 to 2926
core.kinematics.FoldTree: delete_jump_seqpos: deleting jump 2927
core.kinematics.FoldTree: delete_jump_seqpos: renumbering jump 6020 to 2927
core.kinematics.FoldTree: delete_jump_seqpos: deleting jump 2928
core.kinematics.FoldTree: delete_jump_seqpos: renumbering jump 6019 to 2928
core.kinematics.FoldTree: delete_jump_seqpos: deleting jump 2929
core.kinematics.FoldTree: delete_jump_seqpos: renumbering jump 6018 to 2929
core.kinematics.FoldTree: delete_jump_seqpos: deleting jump 2930
core.kinematics.FoldTree: delete_jump_seqpos: renumbering jump 6017 to 2930
core.kinematics.FoldTree: delete_jump_seqpos: deleting jump 2931
core.kinematics.FoldTree: delete_jump_seqpos: renumbering jump 6016 to 2931
core.kinematics.FoldTree: delete_jump_seqpos: deleting jump 2932
core.kinematics.FoldTree: delete_jump_seqpos: renumbering jump 6015 to 2932
core.kinematics.FoldTree: delete_jump_seqpos: deleting jump 2933
core.kinematics.FoldTree: delete_jump_seqpos: renumbering jump 6014 to 2933
core.kinematics.FoldTree: delete_jump_seqpos: deleting jump 2934
core.kinematics.FoldTree: delete_jump_seqpos: renumbering jump 6013 to 2934
core.kinematics.FoldTree: delete_jump_seqpos: deleting jump 2935
core.kinematics.FoldTree: delete_jump_seqpos: renumbering jump 6012 to 2935
core.kinematics.FoldTree: delete_jump_seqpos: deleting jump 2936
core.kinematics.FoldTree: delete_jump_seqpos: renumbering jump 6011 to 2936
core.kinematics.FoldTree: delete_jump_seqpos: deleting jump 2937
core.kinematics.FoldTree: delete_jump_seqpos: renumbering jump 6010 to 2937
core.kinematics.FoldTree: delete_jump_seqpos: deleting jump 2938
core.kinematics.FoldTree: delete_jump_seqpos: renumbering jump 6009 to 2938
core.kinematics.FoldTree: delete_jump_seqpos: deleting jump 2939
core.kinematics.FoldTree: delete_jump_seqpos: renumbering jump 6008 to 2939
core.kinematics.FoldTree: delete_jump_seqpos: deleting jump 2940
core.kinematics.FoldTree: delete_jump_seqpos: renumbering jump 6007 to 2940
core.kinematics.FoldTree: delete_jump_seqpos: deleting jump 2941
core.kinematics.FoldTree: delete_jump_seqpos: renumbering jump 6006 to 2941
core.kinematics.FoldTree: delete_jump_seqpos: deleting jump 2942
core.kinematics.FoldTree: delete_jump_seqpos: renumbering jump 6005 to 2942
core.kinematics.FoldTree: delete_jump_seqpos: deleting jump 2943
core.kinematics.FoldTree: delete_jump_seqpos: renumbering jump 6004 to 2943
core.kinematics.FoldTree: delete_jump_seqpos: deleting jump 2944
core.kinematics.FoldTree: delete_jump_seqpos: renumbering jump 6003 to 2944
core.kinematics.FoldTree: delete_jump_seqpos: deleting jump 2945
core.kinematics.FoldTree: delete_jump_seqpos: renumbering jump 6002 to 2945
core.kinematics.FoldTree: delete_jump_seqpos: deleting jump 2946
core.kinematics.FoldTree: delete_jump_seqpos: renumbering jump 6001 to 2946
core.kinematics.FoldTree: delete_jump_seqpos: deleting jump 2947
core.kinematics.FoldTree: delete_jump_seqpos: renumbering jump 6000 to 2947
core.kinematics.FoldTree: delete_jump_seqpos: deleting jump 2948
core.kinematics.FoldTree: delete_jump_seqpos: renumbering jump 5999 to 2948
core.kinematics.FoldTree: delete_jump_seqpos: deleting jump 2949
core.kinematics.FoldTree: delete_jump_seqpos: renumbering jump 5998 to 2949
core.kinematics.FoldTree: delete_jump_seqpos: deleting jump 2950
core.kinematics.FoldTree: delete_jump_seqpos: renumbering jump 5997 to 2950
core.kinematics.FoldTree: delete_jump_seqpos: deleting jump 2951
core.kinematics.FoldTree: delete_jump_seqpos: renumbering jump 5996 to 2951
core.kinematics.FoldTree: delete_jump_seqpos: deleting jump 2952
core.kinematics.FoldTree: delete_jump_seqpos: renumbering jump 5995 to 2952
core.kinematics.FoldTree: delete_jump_seqpos: deleting jump 2953
core.kinematics.FoldTree: delete_jump_seqpos: renumbering jump 5994 to 2953
core.kinematics.FoldTree: delete_jump_seqpos: deleting jump 2954
core.kinematics.FoldTree: delete_jump_seqpos: renumbering jump 5993 to 2954
core.kinematics.FoldTree: delete_jump_seqpos: deleting jump 2955
core.kinematics.FoldTree: delete_jump_seqpos: renumbering jump 5992 to 2955
core.kinematics.FoldTree: delete_jump_seqpos: deleting jump 2956
core.kinematics.FoldTree: delete_jump_seqpos: renumbering jump 5991 to 2956
core.kinematics.FoldTree: delete_jump_seqpos: deleting jump 2957
core.kinematics.FoldTree: delete_jump_seqpos: renumbering jump 5990 to 2957
core.kinematics.FoldTree: delete_jump_seqpos: deleting jump 2958
core.kinematics.FoldTree: delete_jump_seqpos: renumbering jump 5989 to 2958
core.kinematics.FoldTree: delete_jump_seqpos: deleting jump 2959
core.kinematics.FoldTree: delete_jump_seqpos: renumbering jump 5988 to 2959
core.kinematics.FoldTree: delete_jump_seqpos: deleting jump 2960
core.kinematics.FoldTree: delete_jump_seqpos: renumbering jump 5987 to 2960
core.kinematics.FoldTree: delete_jump_seqpos: deleting jump 2961
core.kinematics.FoldTree: delete_jump_seqpos: renumbering jump 5986 to 2961
core.kinematics.FoldTree: delete_jump_seqpos: deleting jump 2962
core.kinematics.FoldTree: delete_jump_seqpos: renumbering jump 5985 to 2962
core.kinematics.FoldTree: delete_jump_seqpos: deleting jump 2963
core.kinematics.FoldTree: delete_jump_seqpos: renumbering jump 5984 to 2963
core.kinematics.FoldTree: delete_jump_seqpos: deleting jump 2964
core.kinematics.FoldTree: delete_jump_seqpos: renumbering jump 5983 to 2964
core.kinematics.FoldTree: delete_jump_seqpos: deleting jump 2965
core.kinematics.FoldTree: delete_jump_seqpos: renumbering jump 5982 to 2965
core.kinematics.FoldTree: delete_jump_seqpos: deleting jump 2966
core.kinematics.FoldTree: delete_jump_seqpos: renumbering jump 5981 to 2966
core.kinematics.FoldTree: delete_jump_seqpos: deleting jump 2967
core.kinematics.FoldTree: delete_jump_seqpos: renumbering jump 5980 to 2967
core.kinematics.FoldTree: delete_jump_seqpos: deleting jump 2968
core.kinematics.FoldTree: delete_jump_seqpos: renumbering jump 5979 to 2968
core.kinematics.FoldTree: delete_jump_seqpos: deleting jump 2969
core.kinematics.FoldTree: delete_jump_seqpos: renumbering jump 5978 to 2969
core.kinematics.FoldTree: delete_jump_seqpos: deleting jump 2970
core.kinematics.FoldTree: delete_jump_seqpos: renumbering jump 5977 to 2970
core.kinematics.FoldTree: delete_jump_seqpos: deleting jump 2971
core.kinematics.FoldTree: delete_jump_seqpos: renumbering jump 5976 to 2971
core.kinematics.FoldTree: delete_jump_seqpos: deleting jump 2972
core.kinematics.FoldTree: delete_jump_seqpos: renumbering jump 5975 to 2972
core.kinematics.FoldTree: delete_jump_seqpos: deleting jump 2973
core.kinematics.FoldTree: delete_jump_seqpos: renumbering jump 5974 to 2973
core.kinematics.FoldTree: delete_jump_seqpos: deleting jump 2974
core.kinematics.FoldTree: delete_jump_seqpos: renumbering jump 5973 to 2974
core.kinematics.FoldTree: delete_jump_seqpos: deleting jump 2975
core.kinematics.FoldTree: delete_jump_seqpos: renumbering jump 5972 to 2975
core.kinematics.FoldTree: delete_jump_seqpos: deleting jump 2976
core.kinematics.FoldTree: delete_jump_seqpos: renumbering jump 5971 to 2976
core.kinematics.FoldTree: delete_jump_seqpos: deleting jump 2977
core.kinematics.FoldTree: delete_jump_seqpos: renumbering jump 5970 to 2977
core.kinematics.FoldTree: delete_jump_seqpos: deleting jump 2978
core.kinematics.FoldTree: delete_jump_seqpos: renumbering jump 5969 to 2978
core.kinematics.FoldTree: delete_jump_seqpos: deleting jump 2979
core.kinematics.FoldTree: delete_jump_seqpos: renumbering jump 5968 to 2979
core.kinematics.FoldTree: delete_jump_seqpos: deleting jump 2980
core.kinematics.FoldTree: delete_jump_seqpos: renumbering jump 5967 to 2980
core.kinematics.FoldTree: delete_jump_seqpos: deleting jump 2981
core.kinematics.FoldTree: delete_jump_seqpos: renumbering jump 5966 to 2981
core.kinematics.FoldTree: delete_jump_seqpos: deleting jump 2982
core.kinematics.FoldTree: delete_jump_seqpos: renumbering jump 5965 to 2982
core.kinematics.FoldTree: delete_jump_seqpos: deleting jump 2983
core.kinematics.FoldTree: delete_jump_seqpos: renumbering jump 5964 to 2983
core.kinematics.FoldTree: delete_jump_seqpos: deleting jump 2984
core.kinematics.FoldTree: delete_jump_seqpos: renumbering jump 5963 to 2984
core.kinematics.FoldTree: delete_jump_seqpos: deleting jump 2985
core.kinematics.FoldTree: delete_jump_seqpos: renumbering jump 5962 to 2985
core.kinematics.FoldTree: delete_jump_seqpos: deleting jump 2986
core.kinematics.FoldTree: delete_jump_seqpos: renumbering jump 5961 to 2986
core.kinematics.FoldTree: delete_jump_seqpos: deleting jump 2987
core.kinematics.FoldTree: delete_jump_seqpos: renumbering jump 5960 to 2987
core.kinematics.FoldTree: delete_jump_seqpos: deleting jump 2988
core.kinematics.FoldTree: delete_jump_seqpos: renumbering jump 5959 to 2988
core.kinematics.FoldTree: delete_jump_seqpos: deleting jump 2989
core.kinematics.FoldTree: delete_jump_seqpos: renumbering jump 5958 to 2989
core.kinematics.FoldTree: delete_jump_seqpos: deleting jump 2990
core.kinematics.FoldTree: delete_jump_seqpos: renumbering jump 5957 to 2990
core.kinematics.FoldTree: delete_jump_seqpos: deleting jump 2991
core.kinematics.FoldTree: delete_jump_seqpos: renumbering jump 5956 to 2991
core.kinematics.FoldTree: delete_jump_seqpos: deleting jump 2992
core.kinematics.FoldTree: delete_jump_seqpos: renumbering jump 5955 to 2992
core.kinematics.FoldTree: delete_jump_seqpos: deleting jump 2993
core.kinematics.FoldTree: delete_jump_seqpos: renumbering jump 5954 to 2993
core.kinematics.FoldTree: delete_jump_seqpos: deleting jump 2994
core.kinematics.FoldTree: delete_jump_seqpos: renumbering jump 5953 to 2994
core.kinematics.FoldTree: delete_jump_seqpos: deleting jump 2995
core.kinematics.FoldTree: delete_jump_seqpos: renumbering jump 5952 to 2995
core.kinematics.FoldTree: delete_jump_seqpos: deleting jump 2996
core.kinematics.FoldTree: delete_jump_seqpos: renumbering jump 5951 to 2996
core.kinematics.FoldTree: delete_jump_seqpos: deleting jump 2997
core.kinematics.FoldTree: delete_jump_seqpos: renumbering jump 5950 to 2997
core.kinematics.FoldTree: delete_jump_seqpos: deleting jump 2998
core.kinematics.FoldTree: delete_jump_seqpos: renumbering jump 5949 to 2998
core.kinematics.FoldTree: delete_jump_seqpos: deleting jump 2999
core.kinematics.FoldTree: delete_jump_seqpos: renumbering jump 5948 to 2999
core.kinematics.FoldTree: delete_jump_seqpos: deleting jump 3000
core.kinematics.FoldTree: delete_jump_seqpos: renumbering jump 5947 to 3000
core.kinematics.FoldTree: delete_jump_seqpos: deleting jump 3001
core.kinematics.FoldTree: delete_jump_seqpos: renumbering jump 5946 to 3001
core.kinematics.FoldTree: delete_jump_seqpos: deleting jump 3002
core.kinematics.FoldTree: delete_jump_seqpos: renumbering jump 5945 to 3002
core.kinematics.FoldTree: delete_jump_seqpos: deleting jump 3003
core.kinematics.FoldTree: delete_jump_seqpos: renumbering jump 5944 to 3003
core.kinematics.FoldTree: delete_jump_seqpos: deleting jump 3004
core.kinematics.FoldTree: delete_jump_seqpos: renumbering jump 5943 to 3004
core.kinematics.FoldTree: delete_jump_seqpos: deleting jump 3005
core.kinematics.FoldTree: delete_jump_seqpos: renumbering jump 5942 to 3005
core.kinematics.FoldTree: delete_jump_seqpos: deleting jump 3006
core.kinematics.FoldTree: delete_jump_seqpos: renumbering jump 5941 to 3006
core.kinematics.FoldTree: delete_jump_seqpos: deleting jump 3007
core.kinematics.FoldTree: delete_jump_seqpos: renumbering jump 5940 to 3007
core.kinematics.FoldTree: delete_jump_seqpos: deleting jump 3008
core.kinematics.FoldTree: delete_jump_seqpos: renumbering jump 5939 to 3008
core.kinematics.FoldTree: delete_jump_seqpos: deleting jump 3009
core.kinematics.FoldTree: delete_jump_seqpos: renumbering jump 5938 to 3009
core.kinematics.FoldTree: delete_jump_seqpos: deleting jump 3010
core.kinematics.FoldTree: delete_jump_seqpos: renumbering jump 5937 to 3010
core.kinematics.FoldTree: delete_jump_seqpos: deleting jump 3011
core.kinematics.FoldTree: delete_jump_seqpos: renumbering jump 5936 to 3011
core.kinematics.FoldTree: delete_jump_seqpos: deleting jump 3012
core.kinematics.FoldTree: delete_jump_seqpos: renumbering jump 5935 to 3012
core.kinematics.FoldTree: delete_jump_seqpos: deleting jump 3013
core.kinematics.FoldTree: delete_jump_seqpos: renumbering jump 5934 to 3013
core.kinematics.FoldTree: delete_jump_seqpos: deleting jump 3014
core.kinematics.FoldTree: delete_jump_seqpos: renumbering jump 5933 to 3014
core.kinematics.FoldTree: delete_jump_seqpos: deleting jump 3015
core.kinematics.FoldTree: delete_jump_seqpos: renumbering jump 5932 to 3015
core.kinematics.FoldTree: delete_jump_seqpos: deleting jump 3016
core.kinematics.FoldTree: delete_jump_seqpos: renumbering jump 5931 to 3016
core.kinematics.FoldTree: delete_jump_seqpos: deleting jump 3017
core.kinematics.FoldTree: delete_jump_seqpos: renumbering jump 5930 to 3017
core.kinematics.FoldTree: delete_jump_seqpos: deleting jump 3018
core.kinematics.FoldTree: delete_jump_seqpos: renumbering jump 5929 to 3018
core.kinematics.FoldTree: delete_jump_seqpos: deleting jump 3019
core.kinematics.FoldTree: delete_jump_seqpos: renumbering jump 5928 to 3019
core.kinematics.FoldTree: delete_jump_seqpos: deleting jump 3020
core.kinematics.FoldTree: delete_jump_seqpos: renumbering jump 5927 to 3020
core.kinematics.FoldTree: delete_jump_seqpos: deleting jump 3021
core.kinematics.FoldTree: delete_jump_seqpos: renumbering jump 5926 to 3021
core.kinematics.FoldTree: delete_jump_seqpos: deleting jump 3022
core.kinematics.FoldTree: delete_jump_seqpos: renumbering jump 5925 to 3022
core.kinematics.FoldTree: delete_jump_seqpos: deleting jump 3023
core.kinematics.FoldTree: delete_jump_seqpos: renumbering jump 5924 to 3023
core.kinematics.FoldTree: delete_jump_seqpos: deleting jump 3024
core.kinematics.FoldTree: delete_jump_seqpos: renumbering jump 5923 to 3024
core.kinematics.FoldTree: delete_jump_seqpos: deleting jump 3025
core.kinematics.FoldTree: delete_jump_seqpos: renumbering jump 5922 to 3025
core.kinematics.FoldTree: delete_jump_seqpos: deleting jump 3026
core.kinematics.FoldTree: delete_jump_seqpos: renumbering jump 5921 to 3026
core.kinematics.FoldTree: delete_jump_seqpos: deleting jump 3027
core.kinematics.FoldTree: delete_jump_seqpos: renumbering jump 5920 to 3027
core.kinematics.FoldTree: delete_jump_seqpos: deleting jump 3028
core.kinematics.FoldTree: delete_jump_seqpos: renumbering jump 5919 to 3028
core.kinematics.FoldTree: delete_jump_seqpos: deleting jump 3029
core.kinematics.FoldTree: delete_jump_seqpos: renumbering jump 5918 to 3029
core.kinematics.FoldTree: delete_jump_seqpos: deleting jump 3030
core.kinematics.FoldTree: delete_jump_seqpos: renumbering jump 5917 to 3030
core.kinematics.FoldTree: delete_jump_seqpos: deleting jump 3031
core.kinematics.FoldTree: delete_jump_seqpos: renumbering jump 5916 to 3031
core.kinematics.FoldTree: delete_jump_seqpos: deleting jump 3032
core.kinematics.FoldTree: delete_jump_seqpos: renumbering jump 5915 to 3032
core.kinematics.FoldTree: delete_jump_seqpos: deleting jump 3033
core.kinematics.FoldTree: delete_jump_seqpos: renumbering jump 5914 to 3033
core.kinematics.FoldTree: delete_jump_seqpos: deleting jump 3034
core.kinematics.FoldTree: delete_jump_seqpos: renumbering jump 5913 to 3034
core.kinematics.FoldTree: delete_jump_seqpos: deleting jump 3035
core.kinematics.FoldTree: delete_jump_seqpos: renumbering jump 5912 to 3035
core.kinematics.FoldTree: delete_jump_seqpos: deleting jump 3036
core.kinematics.FoldTree: delete_jump_seqpos: renumbering jump 5911 to 3036
core.kinematics.FoldTree: delete_jump_seqpos: deleting jump 3037
core.kinematics.FoldTree: delete_jump_seqpos: renumbering jump 5910 to 3037
core.kinematics.FoldTree: delete_jump_seqpos: deleting jump 3038
core.kinematics.FoldTree: delete_jump_seqpos: renumbering jump 5909 to 3038
core.kinematics.FoldTree: delete_jump_seqpos: deleting jump 3039
core.kinematics.FoldTree: delete_jump_seqpos: renumbering jump 5908 to 3039
core.kinematics.FoldTree: delete_jump_seqpos: deleting jump 3040
core.kinematics.FoldTree: delete_jump_seqpos: renumbering jump 5907 to 3040
core.kinematics.FoldTree: delete_jump_seqpos: deleting jump 3041
core.kinematics.FoldTree: delete_jump_seqpos: renumbering jump 5906 to 3041
core.kinematics.FoldTree: delete_jump_seqpos: deleting jump 3042
core.kinematics.FoldTree: delete_jump_seqpos: renumbering jump 5905 to 3042
core.kinematics.FoldTree: delete_jump_seqpos: deleting jump 3043
core.kinematics.FoldTree: delete_jump_seqpos: renumbering jump 5904 to 3043
core.kinematics.FoldTree: delete_jump_seqpos: deleting jump 3044
core.kinematics.FoldTree: delete_jump_seqpos: renumbering jump 5903 to 3044
core.kinematics.FoldTree: delete_jump_seqpos: deleting jump 3045
core.kinematics.FoldTree: delete_jump_seqpos: renumbering jump 5902 to 3045
core.kinematics.FoldTree: delete_jump_seqpos: deleting jump 3046
core.kinematics.FoldTree: delete_jump_seqpos: renumbering jump 5901 to 3046
core.kinematics.FoldTree: delete_jump_seqpos: deleting jump 3047
core.kinematics.FoldTree: delete_jump_seqpos: renumbering jump 5900 to 3047
core.kinematics.FoldTree: delete_jump_seqpos: deleting jump 3048
core.kinematics.FoldTree: delete_jump_seqpos: renumbering jump 5899 to 3048
core.kinematics.FoldTree: delete_jump_seqpos: deleting jump 3049
core.kinematics.FoldTree: delete_jump_seqpos: renumbering jump 5898 to 3049
core.kinematics.FoldTree: delete_jump_seqpos: deleting jump 3050
core.kinematics.FoldTree: delete_jump_seqpos: renumbering jump 5897 to 3050
core.kinematics.FoldTree: delete_jump_seqpos: deleting jump 3051
core.kinematics.FoldTree: delete_jump_seqpos: renumbering jump 5896 to 3051
core.kinematics.FoldTree: delete_jump_seqpos: deleting jump 3052
core.kinematics.FoldTree: delete_jump_seqpos: renumbering jump 5895 to 3052
core.kinematics.FoldTree: delete_jump_seqpos: deleting jump 3053
core.kinematics.FoldTree: delete_jump_seqpos: renumbering jump 5894 to 3053
core.kinematics.FoldTree: delete_jump_seqpos: deleting jump 3054
core.kinematics.FoldTree: delete_jump_seqpos: renumbering jump 5893 to 3054
core.kinematics.FoldTree: delete_jump_seqpos: deleting jump 3055
core.kinematics.FoldTree: delete_jump_seqpos: renumbering jump 5892 to 3055
core.kinematics.FoldTree: delete_jump_seqpos: deleting jump 3056
core.kinematics.FoldTree: delete_jump_seqpos: renumbering jump 5891 to 3056
core.kinematics.FoldTree: delete_jump_seqpos: deleting jump 3057
core.kinematics.FoldTree: delete_jump_seqpos: renumbering jump 5890 to 3057
core.kinematics.FoldTree: delete_jump_seqpos: deleting jump 3058
core.kinematics.FoldTree: delete_jump_seqpos: renumbering jump 5889 to 3058
core.kinematics.FoldTree: delete_jump_seqpos: deleting jump 3059
core.kinematics.FoldTree: delete_jump_seqpos: renumbering jump 5888 to 3059
core.kinematics.FoldTree: delete_jump_seqpos: deleting jump 3060
core.kinematics.FoldTree: delete_jump_seqpos: renumbering jump 5887 to 3060
core.kinematics.FoldTree: delete_jump_seqpos: deleting jump 3061
core.kinematics.FoldTree: delete_jump_seqpos: renumbering jump 5886 to 3061
core.kinematics.FoldTree: delete_jump_seqpos: deleting jump 3062
core.kinematics.FoldTree: delete_jump_seqpos: renumbering jump 5885 to 3062
core.kinematics.FoldTree: delete_jump_seqpos: deleting jump 3063
core.kinematics.FoldTree: delete_jump_seqpos: renumbering jump 5884 to 3063
core.kinematics.FoldTree: delete_jump_seqpos: deleting jump 3064
core.kinematics.FoldTree: delete_jump_seqpos: renumbering jump 5883 to 3064
core.kinematics.FoldTree: delete_jump_seqpos: deleting jump 3065
core.kinematics.FoldTree: delete_jump_seqpos: renumbering jump 5882 to 3065
core.kinematics.FoldTree: delete_jump_seqpos: deleting jump 3066
core.kinematics.FoldTree: delete_jump_seqpos: renumbering jump 5881 to 3066
core.kinematics.FoldTree: delete_jump_seqpos: deleting jump 3067
core.kinematics.FoldTree: delete_jump_seqpos: renumbering jump 5880 to 3067
core.kinematics.FoldTree: delete_jump_seqpos: deleting jump 3068
core.kinematics.FoldTree: delete_jump_seqpos: renumbering jump 5879 to 3068
core.kinematics.FoldTree: delete_jump_seqpos: deleting jump 3069
core.kinematics.FoldTree: delete_jump_seqpos: renumbering jump 5878 to 3069
core.kinematics.FoldTree: delete_jump_seqpos: deleting jump 3070
core.kinematics.FoldTree: delete_jump_seqpos: renumbering jump 5877 to 3070
core.kinematics.FoldTree: delete_jump_seqpos: deleting jump 3071
core.kinematics.FoldTree: delete_jump_seqpos: renumbering jump 5876 to 3071
core.kinematics.FoldTree: delete_jump_seqpos: deleting jump 3072
core.kinematics.FoldTree: delete_jump_seqpos: renumbering jump 5875 to 3072
core.kinematics.FoldTree: delete_jump_seqpos: deleting jump 3073
core.kinematics.FoldTree: delete_jump_seqpos: renumbering jump 5874 to 3073
core.kinematics.FoldTree: delete_jump_seqpos: deleting jump 3074
core.kinematics.FoldTree: delete_jump_seqpos: renumbering jump 5873 to 3074
core.kinematics.FoldTree: delete_jump_seqpos: deleting jump 3075
core.kinematics.FoldTree: delete_jump_seqpos: renumbering jump 5872 to 3075
core.kinematics.FoldTree: delete_jump_seqpos: deleting jump 3076
core.kinematics.FoldTree: delete_jump_seqpos: renumbering jump 5871 to 3076
core.kinematics.FoldTree: delete_jump_seqpos: deleting jump 3077
core.kinematics.FoldTree: delete_jump_seqpos: renumbering jump 5870 to 3077
core.kinematics.FoldTree: delete_jump_seqpos: deleting jump 3078
core.kinematics.FoldTree: delete_jump_seqpos: renumbering jump 5869 to 3078
core.kinematics.FoldTree: delete_jump_seqpos: deleting jump 3079
core.kinematics.FoldTree: delete_jump_seqpos: renumbering jump 5868 to 3079
core.kinematics.FoldTree: delete_jump_seqpos: deleting jump 3080
core.kinematics.FoldTree: delete_jump_seqpos: renumbering jump 5867 to 3080
core.kinematics.FoldTree: delete_jump_seqpos: deleting jump 3081
core.kinematics.FoldTree: delete_jump_seqpos: renumbering jump 5866 to 3081
core.kinematics.FoldTree: delete_jump_seqpos: deleting jump 3082
core.kinematics.FoldTree: delete_jump_seqpos: renumbering jump 5865 to 3082
core.kinematics.FoldTree: delete_jump_seqpos: deleting jump 3083
core.kinematics.FoldTree: delete_jump_seqpos: renumbering jump 5864 to 3083
core.kinematics.FoldTree: delete_jump_seqpos: deleting jump 3084
core.kinematics.FoldTree: delete_jump_seqpos: renumbering jump 5863 to 3084
core.kinematics.FoldTree: delete_jump_seqpos: deleting jump 3085
core.kinematics.FoldTree: delete_jump_seqpos: renumbering jump 5862 to 3085
core.kinematics.FoldTree: delete_jump_seqpos: deleting jump 3086
core.kinematics.FoldTree: delete_jump_seqpos: renumbering jump 5861 to 3086
core.kinematics.FoldTree: delete_jump_seqpos: deleting jump 3087
core.kinematics.FoldTree: delete_jump_seqpos: renumbering jump 5860 to 3087
core.kinematics.FoldTree: delete_jump_seqpos: deleting jump 3088
core.kinematics.FoldTree: delete_jump_seqpos: renumbering jump 5859 to 3088
core.kinematics.FoldTree: delete_jump_seqpos: deleting jump 3089
core.kinematics.FoldTree: delete_jump_seqpos: renumbering jump 5858 to 3089
core.kinematics.FoldTree: delete_jump_seqpos: deleting jump 3090
core.kinematics.FoldTree: delete_jump_seqpos: renumbering jump 5857 to 3090
core.kinematics.FoldTree: delete_jump_seqpos: deleting jump 3091
core.kinematics.FoldTree: delete_jump_seqpos: renumbering jump 5856 to 3091
core.kinematics.FoldTree: delete_jump_seqpos: deleting jump 3092
core.kinematics.FoldTree: delete_jump_seqpos: renumbering jump 5855 to 3092
core.kinematics.FoldTree: delete_jump_seqpos: deleting jump 3093
core.kinematics.FoldTree: delete_jump_seqpos: renumbering jump 5854 to 3093
core.kinematics.FoldTree: delete_jump_seqpos: deleting jump 3094
core.kinematics.FoldTree: delete_jump_seqpos: renumbering jump 5853 to 3094
core.kinematics.FoldTree: delete_jump_seqpos: deleting jump 3095
core.kinematics.FoldTree: delete_jump_seqpos: renumbering jump 5852 to 3095
core.kinematics.FoldTree: delete_jump_seqpos: deleting jump 3096
core.kinematics.FoldTree: delete_jump_seqpos: renumbering jump 5851 to 3096
core.kinematics.FoldTree: delete_jump_seqpos: deleting jump 3097
core.kinematics.FoldTree: delete_jump_seqpos: renumbering jump 5850 to 3097
core.kinematics.FoldTree: delete_jump_seqpos: deleting jump 3098
core.kinematics.FoldTree: delete_jump_seqpos: renumbering jump 5849 to 3098
core.kinematics.FoldTree: delete_jump_seqpos: deleting jump 3099
core.kinematics.FoldTree: delete_jump_seqpos: renumbering jump 5848 to 3099
core.kinematics.FoldTree: delete_jump_seqpos: deleting jump 3100
core.kinematics.FoldTree: delete_jump_seqpos: renumbering jump 5847 to 3100
core.kinematics.FoldTree: delete_jump_seqpos: deleting jump 3101
core.kinematics.FoldTree: delete_jump_seqpos: renumbering jump 5846 to 3101
core.kinematics.FoldTree: delete_jump_seqpos: deleting jump 3102
core.kinematics.FoldTree: delete_jump_seqpos: renumbering jump 5845 to 3102
core.kinematics.FoldTree: delete_jump_seqpos: deleting jump 3103
core.kinematics.FoldTree: delete_jump_seqpos: renumbering jump 5844 to 3103
core.kinematics.FoldTree: delete_jump_seqpos: deleting jump 3104
core.kinematics.FoldTree: delete_jump_seqpos: renumbering jump 5843 to 3104
core.kinematics.FoldTree: delete_jump_seqpos: deleting jump 3105
core.kinematics.FoldTree: delete_jump_seqpos: renumbering jump 5842 to 3105
core.kinematics.FoldTree: delete_jump_seqpos: deleting jump 3106
core.kinematics.FoldTree: delete_jump_seqpos: renumbering jump 5841 to 3106
core.kinematics.FoldTree: delete_jump_seqpos: deleting jump 3107
core.kinematics.FoldTree: delete_jump_seqpos: renumbering jump 5840 to 3107
core.kinematics.FoldTree: delete_jump_seqpos: deleting jump 3108
core.kinematics.FoldTree: delete_jump_seqpos: renumbering jump 5839 to 3108
core.kinematics.FoldTree: delete_jump_seqpos: deleting jump 3109
core.kinematics.FoldTree: delete_jump_seqpos: renumbering jump 5838 to 3109
core.kinematics.FoldTree: delete_jump_seqpos: deleting jump 3110
core.kinematics.FoldTree: delete_jump_seqpos: renumbering jump 5837 to 3110
core.kinematics.FoldTree: delete_jump_seqpos: deleting jump 3111
core.kinematics.FoldTree: delete_jump_seqpos: renumbering jump 5836 to 3111
core.kinematics.FoldTree: delete_jump_seqpos: deleting jump 3112
core.kinematics.FoldTree: delete_jump_seqpos: renumbering jump 5835 to 3112
core.kinematics.FoldTree: delete_jump_seqpos: deleting jump 3113
core.kinematics.FoldTree: delete_jump_seqpos: renumbering jump 5834 to 3113
core.kinematics.FoldTree: delete_jump_seqpos: deleting jump 3114
core.kinematics.FoldTree: delete_jump_seqpos: renumbering jump 5833 to 3114
core.kinematics.FoldTree: delete_jump_seqpos: deleting jump 3115
core.kinematics.FoldTree: delete_jump_seqpos: renumbering jump 5832 to 3115
core.kinematics.FoldTree: delete_jump_seqpos: deleting jump 3116
core.kinematics.FoldTree: delete_jump_seqpos: renumbering jump 5831 to 3116
core.kinematics.FoldTree: delete_jump_seqpos: deleting jump 3117
core.kinematics.FoldTree: delete_jump_seqpos: renumbering jump 5830 to 3117
core.kinematics.FoldTree: delete_jump_seqpos: deleting jump 3118
core.kinematics.FoldTree: delete_jump_seqpos: renumbering jump 5829 to 3118
core.kinematics.FoldTree: delete_jump_seqpos: deleting jump 3119
core.kinematics.FoldTree: delete_jump_seqpos: renumbering jump 5828 to 3119
core.kinematics.FoldTree: delete_jump_seqpos: deleting jump 3120
core.kinematics.FoldTree: delete_jump_seqpos: renumbering jump 5827 to 3120
core.kinematics.FoldTree: delete_jump_seqpos: deleting jump 3121
core.kinematics.FoldTree: delete_jump_seqpos: renumbering jump 5826 to 3121
core.kinematics.FoldTree: delete_jump_seqpos: deleting jump 3122
core.kinematics.FoldTree: delete_jump_seqpos: renumbering jump 5825 to 3122
core.kinematics.FoldTree: delete_jump_seqpos: deleting jump 3123
core.kinematics.FoldTree: delete_jump_seqpos: renumbering jump 5824 to 3123
core.kinematics.FoldTree: delete_jump_seqpos: deleting jump 3124
core.kinematics.FoldTree: delete_jump_seqpos: renumbering jump 5823 to 3124
core.kinematics.FoldTree: delete_jump_seqpos: deleting jump 3125
core.kinematics.FoldTree: delete_jump_seqpos: renumbering jump 5822 to 3125
core.kinematics.FoldTree: delete_jump_seqpos: deleting jump 3126
core.kinematics.FoldTree: delete_jump_seqpos: renumbering jump 5821 to 3126
core.kinematics.FoldTree: delete_jump_seqpos: deleting jump 3127
core.kinematics.FoldTree: delete_jump_seqpos: renumbering jump 5820 to 3127
core.kinematics.FoldTree: delete_jump_seqpos: deleting jump 3128
core.kinematics.FoldTree: delete_jump_seqpos: renumbering jump 5819 to 3128
core.kinematics.FoldTree: delete_jump_seqpos: deleting jump 3129
core.kinematics.FoldTree: delete_jump_seqpos: renumbering jump 5818 to 3129
core.kinematics.FoldTree: delete_jump_seqpos: deleting jump 3130
core.kinematics.FoldTree: delete_jump_seqpos: renumbering jump 5817 to 3130
core.kinematics.FoldTree: delete_jump_seqpos: deleting jump 3131
core.kinematics.FoldTree: delete_jump_seqpos: renumbering jump 5816 to 3131
core.kinematics.FoldTree: delete_jump_seqpos: deleting jump 3132
core.kinematics.FoldTree: delete_jump_seqpos: renumbering jump 5815 to 3132
core.kinematics.FoldTree: delete_jump_seqpos: deleting jump 3133
core.kinematics.FoldTree: delete_jump_seqpos: renumbering jump 5814 to 3133
core.kinematics.FoldTree: delete_jump_seqpos: deleting jump 3134
core.kinematics.FoldTree: delete_jump_seqpos: renumbering jump 5813 to 3134
core.kinematics.FoldTree: delete_jump_seqpos: deleting jump 3135
core.kinematics.FoldTree: delete_jump_seqpos: renumbering jump 5812 to 3135
core.kinematics.FoldTree: delete_jump_seqpos: deleting jump 3136
core.kinematics.FoldTree: delete_jump_seqpos: renumbering jump 5811 to 3136
core.kinematics.FoldTree: delete_jump_seqpos: deleting jump 3137
core.kinematics.FoldTree: delete_jump_seqpos: renumbering jump 5810 to 3137
core.kinematics.FoldTree: delete_jump_seqpos: deleting jump 3138
core.kinematics.FoldTree: delete_jump_seqpos: renumbering jump 5809 to 3138
core.kinematics.FoldTree: delete_jump_seqpos: deleting jump 3139
core.kinematics.FoldTree: delete_jump_seqpos: renumbering jump 5808 to 3139
core.kinematics.FoldTree: delete_jump_seqpos: deleting jump 3140
core.kinematics.FoldTree: delete_jump_seqpos: renumbering jump 5807 to 3140
core.kinematics.FoldTree: delete_jump_seqpos: deleting jump 3141
core.kinematics.FoldTree: delete_jump_seqpos: renumbering jump 5806 to 3141
core.kinematics.FoldTree: delete_jump_seqpos: deleting jump 3142
core.kinematics.FoldTree: delete_jump_seqpos: renumbering jump 5805 to 3142
core.kinematics.FoldTree: delete_jump_seqpos: deleting jump 3143
core.kinematics.FoldTree: delete_jump_seqpos: renumbering jump 5804 to 3143
core.kinematics.FoldTree: delete_jump_seqpos: deleting jump 3144
core.kinematics.FoldTree: delete_jump_seqpos: renumbering jump 5803 to 3144
core.kinematics.FoldTree: delete_jump_seqpos: deleting jump 3145
core.kinematics.FoldTree: delete_jump_seqpos: renumbering jump 5802 to 3145
core.kinematics.FoldTree: delete_jump_seqpos: deleting jump 3146
core.kinematics.FoldTree: delete_jump_seqpos: renumbering jump 5801 to 3146
core.kinematics.FoldTree: delete_jump_seqpos: deleting jump 3147
core.kinematics.FoldTree: delete_jump_seqpos: renumbering jump 5800 to 3147
core.kinematics.FoldTree: delete_jump_seqpos: deleting jump 3148
core.kinematics.FoldTree: delete_jump_seqpos: renumbering jump 5799 to 3148
core.kinematics.FoldTree: delete_jump_seqpos: deleting jump 3149
core.kinematics.FoldTree: delete_jump_seqpos: renumbering jump 5798 to 3149
core.kinematics.FoldTree: delete_jump_seqpos: deleting jump 3150
core.kinematics.FoldTree: delete_jump_seqpos: renumbering jump 5797 to 3150
core.kinematics.FoldTree: delete_jump_seqpos: deleting jump 3151
core.kinematics.FoldTree: delete_jump_seqpos: renumbering jump 5796 to 3151
core.kinematics.FoldTree: delete_jump_seqpos: deleting jump 3152
core.kinematics.FoldTree: delete_jump_seqpos: renumbering jump 5795 to 3152
core.kinematics.FoldTree: delete_jump_seqpos: deleting jump 3153
core.kinematics.FoldTree: delete_jump_seqpos: renumbering jump 5794 to 3153
core.kinematics.FoldTree: delete_jump_seqpos: deleting jump 3154
core.kinematics.FoldTree: delete_jump_seqpos: renumbering jump 5793 to 3154
core.kinematics.FoldTree: delete_jump_seqpos: deleting jump 3155
core.kinematics.FoldTree: delete_jump_seqpos: renumbering jump 5792 to 3155
core.kinematics.FoldTree: delete_jump_seqpos: deleting jump 3156
core.kinematics.FoldTree: delete_jump_seqpos: renumbering jump 5791 to 3156
core.kinematics.FoldTree: delete_jump_seqpos: deleting jump 3157
core.kinematics.FoldTree: delete_jump_seqpos: renumbering jump 5790 to 3157
core.kinematics.FoldTree: delete_jump_seqpos: deleting jump 3158
core.kinematics.FoldTree: delete_jump_seqpos: renumbering jump 5789 to 3158
core.kinematics.FoldTree: delete_jump_seqpos: deleting jump 3159
core.kinematics.FoldTree: delete_jump_seqpos: renumbering jump 5788 to 3159
core.kinematics.FoldTree: delete_jump_seqpos: deleting jump 3160
core.kinematics.FoldTree: delete_jump_seqpos: renumbering jump 5787 to 3160
core.kinematics.FoldTree: delete_jump_seqpos: deleting jump 3161
core.kinematics.FoldTree: delete_jump_seqpos: renumbering jump 5786 to 3161
core.kinematics.FoldTree: delete_jump_seqpos: deleting jump 3162
core.kinematics.FoldTree: delete_jump_seqpos: renumbering jump 5785 to 3162
core.kinematics.FoldTree: delete_jump_seqpos: deleting jump 3163
core.kinematics.FoldTree: delete_jump_seqpos: renumbering jump 5784 to 3163
core.kinematics.FoldTree: delete_jump_seqpos: deleting jump 3164
core.kinematics.FoldTree: delete_jump_seqpos: renumbering jump 5783 to 3164
core.kinematics.FoldTree: delete_jump_seqpos: deleting jump 3165
core.kinematics.FoldTree: delete_jump_seqpos: renumbering jump 5782 to 3165
core.kinematics.FoldTree: delete_jump_seqpos: deleting jump 3166
core.kinematics.FoldTree: delete_jump_seqpos: renumbering jump 5781 to 3166
core.kinematics.FoldTree: delete_jump_seqpos: deleting jump 3167
core.kinematics.FoldTree: delete_jump_seqpos: renumbering jump 5780 to 3167
core.kinematics.FoldTree: delete_jump_seqpos: deleting jump 3168
core.kinematics.FoldTree: delete_jump_seqpos: renumbering jump 5779 to 3168
core.kinematics.FoldTree: delete_jump_seqpos: deleting jump 3169
core.kinematics.FoldTree: delete_jump_seqpos: renumbering jump 5778 to 3169
core.kinematics.FoldTree: delete_jump_seqpos: deleting jump 3170
core.kinematics.FoldTree: delete_jump_seqpos: renumbering jump 5777 to 3170
core.kinematics.FoldTree: delete_jump_seqpos: deleting jump 3171
core.kinematics.FoldTree: delete_jump_seqpos: renumbering jump 5776 to 3171
core.kinematics.FoldTree: delete_jump_seqpos: deleting jump 3172
core.kinematics.FoldTree: delete_jump_seqpos: renumbering jump 5775 to 3172
core.kinematics.FoldTree: delete_jump_seqpos: deleting jump 3173
core.kinematics.FoldTree: delete_jump_seqpos: renumbering jump 5774 to 3173
core.kinematics.FoldTree: delete_jump_seqpos: deleting jump 3174
core.kinematics.FoldTree: delete_jump_seqpos: renumbering jump 5773 to 3174
core.kinematics.FoldTree: delete_jump_seqpos: deleting jump 3175
core.kinematics.FoldTree: delete_jump_seqpos: renumbering jump 5772 to 3175
core.kinematics.FoldTree: delete_jump_seqpos: deleting jump 3176
core.kinematics.FoldTree: delete_jump_seqpos: renumbering jump 5771 to 3176
core.kinematics.FoldTree: delete_jump_seqpos: deleting jump 3177
core.kinematics.FoldTree: delete_jump_seqpos: renumbering jump 5770 to 3177
core.kinematics.FoldTree: delete_jump_seqpos: deleting jump 3178
core.kinematics.FoldTree: delete_jump_seqpos: renumbering jump 5769 to 3178
core.kinematics.FoldTree: delete_jump_seqpos: deleting jump 3179
core.kinematics.FoldTree: delete_jump_seqpos: renumbering jump 5768 to 3179
core.kinematics.FoldTree: delete_jump_seqpos: deleting jump 3180
core.kinematics.FoldTree: delete_jump_seqpos: renumbering jump 5767 to 3180
core.kinematics.FoldTree: delete_jump_seqpos: deleting jump 3181
core.kinematics.FoldTree: delete_jump_seqpos: renumbering jump 5766 to 3181
core.kinematics.FoldTree: delete_jump_seqpos: deleting jump 3182
core.kinematics.FoldTree: delete_jump_seqpos: renumbering jump 5765 to 3182
core.kinematics.FoldTree: delete_jump_seqpos: deleting jump 3183
core.kinematics.FoldTree: delete_jump_seqpos: renumbering jump 5764 to 3183
core.kinematics.FoldTree: delete_jump_seqpos: deleting jump 3184
core.kinematics.FoldTree: delete_jump_seqpos: renumbering jump 5763 to 3184
core.kinematics.FoldTree: delete_jump_seqpos: deleting jump 3185
core.kinematics.FoldTree: delete_jump_seqpos: renumbering jump 5762 to 3185
core.kinematics.FoldTree: delete_jump_seqpos: deleting jump 3186
core.kinematics.FoldTree: delete_jump_seqpos: renumbering jump 5761 to 3186
core.kinematics.FoldTree: delete_jump_seqpos: deleting jump 3187
core.kinematics.FoldTree: delete_jump_seqpos: renumbering jump 5760 to 3187
core.kinematics.FoldTree: delete_jump_seqpos: deleting jump 3188
core.kinematics.FoldTree: delete_jump_seqpos: renumbering jump 5759 to 3188
core.kinematics.FoldTree: delete_jump_seqpos: deleting jump 3189
core.kinematics.FoldTree: delete_jump_seqpos: renumbering jump 5758 to 3189
core.kinematics.FoldTree: delete_jump_seqpos: deleting jump 3190
core.kinematics.FoldTree: delete_jump_seqpos: renumbering jump 5757 to 3190
core.kinematics.FoldTree: delete_jump_seqpos: deleting jump 3191
core.kinematics.FoldTree: delete_jump_seqpos: renumbering jump 5756 to 3191
core.kinematics.FoldTree: delete_jump_seqpos: deleting jump 3192
core.kinematics.FoldTree: delete_jump_seqpos: renumbering jump 5755 to 3192
core.kinematics.FoldTree: delete_jump_seqpos: deleting jump 3193
core.kinematics.FoldTree: delete_jump_seqpos: renumbering jump 5754 to 3193
core.kinematics.FoldTree: delete_jump_seqpos: deleting jump 3194
core.kinematics.FoldTree: delete_jump_seqpos: renumbering jump 5753 to 3194
core.kinematics.FoldTree: delete_jump_seqpos: deleting jump 3195
core.kinematics.FoldTree: delete_jump_seqpos: renumbering jump 5752 to 3195
core.kinematics.FoldTree: delete_jump_seqpos: deleting jump 3196
core.kinematics.FoldTree: delete_jump_seqpos: renumbering jump 5751 to 3196
core.kinematics.FoldTree: delete_jump_seqpos: deleting jump 3197
core.kinematics.FoldTree: delete_jump_seqpos: renumbering jump 5750 to 3197
core.kinematics.FoldTree: delete_jump_seqpos: deleting jump 3198
core.kinematics.FoldTree: delete_jump_seqpos: renumbering jump 5749 to 3198
core.kinematics.FoldTree: delete_jump_seqpos: deleting jump 3199
core.kinematics.FoldTree: delete_jump_seqpos: renumbering jump 5748 to 3199
core.kinematics.FoldTree: delete_jump_seqpos: deleting jump 3200
core.kinematics.FoldTree: delete_jump_seqpos: renumbering jump 5747 to 3200
core.kinematics.FoldTree: delete_jump_seqpos: deleting jump 3201
core.kinematics.FoldTree: delete_jump_seqpos: renumbering jump 5746 to 3201
core.kinematics.FoldTree: delete_jump_seqpos: deleting jump 3202
core.kinematics.FoldTree: delete_jump_seqpos: renumbering jump 5745 to 3202
core.kinematics.FoldTree: delete_jump_seqpos: deleting jump 3203
core.kinematics.FoldTree: delete_jump_seqpos: renumbering jump 5744 to 3203
core.kinematics.FoldTree: delete_jump_seqpos: deleting jump 3204
core.kinematics.FoldTree: delete_jump_seqpos: renumbering jump 5743 to 3204
core.kinematics.FoldTree: delete_jump_seqpos: deleting jump 3205
core.kinematics.FoldTree: delete_jump_seqpos: renumbering jump 5742 to 3205
core.kinematics.FoldTree: delete_jump_seqpos: deleting jump 3206
core.kinematics.FoldTree: delete_jump_seqpos: renumbering jump 5741 to 3206
core.kinematics.FoldTree: delete_jump_seqpos: deleting jump 3207
core.kinematics.FoldTree: delete_jump_seqpos: renumbering jump 5740 to 3207
core.kinematics.FoldTree: delete_jump_seqpos: deleting jump 3208
core.kinematics.FoldTree: delete_jump_seqpos: renumbering jump 5739 to 3208
core.kinematics.FoldTree: delete_jump_seqpos: deleting jump 3209
core.kinematics.FoldTree: delete_jump_seqpos: renumbering jump 5738 to 3209
core.kinematics.FoldTree: delete_jump_seqpos: deleting jump 3210
core.kinematics.FoldTree: delete_jump_seqpos: renumbering jump 5737 to 3210
core.kinematics.FoldTree: delete_jump_seqpos: deleting jump 3211
core.kinematics.FoldTree: delete_jump_seqpos: renumbering jump 5736 to 3211
core.kinematics.FoldTree: delete_jump_seqpos: deleting jump 3212
core.kinematics.FoldTree: delete_jump_seqpos: renumbering jump 5735 to 3212
core.kinematics.FoldTree: delete_jump_seqpos: deleting jump 3213
core.kinematics.FoldTree: delete_jump_seqpos: renumbering jump 5734 to 3213
core.kinematics.FoldTree: delete_jump_seqpos: deleting jump 3214
core.kinematics.FoldTree: delete_jump_seqpos: renumbering jump 5733 to 3214
core.kinematics.FoldTree: delete_jump_seqpos: deleting jump 3215
core.kinematics.FoldTree: delete_jump_seqpos: renumbering jump 5732 to 3215
core.kinematics.FoldTree: delete_jump_seqpos: deleting jump 3216
core.kinematics.FoldTree: delete_jump_seqpos: renumbering jump 5731 to 3216
core.kinematics.FoldTree: delete_jump_seqpos: deleting jump 3217
core.kinematics.FoldTree: delete_jump_seqpos: renumbering jump 5730 to 3217
core.kinematics.FoldTree: delete_jump_seqpos: deleting jump 3218
core.kinematics.FoldTree: delete_jump_seqpos: renumbering jump 5729 to 3218
core.kinematics.FoldTree: delete_jump_seqpos: deleting jump 3219
core.kinematics.FoldTree: delete_jump_seqpos: renumbering jump 5728 to 3219
core.kinematics.FoldTree: delete_jump_seqpos: deleting jump 3220
core.kinematics.FoldTree: delete_jump_seqpos: renumbering jump 5727 to 3220
core.kinematics.FoldTree: delete_jump_seqpos: deleting jump 3221
core.kinematics.FoldTree: delete_jump_seqpos: renumbering jump 5726 to 3221
core.kinematics.FoldTree: delete_jump_seqpos: deleting jump 3222
core.kinematics.FoldTree: delete_jump_seqpos: renumbering jump 5725 to 3222
core.kinematics.FoldTree: delete_jump_seqpos: deleting jump 3223
core.kinematics.FoldTree: delete_jump_seqpos: renumbering jump 5724 to 3223
core.kinematics.FoldTree: delete_jump_seqpos: deleting jump 3224
core.kinematics.FoldTree: delete_jump_seqpos: renumbering jump 5723 to 3224
core.kinematics.FoldTree: delete_jump_seqpos: deleting jump 3225
core.kinematics.FoldTree: delete_jump_seqpos: renumbering jump 5722 to 3225
core.kinematics.FoldTree: delete_jump_seqpos: deleting jump 3226
core.kinematics.FoldTree: delete_jump_seqpos: renumbering jump 5721 to 3226
core.kinematics.FoldTree: delete_jump_seqpos: deleting jump 3227
core.kinematics.FoldTree: delete_jump_seqpos: renumbering jump 5720 to 3227
core.kinematics.FoldTree: delete_jump_seqpos: deleting jump 3228
core.kinematics.FoldTree: delete_jump_seqpos: renumbering jump 5719 to 3228
core.kinematics.FoldTree: delete_jump_seqpos: deleting jump 3229
core.kinematics.FoldTree: delete_jump_seqpos: renumbering jump 5718 to 3229
core.kinematics.FoldTree: delete_jump_seqpos: deleting jump 3230
core.kinematics.FoldTree: delete_jump_seqpos: renumbering jump 5717 to 3230
core.kinematics.FoldTree: delete_jump_seqpos: deleting jump 3231
core.kinematics.FoldTree: delete_jump_seqpos: renumbering jump 5716 to 3231
core.kinematics.FoldTree: delete_jump_seqpos: deleting jump 3232
core.kinematics.FoldTree: delete_jump_seqpos: renumbering jump 5715 to 3232
core.kinematics.FoldTree: delete_jump_seqpos: deleting jump 3233
core.kinematics.FoldTree: delete_jump_seqpos: renumbering jump 5714 to 3233
core.kinematics.FoldTree: delete_jump_seqpos: deleting jump 3234
core.kinematics.FoldTree: delete_jump_seqpos: renumbering jump 5713 to 3234
core.kinematics.FoldTree: delete_jump_seqpos: deleting jump 3235
core.kinematics.FoldTree: delete_jump_seqpos: renumbering jump 5712 to 3235
core.kinematics.FoldTree: delete_jump_seqpos: deleting jump 3236
core.kinematics.FoldTree: delete_jump_seqpos: renumbering jump 5711 to 3236
core.kinematics.FoldTree: delete_jump_seqpos: deleting jump 3237
core.kinematics.FoldTree: delete_jump_seqpos: renumbering jump 5710 to 3237
core.kinematics.FoldTree: delete_jump_seqpos: deleting jump 3238
core.kinematics.FoldTree: delete_jump_seqpos: renumbering jump 5709 to 3238
core.kinematics.FoldTree: delete_jump_seqpos: deleting jump 3239
core.kinematics.FoldTree: delete_jump_seqpos: renumbering jump 5708 to 3239
core.kinematics.FoldTree: delete_jump_seqpos: deleting jump 3240
core.kinematics.FoldTree: delete_jump_seqpos: renumbering jump 5707 to 3240
core.kinematics.FoldTree: delete_jump_seqpos: deleting jump 3241
core.kinematics.FoldTree: delete_jump_seqpos: renumbering jump 5706 to 3241
core.kinematics.FoldTree: delete_jump_seqpos: deleting jump 3242
core.kinematics.FoldTree: delete_jump_seqpos: renumbering jump 5705 to 3242
core.kinematics.FoldTree: delete_jump_seqpos: deleting jump 3243
core.kinematics.FoldTree: delete_jump_seqpos: renumbering jump 5704 to 3243
core.kinematics.FoldTree: delete_jump_seqpos: deleting jump 3244
core.kinematics.FoldTree: delete_jump_seqpos: renumbering jump 5703 to 3244
core.kinematics.FoldTree: delete_jump_seqpos: deleting jump 3245
core.kinematics.FoldTree: delete_jump_seqpos: renumbering jump 5702 to 3245
core.kinematics.FoldTree: delete_jump_seqpos: deleting jump 3246
core.kinematics.FoldTree: delete_jump_seqpos: renumbering jump 5701 to 3246
core.kinematics.FoldTree: delete_jump_seqpos: deleting jump 3247
core.kinematics.FoldTree: delete_jump_seqpos: renumbering jump 5700 to 3247
core.kinematics.FoldTree: delete_jump_seqpos: deleting jump 3248
core.kinematics.FoldTree: delete_jump_seqpos: renumbering jump 5699 to 3248
core.kinematics.FoldTree: delete_jump_seqpos: deleting jump 3249
core.kinematics.FoldTree: delete_jump_seqpos: renumbering jump 5698 to 3249
core.kinematics.FoldTree: delete_jump_seqpos: deleting jump 3250
core.kinematics.FoldTree: delete_jump_seqpos: renumbering jump 5697 to 3250
core.kinematics.FoldTree: delete_jump_seqpos: deleting jump 3251
core.kinematics.FoldTree: delete_jump_seqpos: renumbering jump 5696 to 3251
core.kinematics.FoldTree: delete_jump_seqpos: deleting jump 3252
core.kinematics.FoldTree: delete_jump_seqpos: renumbering jump 5695 to 3252
core.kinematics.FoldTree: delete_jump_seqpos: deleting jump 3253
core.kinematics.FoldTree: delete_jump_seqpos: renumbering jump 5694 to 3253
core.kinematics.FoldTree: delete_jump_seqpos: deleting jump 3254
core.kinematics.FoldTree: delete_jump_seqpos: renumbering jump 5693 to 3254
core.kinematics.FoldTree: delete_jump_seqpos: deleting jump 3255
core.kinematics.FoldTree: delete_jump_seqpos: renumbering jump 5692 to 3255
core.kinematics.FoldTree: delete_jump_seqpos: deleting jump 3256
core.kinematics.FoldTree: delete_jump_seqpos: renumbering jump 5691 to 3256
core.kinematics.FoldTree: delete_jump_seqpos: deleting jump 3257
core.kinematics.FoldTree: delete_jump_seqpos: renumbering jump 5690 to 3257
core.kinematics.FoldTree: delete_jump_seqpos: deleting jump 3258
core.kinematics.FoldTree: delete_jump_seqpos: renumbering jump 5689 to 3258
core.kinematics.FoldTree: delete_jump_seqpos: deleting jump 3259
core.kinematics.FoldTree: delete_jump_seqpos: renumbering jump 5688 to 3259
core.kinematics.FoldTree: delete_jump_seqpos: deleting jump 3260
core.kinematics.FoldTree: delete_jump_seqpos: renumbering jump 5687 to 3260
core.kinematics.FoldTree: delete_jump_seqpos: deleting jump 3261
core.kinematics.FoldTree: delete_jump_seqpos: renumbering jump 5686 to 3261
core.kinematics.FoldTree: delete_jump_seqpos: deleting jump 3262
core.kinematics.FoldTree: delete_jump_seqpos: renumbering jump 5685 to 3262
core.kinematics.FoldTree: delete_jump_seqpos: deleting jump 3263
core.kinematics.FoldTree: delete_jump_seqpos: renumbering jump 5684 to 3263
core.kinematics.FoldTree: delete_jump_seqpos: deleting jump 3264
core.kinematics.FoldTree: delete_jump_seqpos: renumbering jump 5683 to 3264
core.kinematics.FoldTree: delete_jump_seqpos: deleting jump 3265
core.kinematics.FoldTree: delete_jump_seqpos: renumbering jump 5682 to 3265
core.kinematics.FoldTree: delete_jump_seqpos: deleting jump 3266
core.kinematics.FoldTree: delete_jump_seqpos: renumbering jump 5681 to 3266
core.kinematics.FoldTree: delete_jump_seqpos: deleting jump 3267
core.kinematics.FoldTree: delete_jump_seqpos: renumbering jump 5680 to 3267
core.kinematics.FoldTree: delete_jump_seqpos: deleting jump 3268
core.kinematics.FoldTree: delete_jump_seqpos: renumbering jump 5679 to 3268
core.kinematics.FoldTree: delete_jump_seqpos: deleting jump 3269
core.kinematics.FoldTree: delete_jump_seqpos: renumbering jump 5678 to 3269
core.kinematics.FoldTree: delete_jump_seqpos: deleting jump 3270
core.kinematics.FoldTree: delete_jump_seqpos: renumbering jump 5677 to 3270
core.kinematics.FoldTree: delete_jump_seqpos: deleting jump 3271
core.kinematics.FoldTree: delete_jump_seqpos: renumbering jump 5676 to 3271
core.kinematics.FoldTree: delete_jump_seqpos: deleting jump 3272
core.kinematics.FoldTree: delete_jump_seqpos: renumbering jump 5675 to 3272
core.kinematics.FoldTree: delete_jump_seqpos: deleting jump 3273
core.kinematics.FoldTree: delete_jump_seqpos: renumbering jump 5674 to 3273
core.kinematics.FoldTree: delete_jump_seqpos: deleting jump 3274
core.kinematics.FoldTree: delete_jump_seqpos: renumbering jump 5673 to 3274
core.kinematics.FoldTree: delete_jump_seqpos: deleting jump 3275
core.kinematics.FoldTree: delete_jump_seqpos: renumbering jump 5672 to 3275
core.kinematics.FoldTree: delete_jump_seqpos: deleting jump 3276
core.kinematics.FoldTree: delete_jump_seqpos: renumbering jump 5671 to 3276
core.kinematics.FoldTree: delete_jump_seqpos: deleting jump 3277
core.kinematics.FoldTree: delete_jump_seqpos: renumbering jump 5670 to 3277
core.kinematics.FoldTree: delete_jump_seqpos: deleting jump 3278
core.kinematics.FoldTree: delete_jump_seqpos: renumbering jump 5669 to 3278
core.kinematics.FoldTree: delete_jump_seqpos: deleting jump 3279
core.kinematics.FoldTree: delete_jump_seqpos: renumbering jump 5668 to 3279
core.kinematics.FoldTree: delete_jump_seqpos: deleting jump 3280
core.kinematics.FoldTree: delete_jump_seqpos: renumbering jump 5667 to 3280
core.kinematics.FoldTree: delete_jump_seqpos: deleting jump 3281
core.kinematics.FoldTree: delete_jump_seqpos: renumbering jump 5666 to 3281
core.kinematics.FoldTree: delete_jump_seqpos: deleting jump 3282
core.kinematics.FoldTree: delete_jump_seqpos: renumbering jump 5665 to 3282
core.kinematics.FoldTree: delete_jump_seqpos: deleting jump 3283
core.kinematics.FoldTree: delete_jump_seqpos: renumbering jump 5664 to 3283
core.kinematics.FoldTree: delete_jump_seqpos: deleting jump 3284
core.kinematics.FoldTree: delete_jump_seqpos: renumbering jump 5663 to 3284
core.kinematics.FoldTree: delete_jump_seqpos: deleting jump 3285
core.kinematics.FoldTree: delete_jump_seqpos: renumbering jump 5662 to 3285
core.kinematics.FoldTree: delete_jump_seqpos: deleting jump 3286
core.kinematics.FoldTree: delete_jump_seqpos: renumbering jump 5661 to 3286
core.kinematics.FoldTree: delete_jump_seqpos: deleting jump 3287
core.kinematics.FoldTree: delete_jump_seqpos: renumbering jump 5660 to 3287
core.kinematics.FoldTree: delete_jump_seqpos: deleting jump 3288
core.kinematics.FoldTree: delete_jump_seqpos: renumbering jump 5659 to 3288
core.kinematics.FoldTree: delete_jump_seqpos: deleting jump 3289
core.kinematics.FoldTree: delete_jump_seqpos: renumbering jump 5658 to 3289
core.kinematics.FoldTree: delete_jump_seqpos: deleting jump 3290
core.kinematics.FoldTree: delete_jump_seqpos: renumbering jump 5657 to 3290
core.kinematics.FoldTree: delete_jump_seqpos: deleting jump 3291
core.kinematics.FoldTree: delete_jump_seqpos: renumbering jump 5656 to 3291
core.kinematics.FoldTree: delete_jump_seqpos: deleting jump 3292
core.kinematics.FoldTree: delete_jump_seqpos: renumbering jump 5655 to 3292
core.kinematics.FoldTree: delete_jump_seqpos: deleting jump 3293
core.kinematics.FoldTree: delete_jump_seqpos: renumbering jump 5654 to 3293
core.kinematics.FoldTree: delete_jump_seqpos: deleting jump 3294
core.kinematics.FoldTree: delete_jump_seqpos: renumbering jump 5653 to 3294
core.kinematics.FoldTree: delete_jump_seqpos: deleting jump 3295
core.kinematics.FoldTree: delete_jump_seqpos: renumbering jump 5652 to 3295
core.kinematics.FoldTree: delete_jump_seqpos: deleting jump 3296
core.kinematics.FoldTree: delete_jump_seqpos: renumbering jump 5651 to 3296
core.kinematics.FoldTree: delete_jump_seqpos: deleting jump 3297
core.kinematics.FoldTree: delete_jump_seqpos: renumbering jump 5650 to 3297
core.kinematics.FoldTree: delete_jump_seqpos: deleting jump 3298
core.kinematics.FoldTree: delete_jump_seqpos: renumbering jump 5649 to 3298
core.kinematics.FoldTree: delete_jump_seqpos: deleting jump 3299
core.kinematics.FoldTree: delete_jump_seqpos: renumbering jump 5648 to 3299
core.kinematics.FoldTree: delete_jump_seqpos: deleting jump 3300
core.kinematics.FoldTree: delete_jump_seqpos: renumbering jump 5647 to 3300
core.kinematics.FoldTree: delete_jump_seqpos: deleting jump 3301
core.kinematics.FoldTree: delete_jump_seqpos: renumbering jump 5646 to 3301
core.kinematics.FoldTree: delete_jump_seqpos: deleting jump 3302
core.kinematics.FoldTree: delete_jump_seqpos: renumbering jump 5645 to 3302
core.kinematics.FoldTree: delete_jump_seqpos: deleting jump 3303
core.kinematics.FoldTree: delete_jump_seqpos: renumbering jump 5644 to 3303
core.kinematics.FoldTree: delete_jump_seqpos: deleting jump 3304
core.kinematics.FoldTree: delete_jump_seqpos: renumbering jump 5643 to 3304
core.kinematics.FoldTree: delete_jump_seqpos: deleting jump 3305
core.kinematics.FoldTree: delete_jump_seqpos: renumbering jump 5642 to 3305
core.kinematics.FoldTree: delete_jump_seqpos: deleting jump 3306
core.kinematics.FoldTree: delete_jump_seqpos: renumbering jump 5641 to 3306
core.kinematics.FoldTree: delete_jump_seqpos: deleting jump 3307
core.kinematics.FoldTree: delete_jump_seqpos: renumbering jump 5640 to 3307
core.kinematics.FoldTree: delete_jump_seqpos: deleting jump 3308
core.kinematics.FoldTree: delete_jump_seqpos: renumbering jump 5639 to 3308
core.kinematics.FoldTree: delete_jump_seqpos: deleting jump 3309
core.kinematics.FoldTree: delete_jump_seqpos: renumbering jump 5638 to 3309
core.kinematics.FoldTree: delete_jump_seqpos: deleting jump 3310
core.kinematics.FoldTree: delete_jump_seqpos: renumbering jump 5637 to 3310
core.kinematics.FoldTree: delete_jump_seqpos: deleting jump 3311
core.kinematics.FoldTree: delete_jump_seqpos: renumbering jump 5636 to 3311
core.kinematics.FoldTree: delete_jump_seqpos: deleting jump 3312
core.kinematics.FoldTree: delete_jump_seqpos: renumbering jump 5635 to 3312
core.kinematics.FoldTree: delete_jump_seqpos: deleting jump 3313
core.kinematics.FoldTree: delete_jump_seqpos: renumbering jump 5634 to 3313
core.kinematics.FoldTree: delete_jump_seqpos: deleting jump 3314
core.kinematics.FoldTree: delete_jump_seqpos: renumbering jump 5633 to 3314
core.kinematics.FoldTree: delete_jump_seqpos: deleting jump 3315
core.kinematics.FoldTree: delete_jump_seqpos: renumbering jump 5632 to 3315
core.kinematics.FoldTree: delete_jump_seqpos: deleting jump 3316
core.kinematics.FoldTree: delete_jump_seqpos: renumbering jump 5631 to 3316
core.kinematics.FoldTree: delete_jump_seqpos: deleting jump 3317
core.kinematics.FoldTree: delete_jump_seqpos: renumbering jump 5630 to 3317
core.kinematics.FoldTree: delete_jump_seqpos: deleting jump 3318
core.kinematics.FoldTree: delete_jump_seqpos: renumbering jump 5629 to 3318
core.kinematics.FoldTree: delete_jump_seqpos: deleting jump 3319
core.kinematics.FoldTree: delete_jump_seqpos: renumbering jump 5628 to 3319
core.kinematics.FoldTree: delete_jump_seqpos: deleting jump 3320
core.kinematics.FoldTree: delete_jump_seqpos: renumbering jump 5627 to 3320
core.kinematics.FoldTree: delete_jump_seqpos: deleting jump 3321
core.kinematics.FoldTree: delete_jump_seqpos: renumbering jump 5626 to 3321
core.kinematics.FoldTree: delete_jump_seqpos: deleting jump 3322
core.kinematics.FoldTree: delete_jump_seqpos: renumbering jump 5625 to 3322
core.kinematics.FoldTree: delete_jump_seqpos: deleting jump 3323
core.kinematics.FoldTree: delete_jump_seqpos: renumbering jump 5624 to 3323
core.kinematics.FoldTree: delete_jump_seqpos: deleting jump 3324
core.kinematics.FoldTree: delete_jump_seqpos: renumbering jump 5623 to 3324
core.kinematics.FoldTree: delete_jump_seqpos: deleting jump 3325
core.kinematics.FoldTree: delete_jump_seqpos: renumbering jump 5622 to 3325
core.kinematics.FoldTree: delete_jump_seqpos: deleting jump 3326
core.kinematics.FoldTree: delete_jump_seqpos: renumbering jump 5621 to 3326
core.kinematics.FoldTree: delete_jump_seqpos: deleting jump 3327
core.kinematics.FoldTree: delete_jump_seqpos: renumbering jump 5620 to 3327
core.kinematics.FoldTree: delete_jump_seqpos: deleting jump 3328
core.kinematics.FoldTree: delete_jump_seqpos: renumbering jump 5619 to 3328
core.kinematics.FoldTree: delete_jump_seqpos: deleting jump 3329
core.kinematics.FoldTree: delete_jump_seqpos: renumbering jump 5618 to 3329
core.kinematics.FoldTree: delete_jump_seqpos: deleting jump 3330
core.kinematics.FoldTree: delete_jump_seqpos: renumbering jump 5617 to 3330
core.kinematics.FoldTree: delete_jump_seqpos: deleting jump 3331
core.kinematics.FoldTree: delete_jump_seqpos: renumbering jump 5616 to 3331
core.kinematics.FoldTree: delete_jump_seqpos: deleting jump 3332
core.kinematics.FoldTree: delete_jump_seqpos: renumbering jump 5615 to 3332
core.kinematics.FoldTree: delete_jump_seqpos: deleting jump 3333
core.kinematics.FoldTree: delete_jump_seqpos: renumbering jump 5614 to 3333
core.kinematics.FoldTree: delete_jump_seqpos: deleting jump 3334
core.kinematics.FoldTree: delete_jump_seqpos: renumbering jump 5613 to 3334
core.kinematics.FoldTree: delete_jump_seqpos: deleting jump 3335
core.kinematics.FoldTree: delete_jump_seqpos: renumbering jump 5612 to 3335
core.kinematics.FoldTree: delete_jump_seqpos: deleting jump 3336
core.kinematics.FoldTree: delete_jump_seqpos: renumbering jump 5611 to 3336
core.kinematics.FoldTree: delete_jump_seqpos: deleting jump 3337
core.kinematics.FoldTree: delete_jump_seqpos: renumbering jump 5610 to 3337
core.kinematics.FoldTree: delete_jump_seqpos: deleting jump 3338
core.kinematics.FoldTree: delete_jump_seqpos: renumbering jump 5609 to 3338
core.kinematics.FoldTree: delete_jump_seqpos: deleting jump 3339
core.kinematics.FoldTree: delete_jump_seqpos: renumbering jump 5608 to 3339
core.kinematics.FoldTree: delete_jump_seqpos: deleting jump 3340
core.kinematics.FoldTree: delete_jump_seqpos: renumbering jump 5607 to 3340
core.kinematics.FoldTree: delete_jump_seqpos: deleting jump 3341
core.kinematics.FoldTree: delete_jump_seqpos: renumbering jump 5606 to 3341
core.kinematics.FoldTree: delete_jump_seqpos: deleting jump 3342
core.kinematics.FoldTree: delete_jump_seqpos: renumbering jump 5605 to 3342
core.kinematics.FoldTree: delete_jump_seqpos: deleting jump 3343
core.kinematics.FoldTree: delete_jump_seqpos: renumbering jump 5604 to 3343
core.kinematics.FoldTree: delete_jump_seqpos: deleting jump 3344
core.kinematics.FoldTree: delete_jump_seqpos: renumbering jump 5603 to 3344
core.kinematics.FoldTree: delete_jump_seqpos: deleting jump 3345
core.kinematics.FoldTree: delete_jump_seqpos: renumbering jump 5602 to 3345
core.kinematics.FoldTree: delete_jump_seqpos: deleting jump 3346
core.kinematics.FoldTree: delete_jump_seqpos: renumbering jump 5601 to 3346
core.kinematics.FoldTree: delete_jump_seqpos: deleting jump 3347
core.kinematics.FoldTree: delete_jump_seqpos: renumbering jump 5600 to 3347
core.kinematics.FoldTree: delete_jump_seqpos: deleting jump 3348
core.kinematics.FoldTree: delete_jump_seqpos: renumbering jump 5599 to 3348
core.kinematics.FoldTree: delete_jump_seqpos: deleting jump 3349
core.kinematics.FoldTree: delete_jump_seqpos: renumbering jump 5598 to 3349
core.kinematics.FoldTree: delete_jump_seqpos: deleting jump 3350
core.kinematics.FoldTree: delete_jump_seqpos: renumbering jump 5597 to 3350
core.kinematics.FoldTree: delete_jump_seqpos: deleting jump 3351
core.kinematics.FoldTree: delete_jump_seqpos: renumbering jump 5596 to 3351
core.kinematics.FoldTree: delete_jump_seqpos: deleting jump 3352
core.kinematics.FoldTree: delete_jump_seqpos: renumbering jump 5595 to 3352
core.kinematics.FoldTree: delete_jump_seqpos: deleting jump 3353
core.kinematics.FoldTree: delete_jump_seqpos: renumbering jump 5594 to 3353
core.kinematics.FoldTree: delete_jump_seqpos: deleting jump 3354
core.kinematics.FoldTree: delete_jump_seqpos: renumbering jump 5593 to 3354
core.kinematics.FoldTree: delete_jump_seqpos: deleting jump 3355
core.kinematics.FoldTree: delete_jump_seqpos: renumbering jump 5592 to 3355
core.kinematics.FoldTree: delete_jump_seqpos: deleting jump 3356
core.kinematics.FoldTree: delete_jump_seqpos: renumbering jump 5591 to 3356
core.kinematics.FoldTree: delete_jump_seqpos: deleting jump 3357
core.kinematics.FoldTree: delete_jump_seqpos: renumbering jump 5590 to 3357
core.kinematics.FoldTree: delete_jump_seqpos: deleting jump 3358
core.kinematics.FoldTree: delete_jump_seqpos: renumbering jump 5589 to 3358
core.kinematics.FoldTree: delete_jump_seqpos: deleting jump 3359
core.kinematics.FoldTree: delete_jump_seqpos: renumbering jump 5588 to 3359
core.kinematics.FoldTree: delete_jump_seqpos: deleting jump 3360
core.kinematics.FoldTree: delete_jump_seqpos: renumbering jump 5587 to 3360
core.kinematics.FoldTree: delete_jump_seqpos: deleting jump 3361
core.kinematics.FoldTree: delete_jump_seqpos: renumbering jump 5586 to 3361
core.kinematics.FoldTree: delete_jump_seqpos: deleting jump 3362
core.kinematics.FoldTree: delete_jump_seqpos: renumbering jump 5585 to 3362
core.kinematics.FoldTree: delete_jump_seqpos: deleting jump 3363
core.kinematics.FoldTree: delete_jump_seqpos: renumbering jump 5584 to 3363
core.kinematics.FoldTree: delete_jump_seqpos: deleting jump 3364
core.kinematics.FoldTree: delete_jump_seqpos: renumbering jump 5583 to 3364
core.kinematics.FoldTree: delete_jump_seqpos: deleting jump 3365
core.kinematics.FoldTree: delete_jump_seqpos: renumbering jump 5582 to 3365
core.kinematics.FoldTree: delete_jump_seqpos: deleting jump 3366
core.kinematics.FoldTree: delete_jump_seqpos: renumbering jump 5581 to 3366
core.kinematics.FoldTree: delete_jump_seqpos: deleting jump 3367
core.kinematics.FoldTree: delete_jump_seqpos: renumbering jump 5580 to 3367
core.kinematics.FoldTree: delete_jump_seqpos: deleting jump 3368
core.kinematics.FoldTree: delete_jump_seqpos: renumbering jump 5579 to 3368
core.kinematics.FoldTree: delete_jump_seqpos: deleting jump 3369
core.kinematics.FoldTree: delete_jump_seqpos: renumbering jump 5578 to 3369
core.kinematics.FoldTree: delete_jump_seqpos: deleting jump 3370
core.kinematics.FoldTree: delete_jump_seqpos: renumbering jump 5577 to 3370
core.kinematics.FoldTree: delete_jump_seqpos: deleting jump 3371
core.kinematics.FoldTree: delete_jump_seqpos: renumbering jump 5576 to 3371
core.kinematics.FoldTree: delete_jump_seqpos: deleting jump 3372
core.kinematics.FoldTree: delete_jump_seqpos: renumbering jump 5575 to 3372
core.kinematics.FoldTree: delete_jump_seqpos: deleting jump 3373
core.kinematics.FoldTree: delete_jump_seqpos: renumbering jump 5574 to 3373
core.kinematics.FoldTree: delete_jump_seqpos: deleting jump 3374
core.kinematics.FoldTree: delete_jump_seqpos: renumbering jump 5573 to 3374
core.kinematics.FoldTree: delete_jump_seqpos: deleting jump 3375
core.kinematics.FoldTree: delete_jump_seqpos: renumbering jump 5572 to 3375
core.kinematics.FoldTree: delete_jump_seqpos: deleting jump 3376
core.kinematics.FoldTree: delete_jump_seqpos: renumbering jump 5571 to 3376
core.kinematics.FoldTree: delete_jump_seqpos: deleting jump 3377
core.kinematics.FoldTree: delete_jump_seqpos: renumbering jump 5570 to 3377
core.kinematics.FoldTree: delete_jump_seqpos: deleting jump 3378
core.kinematics.FoldTree: delete_jump_seqpos: renumbering jump 5569 to 3378
core.kinematics.FoldTree: delete_jump_seqpos: deleting jump 3379
core.kinematics.FoldTree: delete_jump_seqpos: renumbering jump 5568 to 3379
core.kinematics.FoldTree: delete_jump_seqpos: deleting jump 3380
core.kinematics.FoldTree: delete_jump_seqpos: renumbering jump 5567 to 3380
core.kinematics.FoldTree: delete_jump_seqpos: deleting jump 3381
core.kinematics.FoldTree: delete_jump_seqpos: renumbering jump 5566 to 3381
core.kinematics.FoldTree: delete_jump_seqpos: deleting jump 3382
core.kinematics.FoldTree: delete_jump_seqpos: renumbering jump 5565 to 3382
core.kinematics.FoldTree: delete_jump_seqpos: deleting jump 3383
core.kinematics.FoldTree: delete_jump_seqpos: renumbering jump 5564 to 3383
core.kinematics.FoldTree: delete_jump_seqpos: deleting jump 3384
core.kinematics.FoldTree: delete_jump_seqpos: renumbering jump 5563 to 3384
core.kinematics.FoldTree: delete_jump_seqpos: deleting jump 3385
core.kinematics.FoldTree: delete_jump_seqpos: renumbering jump 5562 to 3385
core.kinematics.FoldTree: delete_jump_seqpos: deleting jump 3386
core.kinematics.FoldTree: delete_jump_seqpos: renumbering jump 5561 to 3386
core.kinematics.FoldTree: delete_jump_seqpos: deleting jump 3387
core.kinematics.FoldTree: delete_jump_seqpos: renumbering jump 5560 to 3387
core.kinematics.FoldTree: delete_jump_seqpos: deleting jump 3388
core.kinematics.FoldTree: delete_jump_seqpos: renumbering jump 5559 to 3388
core.kinematics.FoldTree: delete_jump_seqpos: deleting jump 3389
core.kinematics.FoldTree: delete_jump_seqpos: renumbering jump 5558 to 3389
core.kinematics.FoldTree: delete_jump_seqpos: deleting jump 3390
core.kinematics.FoldTree: delete_jump_seqpos: renumbering jump 5557 to 3390
core.kinematics.FoldTree: delete_jump_seqpos: deleting jump 3391
core.kinematics.FoldTree: delete_jump_seqpos: renumbering jump 5556 to 3391
core.kinematics.FoldTree: delete_jump_seqpos: deleting jump 3392
core.kinematics.FoldTree: delete_jump_seqpos: renumbering jump 5555 to 3392
core.kinematics.FoldTree: delete_jump_seqpos: deleting jump 3393
core.kinematics.FoldTree: delete_jump_seqpos: renumbering jump 5554 to 3393
core.kinematics.FoldTree: delete_jump_seqpos: deleting jump 3394
core.kinematics.FoldTree: delete_jump_seqpos: renumbering jump 5553 to 3394
core.kinematics.FoldTree: delete_jump_seqpos: deleting jump 3395
core.kinematics.FoldTree: delete_jump_seqpos: renumbering jump 5552 to 3395
core.kinematics.FoldTree: delete_jump_seqpos: deleting jump 3396
core.kinematics.FoldTree: delete_jump_seqpos: renumbering jump 5551 to 3396
core.kinematics.FoldTree: delete_jump_seqpos: deleting jump 3397
core.kinematics.FoldTree: delete_jump_seqpos: renumbering jump 5550 to 3397
core.kinematics.FoldTree: delete_jump_seqpos: deleting jump 3398
core.kinematics.FoldTree: delete_jump_seqpos: renumbering jump 5549 to 3398
core.kinematics.FoldTree: delete_jump_seqpos: deleting jump 3399
core.kinematics.FoldTree: delete_jump_seqpos: renumbering jump 5548 to 3399
core.kinematics.FoldTree: delete_jump_seqpos: deleting jump 3400
core.kinematics.FoldTree: delete_jump_seqpos: renumbering jump 5547 to 3400
core.kinematics.FoldTree: delete_jump_seqpos: deleting jump 3401
core.kinematics.FoldTree: delete_jump_seqpos: renumbering jump 5546 to 3401
core.kinematics.FoldTree: delete_jump_seqpos: deleting jump 3402
core.kinematics.FoldTree: delete_jump_seqpos: renumbering jump 5545 to 3402
core.kinematics.FoldTree: delete_jump_seqpos: deleting jump 3403
core.kinematics.FoldTree: delete_jump_seqpos: renumbering jump 5544 to 3403
core.kinematics.FoldTree: delete_jump_seqpos: deleting jump 3404
core.kinematics.FoldTree: delete_jump_seqpos: renumbering jump 5543 to 3404
core.kinematics.FoldTree: delete_jump_seqpos: deleting jump 3405
core.kinematics.FoldTree: delete_jump_seqpos: renumbering jump 5542 to 3405
core.kinematics.FoldTree: delete_jump_seqpos: deleting jump 3406
core.kinematics.FoldTree: delete_jump_seqpos: renumbering jump 5541 to 3406
core.kinematics.FoldTree: delete_jump_seqpos: deleting jump 3407
core.kinematics.FoldTree: delete_jump_seqpos: renumbering jump 5540 to 3407
core.kinematics.FoldTree: delete_jump_seqpos: deleting jump 3408
core.kinematics.FoldTree: delete_jump_seqpos: renumbering jump 5539 to 3408
core.kinematics.FoldTree: delete_jump_seqpos: deleting jump 3409
core.kinematics.FoldTree: delete_jump_seqpos: renumbering jump 5538 to 3409
core.kinematics.FoldTree: delete_jump_seqpos: deleting jump 3410
core.kinematics.FoldTree: delete_jump_seqpos: renumbering jump 5537 to 3410
core.kinematics.FoldTree: delete_jump_seqpos: deleting jump 3411
core.kinematics.FoldTree: delete_jump_seqpos: renumbering jump 5536 to 3411
core.kinematics.FoldTree: delete_jump_seqpos: deleting jump 3412
core.kinematics.FoldTree: delete_jump_seqpos: renumbering jump 5535 to 3412
core.kinematics.FoldTree: delete_jump_seqpos: deleting jump 3413
core.kinematics.FoldTree: delete_jump_seqpos: renumbering jump 5534 to 3413
core.kinematics.FoldTree: delete_jump_seqpos: deleting jump 3414
core.kinematics.FoldTree: delete_jump_seqpos: renumbering jump 5533 to 3414
core.kinematics.FoldTree: delete_jump_seqpos: deleting jump 3415
core.kinematics.FoldTree: delete_jump_seqpos: renumbering jump 5532 to 3415
core.kinematics.FoldTree: delete_jump_seqpos: deleting jump 3416
core.kinematics.FoldTree: delete_jump_seqpos: renumbering jump 5531 to 3416
core.kinematics.FoldTree: delete_jump_seqpos: deleting jump 3417
core.kinematics.FoldTree: delete_jump_seqpos: renumbering jump 5530 to 3417
core.kinematics.FoldTree: delete_jump_seqpos: deleting jump 3418
core.kinematics.FoldTree: delete_jump_seqpos: renumbering jump 5529 to 3418
core.kinematics.FoldTree: delete_jump_seqpos: deleting jump 3419
core.kinematics.FoldTree: delete_jump_seqpos: renumbering jump 5528 to 3419
core.kinematics.FoldTree: delete_jump_seqpos: deleting jump 3420
core.kinematics.FoldTree: delete_jump_seqpos: renumbering jump 5527 to 3420
core.kinematics.FoldTree: delete_jump_seqpos: deleting jump 3421
core.kinematics.FoldTree: delete_jump_seqpos: renumbering jump 5526 to 3421
core.kinematics.FoldTree: delete_jump_seqpos: deleting jump 3422
core.kinematics.FoldTree: delete_jump_seqpos: renumbering jump 5525 to 3422
core.kinematics.FoldTree: delete_jump_seqpos: deleting jump 3423
core.kinematics.FoldTree: delete_jump_seqpos: renumbering jump 5524 to 3423
core.kinematics.FoldTree: delete_jump_seqpos: deleting jump 3424
core.kinematics.FoldTree: delete_jump_seqpos: renumbering jump 5523 to 3424
core.kinematics.FoldTree: delete_jump_seqpos: deleting jump 3425
core.kinematics.FoldTree: delete_jump_seqpos: renumbering jump 5522 to 3425
core.kinematics.FoldTree: delete_jump_seqpos: deleting jump 3426
core.kinematics.FoldTree: delete_jump_seqpos: renumbering jump 5521 to 3426
core.kinematics.FoldTree: delete_jump_seqpos: deleting jump 3427
core.kinematics.FoldTree: delete_jump_seqpos: renumbering jump 5520 to 3427
core.kinematics.FoldTree: delete_jump_seqpos: deleting jump 3428
core.kinematics.FoldTree: delete_jump_seqpos: renumbering jump 5519 to 3428
core.kinematics.FoldTree: delete_jump_seqpos: deleting jump 3429
core.kinematics.FoldTree: delete_jump_seqpos: renumbering jump 5518 to 3429
core.kinematics.FoldTree: delete_jump_seqpos: deleting jump 3430
core.kinematics.FoldTree: delete_jump_seqpos: renumbering jump 5517 to 3430
core.kinematics.FoldTree: delete_jump_seqpos: deleting jump 3431
core.kinematics.FoldTree: delete_jump_seqpos: renumbering jump 5516 to 3431
core.kinematics.FoldTree: delete_jump_seqpos: deleting jump 3432
core.kinematics.FoldTree: delete_jump_seqpos: renumbering jump 5515 to 3432
core.kinematics.FoldTree: delete_jump_seqpos: deleting jump 3433
core.kinematics.FoldTree: delete_jump_seqpos: renumbering jump 5514 to 3433
core.kinematics.FoldTree: delete_jump_seqpos: deleting jump 3434
core.kinematics.FoldTree: delete_jump_seqpos: renumbering jump 5513 to 3434
core.kinematics.FoldTree: delete_jump_seqpos: deleting jump 3435
core.kinematics.FoldTree: delete_jump_seqpos: renumbering jump 5512 to 3435
core.kinematics.FoldTree: delete_jump_seqpos: deleting jump 3436
core.kinematics.FoldTree: delete_jump_seqpos: renumbering jump 5511 to 3436
core.kinematics.FoldTree: delete_jump_seqpos: deleting jump 3437
core.kinematics.FoldTree: delete_jump_seqpos: renumbering jump 5510 to 3437
core.kinematics.FoldTree: delete_jump_seqpos: deleting jump 3438
core.kinematics.FoldTree: delete_jump_seqpos: renumbering jump 5509 to 3438
core.kinematics.FoldTree: delete_jump_seqpos: deleting jump 3439
core.kinematics.FoldTree: delete_jump_seqpos: renumbering jump 5508 to 3439
core.kinematics.FoldTree: delete_jump_seqpos: deleting jump 3440
core.kinematics.FoldTree: delete_jump_seqpos: renumbering jump 5507 to 3440
core.kinematics.FoldTree: delete_jump_seqpos: deleting jump 3441
core.kinematics.FoldTree: delete_jump_seqpos: renumbering jump 5506 to 3441
core.kinematics.FoldTree: delete_jump_seqpos: deleting jump 3442
core.kinematics.FoldTree: delete_jump_seqpos: renumbering jump 5505 to 3442
core.kinematics.FoldTree: delete_jump_seqpos: deleting jump 3443
core.kinematics.FoldTree: delete_jump_seqpos: renumbering jump 5504 to 3443
core.kinematics.FoldTree: delete_jump_seqpos: deleting jump 3444
core.kinematics.FoldTree: delete_jump_seqpos: renumbering jump 5503 to 3444
core.kinematics.FoldTree: delete_jump_seqpos: deleting jump 3445
core.kinematics.FoldTree: delete_jump_seqpos: renumbering jump 5502 to 3445
core.kinematics.FoldTree: delete_jump_seqpos: deleting jump 3446
core.kinematics.FoldTree: delete_jump_seqpos: renumbering jump 5501 to 3446
core.kinematics.FoldTree: delete_jump_seqpos: deleting jump 3447
core.kinematics.FoldTree: delete_jump_seqpos: renumbering jump 5500 to 3447
core.kinematics.FoldTree: delete_jump_seqpos: deleting jump 3448
core.kinematics.FoldTree: delete_jump_seqpos: renumbering jump 5499 to 3448
core.kinematics.FoldTree: delete_jump_seqpos: deleting jump 3449
core.kinematics.FoldTree: delete_jump_seqpos: renumbering jump 5498 to 3449
core.kinematics.FoldTree: delete_jump_seqpos: deleting jump 3450
core.kinematics.FoldTree: delete_jump_seqpos: renumbering jump 5497 to 3450
core.kinematics.FoldTree: delete_jump_seqpos: deleting jump 3451
core.kinematics.FoldTree: delete_jump_seqpos: renumbering jump 5496 to 3451
core.kinematics.FoldTree: delete_jump_seqpos: deleting jump 3452
core.kinematics.FoldTree: delete_jump_seqpos: renumbering jump 5495 to 3452
core.kinematics.FoldTree: delete_jump_seqpos: deleting jump 3453
core.kinematics.FoldTree: delete_jump_seqpos: renumbering jump 5494 to 3453
core.kinematics.FoldTree: delete_jump_seqpos: deleting jump 3454
core.kinematics.FoldTree: delete_jump_seqpos: renumbering jump 5493 to 3454
core.kinematics.FoldTree: delete_jump_seqpos: deleting jump 3455
core.kinematics.FoldTree: delete_jump_seqpos: renumbering jump 5492 to 3455
core.kinematics.FoldTree: delete_jump_seqpos: deleting jump 3456
core.kinematics.FoldTree: delete_jump_seqpos: renumbering jump 5491 to 3456
core.kinematics.FoldTree: delete_jump_seqpos: deleting jump 3457
core.kinematics.FoldTree: delete_jump_seqpos: renumbering jump 5490 to 3457
core.kinematics.FoldTree: delete_jump_seqpos: deleting jump 3458
core.kinematics.FoldTree: delete_jump_seqpos: renumbering jump 5489 to 3458
core.kinematics.FoldTree: delete_jump_seqpos: deleting jump 3459
core.kinematics.FoldTree: delete_jump_seqpos: renumbering jump 5488 to 3459
core.kinematics.FoldTree: delete_jump_seqpos: deleting jump 3460
core.kinematics.FoldTree: delete_jump_seqpos: renumbering jump 5487 to 3460
core.kinematics.FoldTree: delete_jump_seqpos: deleting jump 3461
core.kinematics.FoldTree: delete_jump_seqpos: renumbering jump 5486 to 3461
core.kinematics.FoldTree: delete_jump_seqpos: deleting jump 3462
core.kinematics.FoldTree: delete_jump_seqpos: renumbering jump 5485 to 3462
core.kinematics.FoldTree: delete_jump_seqpos: deleting jump 3463
core.kinematics.FoldTree: delete_jump_seqpos: renumbering jump 5484 to 3463
core.kinematics.FoldTree: delete_jump_seqpos: deleting jump 3464
core.kinematics.FoldTree: delete_jump_seqpos: renumbering jump 5483 to 3464
core.kinematics.FoldTree: delete_jump_seqpos: deleting jump 3465
core.kinematics.FoldTree: delete_jump_seqpos: renumbering jump 5482 to 3465
core.kinematics.FoldTree: delete_jump_seqpos: deleting jump 3466
core.kinematics.FoldTree: delete_jump_seqpos: renumbering jump 5481 to 3466
core.kinematics.FoldTree: delete_jump_seqpos: deleting jump 3467
core.kinematics.FoldTree: delete_jump_seqpos: renumbering jump 5480 to 3467
core.kinematics.FoldTree: delete_jump_seqpos: deleting jump 3468
core.kinematics.FoldTree: delete_jump_seqpos: renumbering jump 5479 to 3468
core.kinematics.FoldTree: delete_jump_seqpos: deleting jump 3469
core.kinematics.FoldTree: delete_jump_seqpos: renumbering jump 5478 to 3469
core.kinematics.FoldTree: delete_jump_seqpos: deleting jump 3470
core.kinematics.FoldTree: delete_jump_seqpos: renumbering jump 5477 to 3470
core.kinematics.FoldTree: delete_jump_seqpos: deleting jump 3471
core.kinematics.FoldTree: delete_jump_seqpos: renumbering jump 5476 to 3471
core.kinematics.FoldTree: delete_jump_seqpos: deleting jump 3472
core.kinematics.FoldTree: delete_jump_seqpos: renumbering jump 5475 to 3472
core.kinematics.FoldTree: delete_jump_seqpos: deleting jump 3473
core.kinematics.FoldTree: delete_jump_seqpos: renumbering jump 5474 to 3473
core.kinematics.FoldTree: delete_jump_seqpos: deleting jump 3474
core.kinematics.FoldTree: delete_jump_seqpos: renumbering jump 5473 to 3474
core.kinematics.FoldTree: delete_jump_seqpos: deleting jump 3475
core.kinematics.FoldTree: delete_jump_seqpos: renumbering jump 5472 to 3475
core.kinematics.FoldTree: delete_jump_seqpos: deleting jump 3476
core.kinematics.FoldTree: delete_jump_seqpos: renumbering jump 5471 to 3476
core.kinematics.FoldTree: delete_jump_seqpos: deleting jump 3477
core.kinematics.FoldTree: delete_jump_seqpos: renumbering jump 5470 to 3477
core.kinematics.FoldTree: delete_jump_seqpos: deleting jump 3478
core.kinematics.FoldTree: delete_jump_seqpos: renumbering jump 5469 to 3478
core.kinematics.FoldTree: delete_jump_seqpos: deleting jump 3479
core.kinematics.FoldTree: delete_jump_seqpos: renumbering jump 5468 to 3479
core.kinematics.FoldTree: delete_jump_seqpos: deleting jump 3480
core.kinematics.FoldTree: delete_jump_seqpos: renumbering jump 5467 to 3480
core.kinematics.FoldTree: delete_jump_seqpos: deleting jump 3481
core.kinematics.FoldTree: delete_jump_seqpos: renumbering jump 5466 to 3481
core.kinematics.FoldTree: delete_jump_seqpos: deleting jump 3482
core.kinematics.FoldTree: delete_jump_seqpos: renumbering jump 5465 to 3482
core.kinematics.FoldTree: delete_jump_seqpos: deleting jump 3483
core.kinematics.FoldTree: delete_jump_seqpos: renumbering jump 5464 to 3483
core.kinematics.FoldTree: delete_jump_seqpos: deleting jump 3484
core.kinematics.FoldTree: delete_jump_seqpos: renumbering jump 5463 to 3484
core.kinematics.FoldTree: delete_jump_seqpos: deleting jump 3485
core.kinematics.FoldTree: delete_jump_seqpos: renumbering jump 5462 to 3485
core.kinematics.FoldTree: delete_jump_seqpos: deleting jump 3486
core.kinematics.FoldTree: delete_jump_seqpos: renumbering jump 5461 to 3486
core.kinematics.FoldTree: delete_jump_seqpos: deleting jump 3487
core.kinematics.FoldTree: delete_jump_seqpos: renumbering jump 5460 to 3487
core.kinematics.FoldTree: delete_jump_seqpos: deleting jump 3488
core.kinematics.FoldTree: delete_jump_seqpos: renumbering jump 5459 to 3488
core.kinematics.FoldTree: delete_jump_seqpos: deleting jump 3489
core.kinematics.FoldTree: delete_jump_seqpos: renumbering jump 5458 to 3489
core.kinematics.FoldTree: delete_jump_seqpos: deleting jump 3490
core.kinematics.FoldTree: delete_jump_seqpos: renumbering jump 5457 to 3490
core.kinematics.FoldTree: delete_jump_seqpos: deleting jump 3491
core.kinematics.FoldTree: delete_jump_seqpos: renumbering jump 5456 to 3491
core.kinematics.FoldTree: delete_jump_seqpos: deleting jump 3492
core.kinematics.FoldTree: delete_jump_seqpos: renumbering jump 5455 to 3492
core.kinematics.FoldTree: delete_jump_seqpos: deleting jump 3493
core.kinematics.FoldTree: delete_jump_seqpos: renumbering jump 5454 to 3493
core.kinematics.FoldTree: delete_jump_seqpos: deleting jump 3494
core.kinematics.FoldTree: delete_jump_seqpos: renumbering jump 5453 to 3494
core.kinematics.FoldTree: delete_jump_seqpos: deleting jump 3495
core.kinematics.FoldTree: delete_jump_seqpos: renumbering jump 5452 to 3495
core.kinematics.FoldTree: delete_jump_seqpos: deleting jump 3496
core.kinematics.FoldTree: delete_jump_seqpos: renumbering jump 5451 to 3496
core.kinematics.FoldTree: delete_jump_seqpos: deleting jump 3497
core.kinematics.FoldTree: delete_jump_seqpos: renumbering jump 5450 to 3497
core.kinematics.FoldTree: delete_jump_seqpos: deleting jump 3498
core.kinematics.FoldTree: delete_jump_seqpos: renumbering jump 5449 to 3498
core.kinematics.FoldTree: delete_jump_seqpos: deleting jump 3499
core.kinematics.FoldTree: delete_jump_seqpos: renumbering jump 5448 to 3499
core.kinematics.FoldTree: delete_jump_seqpos: deleting jump 3500
core.kinematics.FoldTree: delete_jump_seqpos: renumbering jump 5447 to 3500
core.kinematics.FoldTree: delete_jump_seqpos: deleting jump 3501
core.kinematics.FoldTree: delete_jump_seqpos: renumbering jump 5446 to 3501
core.kinematics.FoldTree: delete_jump_seqpos: deleting jump 3502
core.kinematics.FoldTree: delete_jump_seqpos: renumbering jump 5445 to 3502
core.kinematics.FoldTree: delete_jump_seqpos: deleting jump 3503
core.kinematics.FoldTree: delete_jump_seqpos: renumbering jump 5444 to 3503
core.kinematics.FoldTree: delete_jump_seqpos: deleting jump 3504
core.kinematics.FoldTree: delete_jump_seqpos: renumbering jump 5443 to 3504
core.kinematics.FoldTree: delete_jump_seqpos: deleting jump 3505
core.kinematics.FoldTree: delete_jump_seqpos: renumbering jump 5442 to 3505
core.kinematics.FoldTree: delete_jump_seqpos: deleting jump 3506
core.kinematics.FoldTree: delete_jump_seqpos: renumbering jump 5441 to 3506
core.kinematics.FoldTree: delete_jump_seqpos: deleting jump 3507
core.kinematics.FoldTree: delete_jump_seqpos: renumbering jump 5440 to 3507
core.kinematics.FoldTree: delete_jump_seqpos: deleting jump 3508
core.kinematics.FoldTree: delete_jump_seqpos: renumbering jump 5439 to 3508
core.kinematics.FoldTree: delete_jump_seqpos: deleting jump 3509
core.kinematics.FoldTree: delete_jump_seqpos: renumbering jump 5438 to 3509
core.kinematics.FoldTree: delete_jump_seqpos: deleting jump 3510
core.kinematics.FoldTree: delete_jump_seqpos: renumbering jump 5437 to 3510
core.kinematics.FoldTree: delete_jump_seqpos: deleting jump 3511
core.kinematics.FoldTree: delete_jump_seqpos: renumbering jump 5436 to 3511
core.kinematics.FoldTree: delete_jump_seqpos: deleting jump 3512
core.kinematics.FoldTree: delete_jump_seqpos: renumbering jump 5435 to 3512
core.kinematics.FoldTree: delete_jump_seqpos: deleting jump 3513
core.kinematics.FoldTree: delete_jump_seqpos: renumbering jump 5434 to 3513
core.kinematics.FoldTree: delete_jump_seqpos: deleting jump 3514
core.kinematics.FoldTree: delete_jump_seqpos: renumbering jump 5433 to 3514
core.kinematics.FoldTree: delete_jump_seqpos: deleting jump 3515
core.kinematics.FoldTree: delete_jump_seqpos: renumbering jump 5432 to 3515
core.kinematics.FoldTree: delete_jump_seqpos: deleting jump 3516
core.kinematics.FoldTree: delete_jump_seqpos: renumbering jump 5431 to 3516
core.kinematics.FoldTree: delete_jump_seqpos: deleting jump 3517
core.kinematics.FoldTree: delete_jump_seqpos: renumbering jump 5430 to 3517
core.kinematics.FoldTree: delete_jump_seqpos: deleting jump 3518
core.kinematics.FoldTree: delete_jump_seqpos: renumbering jump 5429 to 3518
core.kinematics.FoldTree: delete_jump_seqpos: deleting jump 3519
core.kinematics.FoldTree: delete_jump_seqpos: renumbering jump 5428 to 3519
core.kinematics.FoldTree: delete_jump_seqpos: deleting jump 3520
core.kinematics.FoldTree: delete_jump_seqpos: renumbering jump 5427 to 3520
core.kinematics.FoldTree: delete_jump_seqpos: deleting jump 3521
core.kinematics.FoldTree: delete_jump_seqpos: renumbering jump 5426 to 3521
core.kinematics.FoldTree: delete_jump_seqpos: deleting jump 3522
core.kinematics.FoldTree: delete_jump_seqpos: renumbering jump 5425 to 3522
core.kinematics.FoldTree: delete_jump_seqpos: deleting jump 3523
core.kinematics.FoldTree: delete_jump_seqpos: renumbering jump 5424 to 3523
core.kinematics.FoldTree: delete_jump_seqpos: deleting jump 3524
core.kinematics.FoldTree: delete_jump_seqpos: renumbering jump 5423 to 3524
core.kinematics.FoldTree: delete_jump_seqpos: deleting jump 3525
core.kinematics.FoldTree: delete_jump_seqpos: renumbering jump 5422 to 3525
core.kinematics.FoldTree: delete_jump_seqpos: deleting jump 3526
core.kinematics.FoldTree: delete_jump_seqpos: renumbering jump 5421 to 3526
core.kinematics.FoldTree: delete_jump_seqpos: deleting jump 3527
core.kinematics.FoldTree: delete_jump_seqpos: renumbering jump 5420 to 3527
core.kinematics.FoldTree: delete_jump_seqpos: deleting jump 3528
core.kinematics.FoldTree: delete_jump_seqpos: renumbering jump 5419 to 3528
core.kinematics.FoldTree: delete_jump_seqpos: deleting jump 3529
core.kinematics.FoldTree: delete_jump_seqpos: renumbering jump 5418 to 3529
core.kinematics.FoldTree: delete_jump_seqpos: deleting jump 3530
core.kinematics.FoldTree: delete_jump_seqpos: renumbering jump 5417 to 3530
core.kinematics.FoldTree: delete_jump_seqpos: deleting jump 3531
core.kinematics.FoldTree: delete_jump_seqpos: renumbering jump 5416 to 3531
core.kinematics.FoldTree: delete_jump_seqpos: deleting jump 3532
core.kinematics.FoldTree: delete_jump_seqpos: renumbering jump 5415 to 3532
core.kinematics.FoldTree: delete_jump_seqpos: deleting jump 3533
core.kinematics.FoldTree: delete_jump_seqpos: renumbering jump 5414 to 3533
core.kinematics.FoldTree: delete_jump_seqpos: deleting jump 3534
core.kinematics.FoldTree: delete_jump_seqpos: renumbering jump 5413 to 3534
core.kinematics.FoldTree: delete_jump_seqpos: deleting jump 3535
core.kinematics.FoldTree: delete_jump_seqpos: renumbering jump 5412 to 3535
core.kinematics.FoldTree: delete_jump_seqpos: deleting jump 3536
core.kinematics.FoldTree: delete_jump_seqpos: renumbering jump 5411 to 3536
core.kinematics.FoldTree: delete_jump_seqpos: deleting jump 3537
core.kinematics.FoldTree: delete_jump_seqpos: renumbering jump 5410 to 3537
core.kinematics.FoldTree: delete_jump_seqpos: deleting jump 3538
core.kinematics.FoldTree: delete_jump_seqpos: renumbering jump 5409 to 3538
core.kinematics.FoldTree: delete_jump_seqpos: deleting jump 3539
core.kinematics.FoldTree: delete_jump_seqpos: renumbering jump 5408 to 3539
core.kinematics.FoldTree: delete_jump_seqpos: deleting jump 3540
core.kinematics.FoldTree: delete_jump_seqpos: renumbering jump 5407 to 3540
core.kinematics.FoldTree: delete_jump_seqpos: deleting jump 3541
core.kinematics.FoldTree: delete_jump_seqpos: renumbering jump 5406 to 3541
core.kinematics.FoldTree: delete_jump_seqpos: deleting jump 3542
core.kinematics.FoldTree: delete_jump_seqpos: renumbering jump 5405 to 3542
core.kinematics.FoldTree: delete_jump_seqpos: deleting jump 3543
core.kinematics.FoldTree: delete_jump_seqpos: renumbering jump 5404 to 3543
core.kinematics.FoldTree: delete_jump_seqpos: deleting jump 3544
core.kinematics.FoldTree: delete_jump_seqpos: renumbering jump 5403 to 3544
core.kinematics.FoldTree: delete_jump_seqpos: deleting jump 3545
core.kinematics.FoldTree: delete_jump_seqpos: renumbering jump 5402 to 3545
core.kinematics.FoldTree: delete_jump_seqpos: deleting jump 3546
core.kinematics.FoldTree: delete_jump_seqpos: renumbering jump 5401 to 3546
core.kinematics.FoldTree: delete_jump_seqpos: deleting jump 3547
core.kinematics.FoldTree: delete_jump_seqpos: renumbering jump 5400 to 3547
core.kinematics.FoldTree: delete_jump_seqpos: deleting jump 3548
core.kinematics.FoldTree: delete_jump_seqpos: renumbering jump 5399 to 3548
core.kinematics.FoldTree: delete_jump_seqpos: deleting jump 3549
core.kinematics.FoldTree: delete_jump_seqpos: renumbering jump 5398 to 3549
core.kinematics.FoldTree: delete_jump_seqpos: deleting jump 3550
core.kinematics.FoldTree: delete_jump_seqpos: renumbering jump 5397 to 3550
core.kinematics.FoldTree: delete_jump_seqpos: deleting jump 3551
core.kinematics.FoldTree: delete_jump_seqpos: renumbering jump 5396 to 3551
core.kinematics.FoldTree: delete_jump_seqpos: deleting jump 3552
core.kinematics.FoldTree: delete_jump_seqpos: renumbering jump 5395 to 3552
core.kinematics.FoldTree: delete_jump_seqpos: deleting jump 3553
core.kinematics.FoldTree: delete_jump_seqpos: renumbering jump 5394 to 3553
core.kinematics.FoldTree: delete_jump_seqpos: deleting jump 3554
core.kinematics.FoldTree: delete_jump_seqpos: renumbering jump 5393 to 3554
core.kinematics.FoldTree: delete_jump_seqpos: deleting jump 3555
core.kinematics.FoldTree: delete_jump_seqpos: renumbering jump 5392 to 3555
core.kinematics.FoldTree: delete_jump_seqpos: deleting jump 3556
core.kinematics.FoldTree: delete_jump_seqpos: renumbering jump 5391 to 3556
core.kinematics.FoldTree: delete_jump_seqpos: deleting jump 3557
core.kinematics.FoldTree: delete_jump_seqpos: renumbering jump 5390 to 3557
core.kinematics.FoldTree: delete_jump_seqpos: deleting jump 3558
core.kinematics.FoldTree: delete_jump_seqpos: renumbering jump 5389 to 3558
core.kinematics.FoldTree: delete_jump_seqpos: deleting jump 3559
core.kinematics.FoldTree: delete_jump_seqpos: renumbering jump 5388 to 3559
core.kinematics.FoldTree: delete_jump_seqpos: deleting jump 3560
core.kinematics.FoldTree: delete_jump_seqpos: renumbering jump 5387 to 3560
core.kinematics.FoldTree: delete_jump_seqpos: deleting jump 3561
core.kinematics.FoldTree: delete_jump_seqpos: renumbering jump 5386 to 3561
core.kinematics.FoldTree: delete_jump_seqpos: deleting jump 3562
core.kinematics.FoldTree: delete_jump_seqpos: renumbering jump 5385 to 3562
core.kinematics.FoldTree: delete_jump_seqpos: deleting jump 3563
core.kinematics.FoldTree: delete_jump_seqpos: renumbering jump 5384 to 3563
core.kinematics.FoldTree: delete_jump_seqpos: deleting jump 3564
core.kinematics.FoldTree: delete_jump_seqpos: renumbering jump 5383 to 3564
core.kinematics.FoldTree: delete_jump_seqpos: deleting jump 3565
core.kinematics.FoldTree: delete_jump_seqpos: renumbering jump 5382 to 3565
core.kinematics.FoldTree: delete_jump_seqpos: deleting jump 3566
core.kinematics.FoldTree: delete_jump_seqpos: renumbering jump 5381 to 3566
core.kinematics.FoldTree: delete_jump_seqpos: deleting jump 3567
core.kinematics.FoldTree: delete_jump_seqpos: renumbering jump 5380 to 3567
core.kinematics.FoldTree: delete_jump_seqpos: deleting jump 3568
core.kinematics.FoldTree: delete_jump_seqpos: renumbering jump 5379 to 3568
core.kinematics.FoldTree: delete_jump_seqpos: deleting jump 3569
core.kinematics.FoldTree: delete_jump_seqpos: renumbering jump 5378 to 3569
core.kinematics.FoldTree: delete_jump_seqpos: deleting jump 3570
core.kinematics.FoldTree: delete_jump_seqpos: renumbering jump 5377 to 3570
core.kinematics.FoldTree: delete_jump_seqpos: deleting jump 3571
core.kinematics.FoldTree: delete_jump_seqpos: renumbering jump 5376 to 3571
core.kinematics.FoldTree: delete_jump_seqpos: deleting jump 3572
core.kinematics.FoldTree: delete_jump_seqpos: renumbering jump 5375 to 3572
core.kinematics.FoldTree: delete_jump_seqpos: deleting jump 3573
core.kinematics.FoldTree: delete_jump_seqpos: renumbering jump 5374 to 3573
core.kinematics.FoldTree: delete_jump_seqpos: deleting jump 3574
core.kinematics.FoldTree: delete_jump_seqpos: renumbering jump 5373 to 3574
core.kinematics.FoldTree: delete_jump_seqpos: deleting jump 3575
core.kinematics.FoldTree: delete_jump_seqpos: renumbering jump 5372 to 3575
core.kinematics.FoldTree: delete_jump_seqpos: deleting jump 3576
core.kinematics.FoldTree: delete_jump_seqpos: renumbering jump 5371 to 3576
core.kinematics.FoldTree: delete_jump_seqpos: deleting jump 3577
core.kinematics.FoldTree: delete_jump_seqpos: renumbering jump 5370 to 3577
core.kinematics.FoldTree: delete_jump_seqpos: deleting jump 3578
core.kinematics.FoldTree: delete_jump_seqpos: renumbering jump 5369 to 3578
core.kinematics.FoldTree: delete_jump_seqpos: deleting jump 3579
core.kinematics.FoldTree: delete_jump_seqpos: renumbering jump 5368 to 3579
core.kinematics.FoldTree: delete_jump_seqpos: deleting jump 3580
core.kinematics.FoldTree: delete_jump_seqpos: renumbering jump 5367 to 3580
core.kinematics.FoldTree: delete_jump_seqpos: deleting jump 3581
core.kinematics.FoldTree: delete_jump_seqpos: renumbering jump 5366 to 3581
core.kinematics.FoldTree: delete_jump_seqpos: deleting jump 3582
core.kinematics.FoldTree: delete_jump_seqpos: renumbering jump 5365 to 3582
core.kinematics.FoldTree: delete_jump_seqpos: deleting jump 3583
core.kinematics.FoldTree: delete_jump_seqpos: renumbering jump 5364 to 3583
core.kinematics.FoldTree: delete_jump_seqpos: deleting jump 3584
core.kinematics.FoldTree: delete_jump_seqpos: renumbering jump 5363 to 3584
core.kinematics.FoldTree: delete_jump_seqpos: deleting jump 3585
core.kinematics.FoldTree: delete_jump_seqpos: renumbering jump 5362 to 3585
core.kinematics.FoldTree: delete_jump_seqpos: deleting jump 3586
core.kinematics.FoldTree: delete_jump_seqpos: renumbering jump 5361 to 3586
core.kinematics.FoldTree: delete_jump_seqpos: deleting jump 3587
core.kinematics.FoldTree: delete_jump_seqpos: renumbering jump 5360 to 3587
core.kinematics.FoldTree: delete_jump_seqpos: deleting jump 3588
core.kinematics.FoldTree: delete_jump_seqpos: renumbering jump 5359 to 3588
core.kinematics.FoldTree: delete_jump_seqpos: deleting jump 3589
core.kinematics.FoldTree: delete_jump_seqpos: renumbering jump 5358 to 3589
core.kinematics.FoldTree: delete_jump_seqpos: deleting jump 3590
core.kinematics.FoldTree: delete_jump_seqpos: renumbering jump 5357 to 3590
core.kinematics.FoldTree: delete_jump_seqpos: deleting jump 3591
core.kinematics.FoldTree: delete_jump_seqpos: renumbering jump 5356 to 3591
core.kinematics.FoldTree: delete_jump_seqpos: deleting jump 3592
core.kinematics.FoldTree: delete_jump_seqpos: renumbering jump 5355 to 3592
core.kinematics.FoldTree: delete_jump_seqpos: deleting jump 3593
core.kinematics.FoldTree: delete_jump_seqpos: renumbering jump 5354 to 3593
core.kinematics.FoldTree: delete_jump_seqpos: deleting jump 3594
core.kinematics.FoldTree: delete_jump_seqpos: renumbering jump 5353 to 3594
core.kinematics.FoldTree: delete_jump_seqpos: deleting jump 3595
core.kinematics.FoldTree: delete_jump_seqpos: renumbering jump 5352 to 3595
core.kinematics.FoldTree: delete_jump_seqpos: deleting jump 3596
core.kinematics.FoldTree: delete_jump_seqpos: renumbering jump 5351 to 3596
core.kinematics.FoldTree: delete_jump_seqpos: deleting jump 3597
core.kinematics.FoldTree: delete_jump_seqpos: renumbering jump 5350 to 3597
core.kinematics.FoldTree: delete_jump_seqpos: deleting jump 3598
core.kinematics.FoldTree: delete_jump_seqpos: renumbering jump 5349 to 3598
core.kinematics.FoldTree: delete_jump_seqpos: deleting jump 3599
core.kinematics.FoldTree: delete_jump_seqpos: renumbering jump 5348 to 3599
core.kinematics.FoldTree: delete_jump_seqpos: deleting jump 3600
core.kinematics.FoldTree: delete_jump_seqpos: renumbering jump 5347 to 3600
core.kinematics.FoldTree: delete_jump_seqpos: deleting jump 3601
core.kinematics.FoldTree: delete_jump_seqpos: renumbering jump 5346 to 3601
core.kinematics.FoldTree: delete_jump_seqpos: deleting jump 3602
core.kinematics.FoldTree: delete_jump_seqpos: renumbering jump 5345 to 3602
core.kinematics.FoldTree: delete_jump_seqpos: deleting jump 3603
core.kinematics.FoldTree: delete_jump_seqpos: renumbering jump 5344 to 3603
core.kinematics.FoldTree: delete_jump_seqpos: deleting jump 3604
core.kinematics.FoldTree: delete_jump_seqpos: renumbering jump 5343 to 3604
core.kinematics.FoldTree: delete_jump_seqpos: deleting jump 3605
core.kinematics.FoldTree: delete_jump_seqpos: renumbering jump 5342 to 3605
core.kinematics.FoldTree: delete_jump_seqpos: deleting jump 3606
core.kinematics.FoldTree: delete_jump_seqpos: renumbering jump 5341 to 3606
core.kinematics.FoldTree: delete_jump_seqpos: deleting jump 3607
core.kinematics.FoldTree: delete_jump_seqpos: renumbering jump 5340 to 3607
core.kinematics.FoldTree: delete_jump_seqpos: deleting jump 3608
core.kinematics.FoldTree: delete_jump_seqpos: renumbering jump 5339 to 3608
core.kinematics.FoldTree: delete_jump_seqpos: deleting jump 3609
core.kinematics.FoldTree: delete_jump_seqpos: renumbering jump 5338 to 3609
core.kinematics.FoldTree: delete_jump_seqpos: deleting jump 3610
core.kinematics.FoldTree: delete_jump_seqpos: renumbering jump 5337 to 3610
core.kinematics.FoldTree: delete_jump_seqpos: deleting jump 3611
core.kinematics.FoldTree: delete_jump_seqpos: renumbering jump 5336 to 3611
core.kinematics.FoldTree: delete_jump_seqpos: deleting jump 3612
core.kinematics.FoldTree: delete_jump_seqpos: renumbering jump 5335 to 3612
core.kinematics.FoldTree: delete_jump_seqpos: deleting jump 3613
core.kinematics.FoldTree: delete_jump_seqpos: renumbering jump 5334 to 3613
core.kinematics.FoldTree: delete_jump_seqpos: deleting jump 3614
core.kinematics.FoldTree: delete_jump_seqpos: renumbering jump 5333 to 3614
core.kinematics.FoldTree: delete_jump_seqpos: deleting jump 3615
core.kinematics.FoldTree: delete_jump_seqpos: renumbering jump 5332 to 3615
core.kinematics.FoldTree: delete_jump_seqpos: deleting jump 3616
core.kinematics.FoldTree: delete_jump_seqpos: renumbering jump 5331 to 3616
core.kinematics.FoldTree: delete_jump_seqpos: deleting jump 3617
core.kinematics.FoldTree: delete_jump_seqpos: renumbering jump 5330 to 3617
core.kinematics.FoldTree: delete_jump_seqpos: deleting jump 3618
core.kinematics.FoldTree: delete_jump_seqpos: renumbering jump 5329 to 3618
core.kinematics.FoldTree: delete_jump_seqpos: deleting jump 3619
core.kinematics.FoldTree: delete_jump_seqpos: renumbering jump 5328 to 3619
core.kinematics.FoldTree: delete_jump_seqpos: deleting jump 3620
core.kinematics.FoldTree: delete_jump_seqpos: renumbering jump 5327 to 3620
core.kinematics.FoldTree: delete_jump_seqpos: deleting jump 3621
core.kinematics.FoldTree: delete_jump_seqpos: renumbering jump 5326 to 3621
core.kinematics.FoldTree: delete_jump_seqpos: deleting jump 3622
core.kinematics.FoldTree: delete_jump_seqpos: renumbering jump 5325 to 3622
core.kinematics.FoldTree: delete_jump_seqpos: deleting jump 3623
core.kinematics.FoldTree: delete_jump_seqpos: renumbering jump 5324 to 3623
core.kinematics.FoldTree: delete_jump_seqpos: deleting jump 3624
core.kinematics.FoldTree: delete_jump_seqpos: renumbering jump 5323 to 3624
core.kinematics.FoldTree: delete_jump_seqpos: deleting jump 3625
core.kinematics.FoldTree: delete_jump_seqpos: renumbering jump 5322 to 3625
core.kinematics.FoldTree: delete_jump_seqpos: deleting jump 3626
core.kinematics.FoldTree: delete_jump_seqpos: renumbering jump 5321 to 3626
core.kinematics.FoldTree: delete_jump_seqpos: deleting jump 3627
core.kinematics.FoldTree: delete_jump_seqpos: renumbering jump 5320 to 3627
core.kinematics.FoldTree: delete_jump_seqpos: deleting jump 3628
core.kinematics.FoldTree: delete_jump_seqpos: renumbering jump 5319 to 3628
core.kinematics.FoldTree: delete_jump_seqpos: deleting jump 3629
core.kinematics.FoldTree: delete_jump_seqpos: renumbering jump 5318 to 3629
core.kinematics.FoldTree: delete_jump_seqpos: deleting jump 3630
core.kinematics.FoldTree: delete_jump_seqpos: renumbering jump 5317 to 3630
core.kinematics.FoldTree: delete_jump_seqpos: deleting jump 3631
core.kinematics.FoldTree: delete_jump_seqpos: renumbering jump 5316 to 3631
core.kinematics.FoldTree: delete_jump_seqpos: deleting jump 3632
core.kinematics.FoldTree: delete_jump_seqpos: renumbering jump 5315 to 3632
core.kinematics.FoldTree: delete_jump_seqpos: deleting jump 3633
core.kinematics.FoldTree: delete_jump_seqpos: renumbering jump 5314 to 3633
core.kinematics.FoldTree: delete_jump_seqpos: deleting jump 3634
core.kinematics.FoldTree: delete_jump_seqpos: renumbering jump 5313 to 3634
core.kinematics.FoldTree: delete_jump_seqpos: deleting jump 3635
core.kinematics.FoldTree: delete_jump_seqpos: renumbering jump 5312 to 3635
core.kinematics.FoldTree: delete_jump_seqpos: deleting jump 3636
core.kinematics.FoldTree: delete_jump_seqpos: renumbering jump 5311 to 3636
core.kinematics.FoldTree: delete_jump_seqpos: deleting jump 3637
core.kinematics.FoldTree: delete_jump_seqpos: renumbering jump 5310 to 3637
core.kinematics.FoldTree: delete_jump_seqpos: deleting jump 3638
core.kinematics.FoldTree: delete_jump_seqpos: renumbering jump 5309 to 3638
core.kinematics.FoldTree: delete_jump_seqpos: deleting jump 3639
core.kinematics.FoldTree: delete_jump_seqpos: renumbering jump 5308 to 3639
core.kinematics.FoldTree: delete_jump_seqpos: deleting jump 3640
core.kinematics.FoldTree: delete_jump_seqpos: renumbering jump 5307 to 3640
core.kinematics.FoldTree: delete_jump_seqpos: deleting jump 3641
core.kinematics.FoldTree: delete_jump_seqpos: renumbering jump 5306 to 3641
core.kinematics.FoldTree: delete_jump_seqpos: deleting jump 3642
core.kinematics.FoldTree: delete_jump_seqpos: renumbering jump 5305 to 3642
core.kinematics.FoldTree: delete_jump_seqpos: deleting jump 3643
core.kinematics.FoldTree: delete_jump_seqpos: renumbering jump 5304 to 3643
core.kinematics.FoldTree: delete_jump_seqpos: deleting jump 3644
core.kinematics.FoldTree: delete_jump_seqpos: renumbering jump 5303 to 3644
core.kinematics.FoldTree: delete_jump_seqpos: deleting jump 3645
core.kinematics.FoldTree: delete_jump_seqpos: renumbering jump 5302 to 3645
core.kinematics.FoldTree: delete_jump_seqpos: deleting jump 3646
core.kinematics.FoldTree: delete_jump_seqpos: renumbering jump 5301 to 3646
core.kinematics.FoldTree: delete_jump_seqpos: deleting jump 3647
core.kinematics.FoldTree: delete_jump_seqpos: renumbering jump 5300 to 3647
core.kinematics.FoldTree: delete_jump_seqpos: deleting jump 3648
core.kinematics.FoldTree: delete_jump_seqpos: renumbering jump 5299 to 3648
core.kinematics.FoldTree: delete_jump_seqpos: deleting jump 3649
core.kinematics.FoldTree: delete_jump_seqpos: renumbering jump 5298 to 3649
core.kinematics.FoldTree: delete_jump_seqpos: deleting jump 3650
core.kinematics.FoldTree: delete_jump_seqpos: renumbering jump 5297 to 3650
core.kinematics.FoldTree: delete_jump_seqpos: deleting jump 3651
core.kinematics.FoldTree: delete_jump_seqpos: renumbering jump 5296 to 3651
core.kinematics.FoldTree: delete_jump_seqpos: deleting jump 3652
core.kinematics.FoldTree: delete_jump_seqpos: renumbering jump 5295 to 3652
core.kinematics.FoldTree: delete_jump_seqpos: deleting jump 3653
core.kinematics.FoldTree: delete_jump_seqpos: renumbering jump 5294 to 3653
core.kinematics.FoldTree: delete_jump_seqpos: deleting jump 3654
core.kinematics.FoldTree: delete_jump_seqpos: renumbering jump 5293 to 3654
core.kinematics.FoldTree: delete_jump_seqpos: deleting jump 3655
core.kinematics.FoldTree: delete_jump_seqpos: renumbering jump 5292 to 3655
core.kinematics.FoldTree: delete_jump_seqpos: deleting jump 3656
core.kinematics.FoldTree: delete_jump_seqpos: renumbering jump 5291 to 3656
core.kinematics.FoldTree: delete_jump_seqpos: deleting jump 3657
core.kinematics.FoldTree: delete_jump_seqpos: renumbering jump 5290 to 3657
core.kinematics.FoldTree: delete_jump_seqpos: deleting jump 3658
core.kinematics.FoldTree: delete_jump_seqpos: renumbering jump 5289 to 3658
core.kinematics.FoldTree: delete_jump_seqpos: deleting jump 3659
core.kinematics.FoldTree: delete_jump_seqpos: renumbering jump 5288 to 3659
core.kinematics.FoldTree: delete_jump_seqpos: deleting jump 3660
core.kinematics.FoldTree: delete_jump_seqpos: renumbering jump 5287 to 3660
core.kinematics.FoldTree: delete_jump_seqpos: deleting jump 3661
core.kinematics.FoldTree: delete_jump_seqpos: renumbering jump 5286 to 3661
core.kinematics.FoldTree: delete_jump_seqpos: deleting jump 3662
core.kinematics.FoldTree: delete_jump_seqpos: renumbering jump 5285 to 3662
core.kinematics.FoldTree: delete_jump_seqpos: deleting jump 3663
core.kinematics.FoldTree: delete_jump_seqpos: renumbering jump 5284 to 3663
core.kinematics.FoldTree: delete_jump_seqpos: deleting jump 3664
core.kinematics.FoldTree: delete_jump_seqpos: renumbering jump 5283 to 3664
core.kinematics.FoldTree: delete_jump_seqpos: deleting jump 3665
core.kinematics.FoldTree: delete_jump_seqpos: renumbering jump 5282 to 3665
core.kinematics.FoldTree: delete_jump_seqpos: deleting jump 3666
core.kinematics.FoldTree: delete_jump_seqpos: renumbering jump 5281 to 3666
core.kinematics.FoldTree: delete_jump_seqpos: deleting jump 3667
core.kinematics.FoldTree: delete_jump_seqpos: renumbering jump 5280 to 3667
core.kinematics.FoldTree: delete_jump_seqpos: deleting jump 3668
core.kinematics.FoldTree: delete_jump_seqpos: renumbering jump 5279 to 3668
core.kinematics.FoldTree: delete_jump_seqpos: deleting jump 3669
core.kinematics.FoldTree: delete_jump_seqpos: renumbering jump 5278 to 3669
core.kinematics.FoldTree: delete_jump_seqpos: deleting jump 3670
core.kinematics.FoldTree: delete_jump_seqpos: renumbering jump 5277 to 3670
core.kinematics.FoldTree: delete_jump_seqpos: deleting jump 3671
core.kinematics.FoldTree: delete_jump_seqpos: renumbering jump 5276 to 3671
core.kinematics.FoldTree: delete_jump_seqpos: deleting jump 3672
core.kinematics.FoldTree: delete_jump_seqpos: renumbering jump 5275 to 3672
core.kinematics.FoldTree: delete_jump_seqpos: deleting jump 3673
core.kinematics.FoldTree: delete_jump_seqpos: renumbering jump 5274 to 3673
core.kinematics.FoldTree: delete_jump_seqpos: deleting jump 3674
core.kinematics.FoldTree: delete_jump_seqpos: renumbering jump 5273 to 3674
core.kinematics.FoldTree: delete_jump_seqpos: deleting jump 3675
core.kinematics.FoldTree: delete_jump_seqpos: renumbering jump 5272 to 3675
core.kinematics.FoldTree: delete_jump_seqpos: deleting jump 3676
core.kinematics.FoldTree: delete_jump_seqpos: renumbering jump 5271 to 3676
core.kinematics.FoldTree: delete_jump_seqpos: deleting jump 3677
core.kinematics.FoldTree: delete_jump_seqpos: renumbering jump 5270 to 3677
core.kinematics.FoldTree: delete_jump_seqpos: deleting jump 3678
core.kinematics.FoldTree: delete_jump_seqpos: renumbering jump 5269 to 3678
core.kinematics.FoldTree: delete_jump_seqpos: deleting jump 3679
core.kinematics.FoldTree: delete_jump_seqpos: renumbering jump 5268 to 3679
core.kinematics.FoldTree: delete_jump_seqpos: deleting jump 3680
core.kinematics.FoldTree: delete_jump_seqpos: renumbering jump 5267 to 3680
core.kinematics.FoldTree: delete_jump_seqpos: deleting jump 3681
core.kinematics.FoldTree: delete_jump_seqpos: renumbering jump 5266 to 3681
core.kinematics.FoldTree: delete_jump_seqpos: deleting jump 3682
core.kinematics.FoldTree: delete_jump_seqpos: renumbering jump 5265 to 3682
core.kinematics.FoldTree: delete_jump_seqpos: deleting jump 3683
core.kinematics.FoldTree: delete_jump_seqpos: renumbering jump 5264 to 3683
core.kinematics.FoldTree: delete_jump_seqpos: deleting jump 3684
core.kinematics.FoldTree: delete_jump_seqpos: renumbering jump 5263 to 3684
core.kinematics.FoldTree: delete_jump_seqpos: deleting jump 3685
core.kinematics.FoldTree: delete_jump_seqpos: renumbering jump 5262 to 3685
core.kinematics.FoldTree: delete_jump_seqpos: deleting jump 3686
core.kinematics.FoldTree: delete_jump_seqpos: renumbering jump 5261 to 3686
core.kinematics.FoldTree: delete_jump_seqpos: deleting jump 3687
core.kinematics.FoldTree: delete_jump_seqpos: renumbering jump 5260 to 3687
core.kinematics.FoldTree: delete_jump_seqpos: deleting jump 3688
core.kinematics.FoldTree: delete_jump_seqpos: renumbering jump 5259 to 3688
core.kinematics.FoldTree: delete_jump_seqpos: deleting jump 3689
core.kinematics.FoldTree: delete_jump_seqpos: renumbering jump 5258 to 3689
core.kinematics.FoldTree: delete_jump_seqpos: deleting jump 3690
core.kinematics.FoldTree: delete_jump_seqpos: renumbering jump 5257 to 3690
core.kinematics.FoldTree: delete_jump_seqpos: deleting jump 3691
core.kinematics.FoldTree: delete_jump_seqpos: renumbering jump 5256 to 3691
core.kinematics.FoldTree: delete_jump_seqpos: deleting jump 3692
core.kinematics.FoldTree: delete_jump_seqpos: renumbering jump 5255 to 3692
core.kinematics.FoldTree: delete_jump_seqpos: deleting jump 3693
core.kinematics.FoldTree: delete_jump_seqpos: renumbering jump 5254 to 3693
core.kinematics.FoldTree: delete_jump_seqpos: deleting jump 3694
core.kinematics.FoldTree: delete_jump_seqpos: renumbering jump 5253 to 3694
core.kinematics.FoldTree: delete_jump_seqpos: deleting jump 3695
core.kinematics.FoldTree: delete_jump_seqpos: renumbering jump 5252 to 3695
core.kinematics.FoldTree: delete_jump_seqpos: deleting jump 3696
core.kinematics.FoldTree: delete_jump_seqpos: renumbering jump 5251 to 3696
core.kinematics.FoldTree: delete_jump_seqpos: deleting jump 3697
core.kinematics.FoldTree: delete_jump_seqpos: renumbering jump 5250 to 3697
core.kinematics.FoldTree: delete_jump_seqpos: deleting jump 3698
core.kinematics.FoldTree: delete_jump_seqpos: renumbering jump 5249 to 3698
core.kinematics.FoldTree: delete_jump_seqpos: deleting jump 3699
core.kinematics.FoldTree: delete_jump_seqpos: renumbering jump 5248 to 3699
core.kinematics.FoldTree: delete_jump_seqpos: deleting jump 3700
core.kinematics.FoldTree: delete_jump_seqpos: renumbering jump 5247 to 3700
core.kinematics.FoldTree: delete_jump_seqpos: deleting jump 3701
core.kinematics.FoldTree: delete_jump_seqpos: renumbering jump 5246 to 3701
core.kinematics.FoldTree: delete_jump_seqpos: deleting jump 3702
core.kinematics.FoldTree: delete_jump_seqpos: renumbering jump 5245 to 3702
core.kinematics.FoldTree: delete_jump_seqpos: deleting jump 3703
core.kinematics.FoldTree: delete_jump_seqpos: renumbering jump 5244 to 3703
core.kinematics.FoldTree: delete_jump_seqpos: deleting jump 3704
core.kinematics.FoldTree: delete_jump_seqpos: renumbering jump 5243 to 3704
core.kinematics.FoldTree: delete_jump_seqpos: deleting jump 3705
core.kinematics.FoldTree: delete_jump_seqpos: renumbering jump 5242 to 3705
core.kinematics.FoldTree: delete_jump_seqpos: deleting jump 3706
core.kinematics.FoldTree: delete_jump_seqpos: renumbering jump 5241 to 3706
core.kinematics.FoldTree: delete_jump_seqpos: deleting jump 3707
core.kinematics.FoldTree: delete_jump_seqpos: renumbering jump 5240 to 3707
core.kinematics.FoldTree: delete_jump_seqpos: deleting jump 3708
core.kinematics.FoldTree: delete_jump_seqpos: renumbering jump 5239 to 3708
core.kinematics.FoldTree: delete_jump_seqpos: deleting jump 3709
core.kinematics.FoldTree: delete_jump_seqpos: renumbering jump 5238 to 3709
core.kinematics.FoldTree: delete_jump_seqpos: deleting jump 3710
core.kinematics.FoldTree: delete_jump_seqpos: renumbering jump 5237 to 3710
core.kinematics.FoldTree: delete_jump_seqpos: deleting jump 3711
core.kinematics.FoldTree: delete_jump_seqpos: renumbering jump 5236 to 3711
core.kinematics.FoldTree: delete_jump_seqpos: deleting jump 3712
core.kinematics.FoldTree: delete_jump_seqpos: renumbering jump 5235 to 3712
core.kinematics.FoldTree: delete_jump_seqpos: deleting jump 3713
core.kinematics.FoldTree: delete_jump_seqpos: renumbering jump 5234 to 3713
core.kinematics.FoldTree: delete_jump_seqpos: deleting jump 3714
core.kinematics.FoldTree: delete_jump_seqpos: renumbering jump 5233 to 3714
core.kinematics.FoldTree: delete_jump_seqpos: deleting jump 3715
core.kinematics.FoldTree: delete_jump_seqpos: renumbering jump 5232 to 3715
core.kinematics.FoldTree: delete_jump_seqpos: deleting jump 3716
core.kinematics.FoldTree: delete_jump_seqpos: renumbering jump 5231 to 3716
core.kinematics.FoldTree: delete_jump_seqpos: deleting jump 3717
core.kinematics.FoldTree: delete_jump_seqpos: renumbering jump 5230 to 3717
core.kinematics.FoldTree: delete_jump_seqpos: deleting jump 3718
core.kinematics.FoldTree: delete_jump_seqpos: renumbering jump 5229 to 3718
core.kinematics.FoldTree: delete_jump_seqpos: deleting jump 3719
core.kinematics.FoldTree: delete_jump_seqpos: renumbering jump 5228 to 3719
core.kinematics.FoldTree: delete_jump_seqpos: deleting jump 3720
core.kinematics.FoldTree: delete_jump_seqpos: renumbering jump 5227 to 3720
core.kinematics.FoldTree: delete_jump_seqpos: deleting jump 3721
core.kinematics.FoldTree: delete_jump_seqpos: renumbering jump 5226 to 3721
core.kinematics.FoldTree: delete_jump_seqpos: deleting jump 3722
core.kinematics.FoldTree: delete_jump_seqpos: renumbering jump 5225 to 3722
core.kinematics.FoldTree: delete_jump_seqpos: deleting jump 3723
core.kinematics.FoldTree: delete_jump_seqpos: renumbering jump 5224 to 3723
core.kinematics.FoldTree: delete_jump_seqpos: deleting jump 3724
core.kinematics.FoldTree: delete_jump_seqpos: renumbering jump 5223 to 3724
core.kinematics.FoldTree: delete_jump_seqpos: deleting jump 3725
core.kinematics.FoldTree: delete_jump_seqpos: renumbering jump 5222 to 3725
core.kinematics.FoldTree: delete_jump_seqpos: deleting jump 3726
core.kinematics.FoldTree: delete_jump_seqpos: renumbering jump 5221 to 3726
core.kinematics.FoldTree: delete_jump_seqpos: deleting jump 3727
core.kinematics.FoldTree: delete_jump_seqpos: renumbering jump 5220 to 3727
core.kinematics.FoldTree: delete_jump_seqpos: deleting jump 3728
core.kinematics.FoldTree: delete_jump_seqpos: renumbering jump 5219 to 3728
core.kinematics.FoldTree: delete_jump_seqpos: deleting jump 3729
core.kinematics.FoldTree: delete_jump_seqpos: renumbering jump 5218 to 3729
core.kinematics.FoldTree: delete_jump_seqpos: deleting jump 3730
core.kinematics.FoldTree: delete_jump_seqpos: renumbering jump 5217 to 3730
core.kinematics.FoldTree: delete_jump_seqpos: deleting jump 3731
core.kinematics.FoldTree: delete_jump_seqpos: renumbering jump 5216 to 3731
core.kinematics.FoldTree: delete_jump_seqpos: deleting jump 3732
core.kinematics.FoldTree: delete_jump_seqpos: renumbering jump 5215 to 3732
core.kinematics.FoldTree: delete_jump_seqpos: deleting jump 3733
core.kinematics.FoldTree: delete_jump_seqpos: renumbering jump 5214 to 3733
core.kinematics.FoldTree: delete_jump_seqpos: deleting jump 3734
core.kinematics.FoldTree: delete_jump_seqpos: renumbering jump 5213 to 3734
core.kinematics.FoldTree: delete_jump_seqpos: deleting jump 3735
core.kinematics.FoldTree: delete_jump_seqpos: renumbering jump 5212 to 3735
core.kinematics.FoldTree: delete_jump_seqpos: deleting jump 3736
core.kinematics.FoldTree: delete_jump_seqpos: renumbering jump 5211 to 3736
core.kinematics.FoldTree: delete_jump_seqpos: deleting jump 3737
core.kinematics.FoldTree: delete_jump_seqpos: renumbering jump 5210 to 3737
core.kinematics.FoldTree: delete_jump_seqpos: deleting jump 3738
core.kinematics.FoldTree: delete_jump_seqpos: renumbering jump 5209 to 3738
core.kinematics.FoldTree: delete_jump_seqpos: deleting jump 3739
core.kinematics.FoldTree: delete_jump_seqpos: renumbering jump 5208 to 3739
core.kinematics.FoldTree: delete_jump_seqpos: deleting jump 3740
core.kinematics.FoldTree: delete_jump_seqpos: renumbering jump 5207 to 3740
core.kinematics.FoldTree: delete_jump_seqpos: deleting jump 3741
core.kinematics.FoldTree: delete_jump_seqpos: renumbering jump 5206 to 3741
core.kinematics.FoldTree: delete_jump_seqpos: deleting jump 3742
core.kinematics.FoldTree: delete_jump_seqpos: renumbering jump 5205 to 3742
core.kinematics.FoldTree: delete_jump_seqpos: deleting jump 3743
core.kinematics.FoldTree: delete_jump_seqpos: renumbering jump 5204 to 3743
core.kinematics.FoldTree: delete_jump_seqpos: deleting jump 3744
core.kinematics.FoldTree: delete_jump_seqpos: renumbering jump 5203 to 3744
core.kinematics.FoldTree: delete_jump_seqpos: deleting jump 3745
core.kinematics.FoldTree: delete_jump_seqpos: renumbering jump 5202 to 3745
core.kinematics.FoldTree: delete_jump_seqpos: deleting jump 3746
core.kinematics.FoldTree: delete_jump_seqpos: renumbering jump 5201 to 3746
core.kinematics.FoldTree: delete_jump_seqpos: deleting jump 3747
core.kinematics.FoldTree: delete_jump_seqpos: renumbering jump 5200 to 3747
core.kinematics.FoldTree: delete_jump_seqpos: deleting jump 3748
core.kinematics.FoldTree: delete_jump_seqpos: renumbering jump 5199 to 3748
core.kinematics.FoldTree: delete_jump_seqpos: deleting jump 3749
core.kinematics.FoldTree: delete_jump_seqpos: renumbering jump 5198 to 3749
core.kinematics.FoldTree: delete_jump_seqpos: deleting jump 3750
core.kinematics.FoldTree: delete_jump_seqpos: renumbering jump 5197 to 3750
core.kinematics.FoldTree: delete_jump_seqpos: deleting jump 3751
core.kinematics.FoldTree: delete_jump_seqpos: renumbering jump 5196 to 3751
core.kinematics.FoldTree: delete_jump_seqpos: deleting jump 3752
core.kinematics.FoldTree: delete_jump_seqpos: renumbering jump 5195 to 3752
core.kinematics.FoldTree: delete_jump_seqpos: deleting jump 3753
core.kinematics.FoldTree: delete_jump_seqpos: renumbering jump 5194 to 3753
core.kinematics.FoldTree: delete_jump_seqpos: deleting jump 3754
core.kinematics.FoldTree: delete_jump_seqpos: renumbering jump 5193 to 3754
core.kinematics.FoldTree: delete_jump_seqpos: deleting jump 3755
core.kinematics.FoldTree: delete_jump_seqpos: renumbering jump 5192 to 3755
core.kinematics.FoldTree: delete_jump_seqpos: deleting jump 3756
core.kinematics.FoldTree: delete_jump_seqpos: renumbering jump 5191 to 3756
core.kinematics.FoldTree: delete_jump_seqpos: deleting jump 3757
core.kinematics.FoldTree: delete_jump_seqpos: renumbering jump 5190 to 3757
core.kinematics.FoldTree: delete_jump_seqpos: deleting jump 3758
core.kinematics.FoldTree: delete_jump_seqpos: renumbering jump 5189 to 3758
core.kinematics.FoldTree: delete_jump_seqpos: deleting jump 3759
core.kinematics.FoldTree: delete_jump_seqpos: renumbering jump 5188 to 3759
core.kinematics.FoldTree: delete_jump_seqpos: deleting jump 3760
core.kinematics.FoldTree: delete_jump_seqpos: renumbering jump 5187 to 3760
core.kinematics.FoldTree: delete_jump_seqpos: deleting jump 3761
core.kinematics.FoldTree: delete_jump_seqpos: renumbering jump 5186 to 3761
core.kinematics.FoldTree: delete_jump_seqpos: deleting jump 3762
core.kinematics.FoldTree: delete_jump_seqpos: renumbering jump 5185 to 3762
core.kinematics.FoldTree: delete_jump_seqpos: deleting jump 3763
core.kinematics.FoldTree: delete_jump_seqpos: renumbering jump 5184 to 3763
core.kinematics.FoldTree: delete_jump_seqpos: deleting jump 3764
core.kinematics.FoldTree: delete_jump_seqpos: renumbering jump 5183 to 3764
core.kinematics.FoldTree: delete_jump_seqpos: deleting jump 3765
core.kinematics.FoldTree: delete_jump_seqpos: renumbering jump 5182 to 3765
core.kinematics.FoldTree: delete_jump_seqpos: deleting jump 3766
core.kinematics.FoldTree: delete_jump_seqpos: renumbering jump 5181 to 3766
core.kinematics.FoldTree: delete_jump_seqpos: deleting jump 3767
core.kinematics.FoldTree: delete_jump_seqpos: renumbering jump 5180 to 3767
core.kinematics.FoldTree: delete_jump_seqpos: deleting jump 3768
core.kinematics.FoldTree: delete_jump_seqpos: renumbering jump 5179 to 3768
core.kinematics.FoldTree: delete_jump_seqpos: deleting jump 3769
core.kinematics.FoldTree: delete_jump_seqpos: renumbering jump 5178 to 3769
core.kinematics.FoldTree: delete_jump_seqpos: deleting jump 3770
core.kinematics.FoldTree: delete_jump_seqpos: renumbering jump 5177 to 3770
core.kinematics.FoldTree: delete_jump_seqpos: deleting jump 3771
core.kinematics.FoldTree: delete_jump_seqpos: renumbering jump 5176 to 3771
core.kinematics.FoldTree: delete_jump_seqpos: deleting jump 3772
core.kinematics.FoldTree: delete_jump_seqpos: renumbering jump 5175 to 3772
core.kinematics.FoldTree: delete_jump_seqpos: deleting jump 3773
core.kinematics.FoldTree: delete_jump_seqpos: renumbering jump 5174 to 3773
core.kinematics.FoldTree: delete_jump_seqpos: deleting jump 3774
core.kinematics.FoldTree: delete_jump_seqpos: renumbering jump 5173 to 3774
core.kinematics.FoldTree: delete_jump_seqpos: deleting jump 3775
core.kinematics.FoldTree: delete_jump_seqpos: renumbering jump 5172 to 3775
core.kinematics.FoldTree: delete_jump_seqpos: deleting jump 3776
core.kinematics.FoldTree: delete_jump_seqpos: renumbering jump 5171 to 3776
core.kinematics.FoldTree: delete_jump_seqpos: deleting jump 3777
core.kinematics.FoldTree: delete_jump_seqpos: renumbering jump 5170 to 3777
core.kinematics.FoldTree: delete_jump_seqpos: deleting jump 3778
core.kinematics.FoldTree: delete_jump_seqpos: renumbering jump 5169 to 3778
core.kinematics.FoldTree: delete_jump_seqpos: deleting jump 3779
core.kinematics.FoldTree: delete_jump_seqpos: renumbering jump 5168 to 3779
core.kinematics.FoldTree: delete_jump_seqpos: deleting jump 3780
core.kinematics.FoldTree: delete_jump_seqpos: renumbering jump 5167 to 3780
core.kinematics.FoldTree: delete_jump_seqpos: deleting jump 3781
core.kinematics.FoldTree: delete_jump_seqpos: renumbering jump 5166 to 3781
core.kinematics.FoldTree: delete_jump_seqpos: deleting jump 3782
core.kinematics.FoldTree: delete_jump_seqpos: renumbering jump 5165 to 3782
core.kinematics.FoldTree: delete_jump_seqpos: deleting jump 3783
core.kinematics.FoldTree: delete_jump_seqpos: renumbering jump 5164 to 3783
core.kinematics.FoldTree: delete_jump_seqpos: deleting jump 3784
core.kinematics.FoldTree: delete_jump_seqpos: renumbering jump 5163 to 3784
core.kinematics.FoldTree: delete_jump_seqpos: deleting jump 3785
core.kinematics.FoldTree: delete_jump_seqpos: renumbering jump 5162 to 3785
core.kinematics.FoldTree: delete_jump_seqpos: deleting jump 3786
core.kinematics.FoldTree: delete_jump_seqpos: renumbering jump 5161 to 3786
core.kinematics.FoldTree: delete_jump_seqpos: deleting jump 3787
core.kinematics.FoldTree: delete_jump_seqpos: renumbering jump 5160 to 3787
core.kinematics.FoldTree: delete_jump_seqpos: deleting jump 3788
core.kinematics.FoldTree: delete_jump_seqpos: renumbering jump 5159 to 3788
core.kinematics.FoldTree: delete_jump_seqpos: deleting jump 3789
core.kinematics.FoldTree: delete_jump_seqpos: renumbering jump 5158 to 3789
core.kinematics.FoldTree: delete_jump_seqpos: deleting jump 3790
core.kinematics.FoldTree: delete_jump_seqpos: renumbering jump 5157 to 3790
core.kinematics.FoldTree: delete_jump_seqpos: deleting jump 3791
core.kinematics.FoldTree: delete_jump_seqpos: renumbering jump 5156 to 3791
core.kinematics.FoldTree: delete_jump_seqpos: deleting jump 3792
core.kinematics.FoldTree: delete_jump_seqpos: renumbering jump 5155 to 3792
core.kinematics.FoldTree: delete_jump_seqpos: deleting jump 3793
core.kinematics.FoldTree: delete_jump_seqpos: renumbering jump 5154 to 3793
core.kinematics.FoldTree: delete_jump_seqpos: deleting jump 3794
core.kinematics.FoldTree: delete_jump_seqpos: renumbering jump 5153 to 3794
core.kinematics.FoldTree: delete_jump_seqpos: deleting jump 3795
core.kinematics.FoldTree: delete_jump_seqpos: renumbering jump 5152 to 3795
core.kinematics.FoldTree: delete_jump_seqpos: deleting jump 3796
core.kinematics.FoldTree: delete_jump_seqpos: renumbering jump 5151 to 3796
core.kinematics.FoldTree: delete_jump_seqpos: deleting jump 3797
core.kinematics.FoldTree: delete_jump_seqpos: renumbering jump 5150 to 3797
core.kinematics.FoldTree: delete_jump_seqpos: deleting jump 3798
core.kinematics.FoldTree: delete_jump_seqpos: renumbering jump 5149 to 3798
core.kinematics.FoldTree: delete_jump_seqpos: deleting jump 3799
core.kinematics.FoldTree: delete_jump_seqpos: renumbering jump 5148 to 3799
core.kinematics.FoldTree: delete_jump_seqpos: deleting jump 3800
core.kinematics.FoldTree: delete_jump_seqpos: renumbering jump 5147 to 3800
core.kinematics.FoldTree: delete_jump_seqpos: deleting jump 3801
core.kinematics.FoldTree: delete_jump_seqpos: renumbering jump 5146 to 3801
core.kinematics.FoldTree: delete_jump_seqpos: deleting jump 3802
core.kinematics.FoldTree: delete_jump_seqpos: renumbering jump 5145 to 3802
core.kinematics.FoldTree: delete_jump_seqpos: deleting jump 3803
core.kinematics.FoldTree: delete_jump_seqpos: renumbering jump 5144 to 3803
core.kinematics.FoldTree: delete_jump_seqpos: deleting jump 3804
core.kinematics.FoldTree: delete_jump_seqpos: renumbering jump 5143 to 3804
core.kinematics.FoldTree: delete_jump_seqpos: deleting jump 3805
core.kinematics.FoldTree: delete_jump_seqpos: renumbering jump 5142 to 3805
core.kinematics.FoldTree: delete_jump_seqpos: deleting jump 3806
core.kinematics.FoldTree: delete_jump_seqpos: renumbering jump 5141 to 3806
core.kinematics.FoldTree: delete_jump_seqpos: deleting jump 3807
core.kinematics.FoldTree: delete_jump_seqpos: renumbering jump 5140 to 3807
core.kinematics.FoldTree: delete_jump_seqpos: deleting jump 3808
core.kinematics.FoldTree: delete_jump_seqpos: renumbering jump 5139 to 3808
core.kinematics.FoldTree: delete_jump_seqpos: deleting jump 3809
core.kinematics.FoldTree: delete_jump_seqpos: renumbering jump 5138 to 3809
core.kinematics.FoldTree: delete_jump_seqpos: deleting jump 3810
core.kinematics.FoldTree: delete_jump_seqpos: renumbering jump 5137 to 3810
core.kinematics.FoldTree: delete_jump_seqpos: deleting jump 3811
core.kinematics.FoldTree: delete_jump_seqpos: renumbering jump 5136 to 3811
core.kinematics.FoldTree: delete_jump_seqpos: deleting jump 3812
core.kinematics.FoldTree: delete_jump_seqpos: renumbering jump 5135 to 3812
core.kinematics.FoldTree: delete_jump_seqpos: deleting jump 3813
core.kinematics.FoldTree: delete_jump_seqpos: renumbering jump 5134 to 3813
core.kinematics.FoldTree: delete_jump_seqpos: deleting jump 3814
core.kinematics.FoldTree: delete_jump_seqpos: renumbering jump 5133 to 3814
core.kinematics.FoldTree: delete_jump_seqpos: deleting jump 3815
core.kinematics.FoldTree: delete_jump_seqpos: renumbering jump 5132 to 3815
core.kinematics.FoldTree: delete_jump_seqpos: deleting jump 3816
core.kinematics.FoldTree: delete_jump_seqpos: renumbering jump 5131 to 3816
core.kinematics.FoldTree: delete_jump_seqpos: deleting jump 3817
core.kinematics.FoldTree: delete_jump_seqpos: renumbering jump 5130 to 3817
core.kinematics.FoldTree: delete_jump_seqpos: deleting jump 3818
core.kinematics.FoldTree: delete_jump_seqpos: renumbering jump 5129 to 3818
core.kinematics.FoldTree: delete_jump_seqpos: deleting jump 3819
core.kinematics.FoldTree: delete_jump_seqpos: renumbering jump 5128 to 3819
core.kinematics.FoldTree: delete_jump_seqpos: deleting jump 3820
core.kinematics.FoldTree: delete_jump_seqpos: renumbering jump 5127 to 3820
core.kinematics.FoldTree: delete_jump_seqpos: deleting jump 3821
core.kinematics.FoldTree: delete_jump_seqpos: renumbering jump 5126 to 3821
core.kinematics.FoldTree: delete_jump_seqpos: deleting jump 3822
core.kinematics.FoldTree: delete_jump_seqpos: renumbering jump 5125 to 3822
core.kinematics.FoldTree: delete_jump_seqpos: deleting jump 3823
core.kinematics.FoldTree: delete_jump_seqpos: renumbering jump 5124 to 3823
core.kinematics.FoldTree: delete_jump_seqpos: deleting jump 3824
core.kinematics.FoldTree: delete_jump_seqpos: renumbering jump 5123 to 3824
core.kinematics.FoldTree: delete_jump_seqpos: deleting jump 3825
core.kinematics.FoldTree: delete_jump_seqpos: renumbering jump 5122 to 3825
core.kinematics.FoldTree: delete_jump_seqpos: deleting jump 3826
core.kinematics.FoldTree: delete_jump_seqpos: renumbering jump 5121 to 3826
core.kinematics.FoldTree: delete_jump_seqpos: deleting jump 3827
core.kinematics.FoldTree: delete_jump_seqpos: renumbering jump 5120 to 3827
core.kinematics.FoldTree: delete_jump_seqpos: deleting jump 3828
core.kinematics.FoldTree: delete_jump_seqpos: renumbering jump 5119 to 3828
core.kinematics.FoldTree: delete_jump_seqpos: deleting jump 3829
core.kinematics.FoldTree: delete_jump_seqpos: renumbering jump 5118 to 3829
core.kinematics.FoldTree: delete_jump_seqpos: deleting jump 3830
core.kinematics.FoldTree: delete_jump_seqpos: renumbering jump 5117 to 3830
core.kinematics.FoldTree: delete_jump_seqpos: deleting jump 3831
core.kinematics.FoldTree: delete_jump_seqpos: renumbering jump 5116 to 3831
core.kinematics.FoldTree: delete_jump_seqpos: deleting jump 3832
core.kinematics.FoldTree: delete_jump_seqpos: renumbering jump 5115 to 3832
core.kinematics.FoldTree: delete_jump_seqpos: deleting jump 3833
core.kinematics.FoldTree: delete_jump_seqpos: renumbering jump 5114 to 3833
core.kinematics.FoldTree: delete_jump_seqpos: deleting jump 3834
core.kinematics.FoldTree: delete_jump_seqpos: renumbering jump 5113 to 3834
core.kinematics.FoldTree: delete_jump_seqpos: deleting jump 3835
core.kinematics.FoldTree: delete_jump_seqpos: renumbering jump 5112 to 3835
core.kinematics.FoldTree: delete_jump_seqpos: deleting jump 3836
core.kinematics.FoldTree: delete_jump_seqpos: renumbering jump 5111 to 3836
core.kinematics.FoldTree: delete_jump_seqpos: deleting jump 3837
core.kinematics.FoldTree: delete_jump_seqpos: renumbering jump 5110 to 3837
core.kinematics.FoldTree: delete_jump_seqpos: deleting jump 3838
core.kinematics.FoldTree: delete_jump_seqpos: renumbering jump 5109 to 3838
core.kinematics.FoldTree: delete_jump_seqpos: deleting jump 3839
core.kinematics.FoldTree: delete_jump_seqpos: renumbering jump 5108 to 3839
core.kinematics.FoldTree: delete_jump_seqpos: deleting jump 3840
core.kinematics.FoldTree: delete_jump_seqpos: renumbering jump 5107 to 3840
core.kinematics.FoldTree: delete_jump_seqpos: deleting jump 3841
core.kinematics.FoldTree: delete_jump_seqpos: renumbering jump 5106 to 3841
core.kinematics.FoldTree: delete_jump_seqpos: deleting jump 3842
core.kinematics.FoldTree: delete_jump_seqpos: renumbering jump 5105 to 3842
core.kinematics.FoldTree: delete_jump_seqpos: deleting jump 3843
core.kinematics.FoldTree: delete_jump_seqpos: renumbering jump 5104 to 3843
core.kinematics.FoldTree: delete_jump_seqpos: deleting jump 3844
core.kinematics.FoldTree: delete_jump_seqpos: renumbering jump 5103 to 3844
core.kinematics.FoldTree: delete_jump_seqpos: deleting jump 3845
core.kinematics.FoldTree: delete_jump_seqpos: renumbering jump 5102 to 3845
core.kinematics.FoldTree: delete_jump_seqpos: deleting jump 3846
core.kinematics.FoldTree: delete_jump_seqpos: renumbering jump 5101 to 3846
core.kinematics.FoldTree: delete_jump_seqpos: deleting jump 3847
core.kinematics.FoldTree: delete_jump_seqpos: renumbering jump 5100 to 3847
core.kinematics.FoldTree: delete_jump_seqpos: deleting jump 3848
core.kinematics.FoldTree: delete_jump_seqpos: renumbering jump 5099 to 3848
core.kinematics.FoldTree: delete_jump_seqpos: deleting jump 3849
core.kinematics.FoldTree: delete_jump_seqpos: renumbering jump 5098 to 3849
core.kinematics.FoldTree: delete_jump_seqpos: deleting jump 3850
core.kinematics.FoldTree: delete_jump_seqpos: renumbering jump 5097 to 3850
core.kinematics.FoldTree: delete_jump_seqpos: deleting jump 3851
core.kinematics.FoldTree: delete_jump_seqpos: renumbering jump 5096 to 3851
core.kinematics.FoldTree: delete_jump_seqpos: deleting jump 3852
core.kinematics.FoldTree: delete_jump_seqpos: renumbering jump 5095 to 3852
core.kinematics.FoldTree: delete_jump_seqpos: deleting jump 3853
core.kinematics.FoldTree: delete_jump_seqpos: renumbering jump 5094 to 3853
core.kinematics.FoldTree: delete_jump_seqpos: deleting jump 3854
core.kinematics.FoldTree: delete_jump_seqpos: renumbering jump 5093 to 3854
core.kinematics.FoldTree: delete_jump_seqpos: deleting jump 3855
core.kinematics.FoldTree: delete_jump_seqpos: renumbering jump 5092 to 3855
core.kinematics.FoldTree: delete_jump_seqpos: deleting jump 3856
core.kinematics.FoldTree: delete_jump_seqpos: renumbering jump 5091 to 3856
core.kinematics.FoldTree: delete_jump_seqpos: deleting jump 3857
core.kinematics.FoldTree: delete_jump_seqpos: renumbering jump 5090 to 3857
core.kinematics.FoldTree: delete_jump_seqpos: deleting jump 3858
core.kinematics.FoldTree: delete_jump_seqpos: renumbering jump 5089 to 3858
core.kinematics.FoldTree: delete_jump_seqpos: deleting jump 3859
core.kinematics.FoldTree: delete_jump_seqpos: renumbering jump 5088 to 3859
core.kinematics.FoldTree: delete_jump_seqpos: deleting jump 3860
core.kinematics.FoldTree: delete_jump_seqpos: renumbering jump 5087 to 3860
core.kinematics.FoldTree: delete_jump_seqpos: deleting jump 3861
core.kinematics.FoldTree: delete_jump_seqpos: renumbering jump 5086 to 3861
core.kinematics.FoldTree: delete_jump_seqpos: deleting jump 3862
core.kinematics.FoldTree: delete_jump_seqpos: renumbering jump 5085 to 3862
core.kinematics.FoldTree: delete_jump_seqpos: deleting jump 3863
core.kinematics.FoldTree: delete_jump_seqpos: renumbering jump 5084 to 3863
core.kinematics.FoldTree: delete_jump_seqpos: deleting jump 3864
core.kinematics.FoldTree: delete_jump_seqpos: renumbering jump 5083 to 3864
core.kinematics.FoldTree: delete_jump_seqpos: deleting jump 3865
core.kinematics.FoldTree: delete_jump_seqpos: renumbering jump 5082 to 3865
core.kinematics.FoldTree: delete_jump_seqpos: deleting jump 3866
core.kinematics.FoldTree: delete_jump_seqpos: renumbering jump 5081 to 3866
core.kinematics.FoldTree: delete_jump_seqpos: deleting jump 3867
core.kinematics.FoldTree: delete_jump_seqpos: renumbering jump 5080 to 3867
core.kinematics.FoldTree: delete_jump_seqpos: deleting jump 3868
core.kinematics.FoldTree: delete_jump_seqpos: renumbering jump 5079 to 3868
core.kinematics.FoldTree: delete_jump_seqpos: deleting jump 3869
core.kinematics.FoldTree: delete_jump_seqpos: renumbering jump 5078 to 3869
core.kinematics.FoldTree: delete_jump_seqpos: deleting jump 3870
core.kinematics.FoldTree: delete_jump_seqpos: renumbering jump 5077 to 3870
core.kinematics.FoldTree: delete_jump_seqpos: deleting jump 3871
core.kinematics.FoldTree: delete_jump_seqpos: renumbering jump 5076 to 3871
core.kinematics.FoldTree: delete_jump_seqpos: deleting jump 3872
core.kinematics.FoldTree: delete_jump_seqpos: renumbering jump 5075 to 3872
core.kinematics.FoldTree: delete_jump_seqpos: deleting jump 3873
core.kinematics.FoldTree: delete_jump_seqpos: renumbering jump 5074 to 3873
core.kinematics.FoldTree: delete_jump_seqpos: deleting jump 3874
core.kinematics.FoldTree: delete_jump_seqpos: renumbering jump 5073 to 3874
core.kinematics.FoldTree: delete_jump_seqpos: deleting jump 3875
core.kinematics.FoldTree: delete_jump_seqpos: renumbering jump 5072 to 3875
core.kinematics.FoldTree: delete_jump_seqpos: deleting jump 3876
core.kinematics.FoldTree: delete_jump_seqpos: renumbering jump 5071 to 3876
core.kinematics.FoldTree: delete_jump_seqpos: deleting jump 3877
core.kinematics.FoldTree: delete_jump_seqpos: renumbering jump 5070 to 3877
core.kinematics.FoldTree: delete_jump_seqpos: deleting jump 3878
core.kinematics.FoldTree: delete_jump_seqpos: renumbering jump 5069 to 3878
core.kinematics.FoldTree: delete_jump_seqpos: deleting jump 3879
core.kinematics.FoldTree: delete_jump_seqpos: renumbering jump 5068 to 3879
core.kinematics.FoldTree: delete_jump_seqpos: deleting jump 3880
core.kinematics.FoldTree: delete_jump_seqpos: renumbering jump 5067 to 3880
core.kinematics.FoldTree: delete_jump_seqpos: deleting jump 3881
core.kinematics.FoldTree: delete_jump_seqpos: renumbering jump 5066 to 3881
core.kinematics.FoldTree: delete_jump_seqpos: deleting jump 3882
core.kinematics.FoldTree: delete_jump_seqpos: renumbering jump 5065 to 3882
core.kinematics.FoldTree: delete_jump_seqpos: deleting jump 3883
core.kinematics.FoldTree: delete_jump_seqpos: renumbering jump 5064 to 3883
core.kinematics.FoldTree: delete_jump_seqpos: deleting jump 3884
core.kinematics.FoldTree: delete_jump_seqpos: renumbering jump 5063 to 3884
core.kinematics.FoldTree: delete_jump_seqpos: deleting jump 3885
core.kinematics.FoldTree: delete_jump_seqpos: renumbering jump 5062 to 3885
core.kinematics.FoldTree: delete_jump_seqpos: deleting jump 3886
core.kinematics.FoldTree: delete_jump_seqpos: renumbering jump 5061 to 3886
core.kinematics.FoldTree: delete_jump_seqpos: deleting jump 3887
core.kinematics.FoldTree: delete_jump_seqpos: renumbering jump 5060 to 3887
core.kinematics.FoldTree: delete_jump_seqpos: deleting jump 3888
core.kinematics.FoldTree: delete_jump_seqpos: renumbering jump 5059 to 3888
core.kinematics.FoldTree: delete_jump_seqpos: deleting jump 3889
core.kinematics.FoldTree: delete_jump_seqpos: renumbering jump 5058 to 3889
core.kinematics.FoldTree: delete_jump_seqpos: deleting jump 3890
core.kinematics.FoldTree: delete_jump_seqpos: renumbering jump 5057 to 3890
core.kinematics.FoldTree: delete_jump_seqpos: deleting jump 3891
core.kinematics.FoldTree: delete_jump_seqpos: renumbering jump 5056 to 3891
core.kinematics.FoldTree: delete_jump_seqpos: deleting jump 3892
core.kinematics.FoldTree: delete_jump_seqpos: renumbering jump 5055 to 3892
core.kinematics.FoldTree: delete_jump_seqpos: deleting jump 3893
core.kinematics.FoldTree: delete_jump_seqpos: renumbering jump 5054 to 3893
core.kinematics.FoldTree: delete_jump_seqpos: deleting jump 3894
core.kinematics.FoldTree: delete_jump_seqpos: renumbering jump 5053 to 3894
core.kinematics.FoldTree: delete_jump_seqpos: deleting jump 3895
core.kinematics.FoldTree: delete_jump_seqpos: renumbering jump 5052 to 3895
core.kinematics.FoldTree: delete_jump_seqpos: deleting jump 3896
core.kinematics.FoldTree: delete_jump_seqpos: renumbering jump 5051 to 3896
core.kinematics.FoldTree: delete_jump_seqpos: deleting jump 3897
core.kinematics.FoldTree: delete_jump_seqpos: renumbering jump 5050 to 3897
core.kinematics.FoldTree: delete_jump_seqpos: deleting jump 3898
core.kinematics.FoldTree: delete_jump_seqpos: renumbering jump 5049 to 3898
core.kinematics.FoldTree: delete_jump_seqpos: deleting jump 3899
core.kinematics.FoldTree: delete_jump_seqpos: renumbering jump 5048 to 3899
core.kinematics.FoldTree: delete_jump_seqpos: deleting jump 3900
core.kinematics.FoldTree: delete_jump_seqpos: renumbering jump 5047 to 3900
core.kinematics.FoldTree: delete_jump_seqpos: deleting jump 3901
core.kinematics.FoldTree: delete_jump_seqpos: renumbering jump 5046 to 3901
core.kinematics.FoldTree: delete_jump_seqpos: deleting jump 3902
core.kinematics.FoldTree: delete_jump_seqpos: renumbering jump 5045 to 3902
core.kinematics.FoldTree: delete_jump_seqpos: deleting jump 3903
core.kinematics.FoldTree: delete_jump_seqpos: renumbering jump 5044 to 3903
core.kinematics.FoldTree: delete_jump_seqpos: deleting jump 3904
core.kinematics.FoldTree: delete_jump_seqpos: renumbering jump 5043 to 3904
core.kinematics.FoldTree: delete_jump_seqpos: deleting jump 3905
core.kinematics.FoldTree: delete_jump_seqpos: renumbering jump 5042 to 3905
core.kinematics.FoldTree: delete_jump_seqpos: deleting jump 3906
core.kinematics.FoldTree: delete_jump_seqpos: renumbering jump 5041 to 3906
core.kinematics.FoldTree: delete_jump_seqpos: deleting jump 3907
core.kinematics.FoldTree: delete_jump_seqpos: renumbering jump 5040 to 3907
core.kinematics.FoldTree: delete_jump_seqpos: deleting jump 3908
core.kinematics.FoldTree: delete_jump_seqpos: renumbering jump 5039 to 3908
core.kinematics.FoldTree: delete_jump_seqpos: deleting jump 3909
core.kinematics.FoldTree: delete_jump_seqpos: renumbering jump 5038 to 3909
core.kinematics.FoldTree: delete_jump_seqpos: deleting jump 3910
core.kinematics.FoldTree: delete_jump_seqpos: renumbering jump 5037 to 3910
core.kinematics.FoldTree: delete_jump_seqpos: deleting jump 3911
core.kinematics.FoldTree: delete_jump_seqpos: renumbering jump 5036 to 3911
core.kinematics.FoldTree: delete_jump_seqpos: deleting jump 3912
core.kinematics.FoldTree: delete_jump_seqpos: renumbering jump 5035 to 3912
core.kinematics.FoldTree: delete_jump_seqpos: deleting jump 3913
core.kinematics.FoldTree: delete_jump_seqpos: renumbering jump 5034 to 3913
core.kinematics.FoldTree: delete_jump_seqpos: deleting jump 3914
core.kinematics.FoldTree: delete_jump_seqpos: renumbering jump 5033 to 3914
core.kinematics.FoldTree: delete_jump_seqpos: deleting jump 3915
core.kinematics.FoldTree: delete_jump_seqpos: renumbering jump 5032 to 3915
core.kinematics.FoldTree: delete_jump_seqpos: deleting jump 3916
core.kinematics.FoldTree: delete_jump_seqpos: renumbering jump 5031 to 3916
core.kinematics.FoldTree: delete_jump_seqpos: deleting jump 3917
core.kinematics.FoldTree: delete_jump_seqpos: renumbering jump 5030 to 3917
core.kinematics.FoldTree: delete_jump_seqpos: deleting jump 3918
core.kinematics.FoldTree: delete_jump_seqpos: renumbering jump 5029 to 3918
core.kinematics.FoldTree: delete_jump_seqpos: deleting jump 3919
core.kinematics.FoldTree: delete_jump_seqpos: renumbering jump 5028 to 3919
core.kinematics.FoldTree: delete_jump_seqpos: deleting jump 3920
core.kinematics.FoldTree: delete_jump_seqpos: renumbering jump 5027 to 3920
core.kinematics.FoldTree: delete_jump_seqpos: deleting jump 3921
core.kinematics.FoldTree: delete_jump_seqpos: renumbering jump 5026 to 3921
core.kinematics.FoldTree: delete_jump_seqpos: deleting jump 3922
core.kinematics.FoldTree: delete_jump_seqpos: renumbering jump 5025 to 3922
core.kinematics.FoldTree: delete_jump_seqpos: deleting jump 3923
core.kinematics.FoldTree: delete_jump_seqpos: renumbering jump 5024 to 3923
core.kinematics.FoldTree: delete_jump_seqpos: deleting jump 3924
core.kinematics.FoldTree: delete_jump_seqpos: renumbering jump 5023 to 3924
core.kinematics.FoldTree: delete_jump_seqpos: deleting jump 3925
core.kinematics.FoldTree: delete_jump_seqpos: renumbering jump 5022 to 3925
core.kinematics.FoldTree: delete_jump_seqpos: deleting jump 3926
core.kinematics.FoldTree: delete_jump_seqpos: renumbering jump 5021 to 3926
core.kinematics.FoldTree: delete_jump_seqpos: deleting jump 3927
core.kinematics.FoldTree: delete_jump_seqpos: renumbering jump 5020 to 3927
core.kinematics.FoldTree: delete_jump_seqpos: deleting jump 3928
core.kinematics.FoldTree: delete_jump_seqpos: renumbering jump 5019 to 3928
core.kinematics.FoldTree: delete_jump_seqpos: deleting jump 3929
core.kinematics.FoldTree: delete_jump_seqpos: renumbering jump 5018 to 3929
core.kinematics.FoldTree: delete_jump_seqpos: deleting jump 3930
core.kinematics.FoldTree: delete_jump_seqpos: renumbering jump 5017 to 3930
core.kinematics.FoldTree: delete_jump_seqpos: deleting jump 3931
core.kinematics.FoldTree: delete_jump_seqpos: renumbering jump 5016 to 3931
core.kinematics.FoldTree: delete_jump_seqpos: deleting jump 3932
core.kinematics.FoldTree: delete_jump_seqpos: renumbering jump 5015 to 3932
core.kinematics.FoldTree: delete_jump_seqpos: deleting jump 3933
core.kinematics.FoldTree: delete_jump_seqpos: renumbering jump 5014 to 3933
core.kinematics.FoldTree: delete_jump_seqpos: deleting jump 3934
core.kinematics.FoldTree: delete_jump_seqpos: renumbering jump 5013 to 3934
core.kinematics.FoldTree: delete_jump_seqpos: deleting jump 3935
core.kinematics.FoldTree: delete_jump_seqpos: renumbering jump 5012 to 3935
core.kinematics.FoldTree: delete_jump_seqpos: deleting jump 3936
core.kinematics.FoldTree: delete_jump_seqpos: renumbering jump 5011 to 3936
core.kinematics.FoldTree: delete_jump_seqpos: deleting jump 3937
core.kinematics.FoldTree: delete_jump_seqpos: renumbering jump 5010 to 3937
core.kinematics.FoldTree: delete_jump_seqpos: deleting jump 3938
core.kinematics.FoldTree: delete_jump_seqpos: renumbering jump 5009 to 3938
core.kinematics.FoldTree: delete_jump_seqpos: deleting jump 3939
core.kinematics.FoldTree: delete_jump_seqpos: renumbering jump 5008 to 3939
core.kinematics.FoldTree: delete_jump_seqpos: deleting jump 3940
core.kinematics.FoldTree: delete_jump_seqpos: renumbering jump 5007 to 3940
core.kinematics.FoldTree: delete_jump_seqpos: deleting jump 3941
core.kinematics.FoldTree: delete_jump_seqpos: renumbering jump 5006 to 3941
core.kinematics.FoldTree: delete_jump_seqpos: deleting jump 3942
core.kinematics.FoldTree: delete_jump_seqpos: renumbering jump 5005 to 3942
core.kinematics.FoldTree: delete_jump_seqpos: deleting jump 3943
core.kinematics.FoldTree: delete_jump_seqpos: renumbering jump 5004 to 3943
core.kinematics.FoldTree: delete_jump_seqpos: deleting jump 3944
core.kinematics.FoldTree: delete_jump_seqpos: renumbering jump 5003 to 3944
core.kinematics.FoldTree: delete_jump_seqpos: deleting jump 3945
core.kinematics.FoldTree: delete_jump_seqpos: renumbering jump 5002 to 3945
core.kinematics.FoldTree: delete_jump_seqpos: deleting jump 3946
core.kinematics.FoldTree: delete_jump_seqpos: renumbering jump 5001 to 3946
core.kinematics.FoldTree: delete_jump_seqpos: deleting jump 3947
core.kinematics.FoldTree: delete_jump_seqpos: renumbering jump 5000 to 3947
core.kinematics.FoldTree: delete_jump_seqpos: deleting jump 3948
core.kinematics.FoldTree: delete_jump_seqpos: renumbering jump 4999 to 3948
core.kinematics.FoldTree: delete_jump_seqpos: deleting jump 3949
core.kinematics.FoldTree: delete_jump_seqpos: renumbering jump 4998 to 3949
core.kinematics.FoldTree: delete_jump_seqpos: deleting jump 3950
core.kinematics.FoldTree: delete_jump_seqpos: renumbering jump 4997 to 3950
core.kinematics.FoldTree: delete_jump_seqpos: deleting jump 3951
core.kinematics.FoldTree: delete_jump_seqpos: renumbering jump 4996 to 3951
core.kinematics.FoldTree: delete_jump_seqpos: deleting jump 3952
core.kinematics.FoldTree: delete_jump_seqpos: renumbering jump 4995 to 3952
core.kinematics.FoldTree: delete_jump_seqpos: deleting jump 3953
core.kinematics.FoldTree: delete_jump_seqpos: renumbering jump 4994 to 3953
core.kinematics.FoldTree: delete_jump_seqpos: deleting jump 3954
core.kinematics.FoldTree: delete_jump_seqpos: renumbering jump 4993 to 3954
core.kinematics.FoldTree: delete_jump_seqpos: deleting jump 3955
core.kinematics.FoldTree: delete_jump_seqpos: renumbering jump 4992 to 3955
core.kinematics.FoldTree: delete_jump_seqpos: deleting jump 3956
core.kinematics.FoldTree: delete_jump_seqpos: renumbering jump 4991 to 3956
core.kinematics.FoldTree: delete_jump_seqpos: deleting jump 3957
core.kinematics.FoldTree: delete_jump_seqpos: renumbering jump 4990 to 3957
core.kinematics.FoldTree: delete_jump_seqpos: deleting jump 3958
core.kinematics.FoldTree: delete_jump_seqpos: renumbering jump 4989 to 3958
core.kinematics.FoldTree: delete_jump_seqpos: deleting jump 3959
core.kinematics.FoldTree: delete_jump_seqpos: renumbering jump 4988 to 3959
core.kinematics.FoldTree: delete_jump_seqpos: deleting jump 3960
core.kinematics.FoldTree: delete_jump_seqpos: renumbering jump 4987 to 3960
core.kinematics.FoldTree: delete_jump_seqpos: deleting jump 3961
core.kinematics.FoldTree: delete_jump_seqpos: renumbering jump 4986 to 3961
core.kinematics.FoldTree: delete_jump_seqpos: deleting jump 3962
core.kinematics.FoldTree: delete_jump_seqpos: renumbering jump 4985 to 3962
core.kinematics.FoldTree: delete_jump_seqpos: deleting jump 3963
core.kinematics.FoldTree: delete_jump_seqpos: renumbering jump 4984 to 3963
core.kinematics.FoldTree: delete_jump_seqpos: deleting jump 3964
core.kinematics.FoldTree: delete_jump_seqpos: renumbering jump 4983 to 3964
core.kinematics.FoldTree: delete_jump_seqpos: deleting jump 3965
core.kinematics.FoldTree: delete_jump_seqpos: renumbering jump 4982 to 3965
core.kinematics.FoldTree: delete_jump_seqpos: deleting jump 3966
core.kinematics.FoldTree: delete_jump_seqpos: renumbering jump 4981 to 3966
core.kinematics.FoldTree: delete_jump_seqpos: deleting jump 3967
core.kinematics.FoldTree: delete_jump_seqpos: renumbering jump 4980 to 3967
core.kinematics.FoldTree: delete_jump_seqpos: deleting jump 3968
core.kinematics.FoldTree: delete_jump_seqpos: renumbering jump 4979 to 3968
core.kinematics.FoldTree: delete_jump_seqpos: deleting jump 3969
core.kinematics.FoldTree: delete_jump_seqpos: renumbering jump 4978 to 3969
core.kinematics.FoldTree: delete_jump_seqpos: deleting jump 3970
core.kinematics.FoldTree: delete_jump_seqpos: renumbering jump 4977 to 3970
core.kinematics.FoldTree: delete_jump_seqpos: deleting jump 3971
core.kinematics.FoldTree: delete_jump_seqpos: renumbering jump 4976 to 3971
core.kinematics.FoldTree: delete_jump_seqpos: deleting jump 3972
core.kinematics.FoldTree: delete_jump_seqpos: renumbering jump 4975 to 3972
core.kinematics.FoldTree: delete_jump_seqpos: deleting jump 3973
core.kinematics.FoldTree: delete_jump_seqpos: renumbering jump 4974 to 3973
core.kinematics.FoldTree: delete_jump_seqpos: deleting jump 3974
core.kinematics.FoldTree: delete_jump_seqpos: renumbering jump 4973 to 3974
core.kinematics.FoldTree: delete_jump_seqpos: deleting jump 3975
core.kinematics.FoldTree: delete_jump_seqpos: renumbering jump 4972 to 3975
core.kinematics.FoldTree: delete_jump_seqpos: deleting jump 3976
core.kinematics.FoldTree: delete_jump_seqpos: renumbering jump 4971 to 3976
core.kinematics.FoldTree: delete_jump_seqpos: deleting jump 3977
core.kinematics.FoldTree: delete_jump_seqpos: renumbering jump 4970 to 3977
core.kinematics.FoldTree: delete_jump_seqpos: deleting jump 3978
core.kinematics.FoldTree: delete_jump_seqpos: renumbering jump 4969 to 3978
core.kinematics.FoldTree: delete_jump_seqpos: deleting jump 3979
core.kinematics.FoldTree: delete_jump_seqpos: renumbering jump 4968 to 3979
core.kinematics.FoldTree: delete_jump_seqpos: deleting jump 3980
core.kinematics.FoldTree: delete_jump_seqpos: renumbering jump 4967 to 3980
core.kinematics.FoldTree: delete_jump_seqpos: deleting jump 3981
core.kinematics.FoldTree: delete_jump_seqpos: renumbering jump 4966 to 3981
core.kinematics.FoldTree: delete_jump_seqpos: deleting jump 3982
core.kinematics.FoldTree: delete_jump_seqpos: renumbering jump 4965 to 3982
core.kinematics.FoldTree: delete_jump_seqpos: deleting jump 3983
core.kinematics.FoldTree: delete_jump_seqpos: renumbering jump 4964 to 3983
core.kinematics.FoldTree: delete_jump_seqpos: deleting jump 3984
core.kinematics.FoldTree: delete_jump_seqpos: renumbering jump 4963 to 3984
core.kinematics.FoldTree: delete_jump_seqpos: deleting jump 3985
core.kinematics.FoldTree: delete_jump_seqpos: renumbering jump 4962 to 3985
core.kinematics.FoldTree: delete_jump_seqpos: deleting jump 3986
core.kinematics.FoldTree: delete_jump_seqpos: renumbering jump 4961 to 3986
core.kinematics.FoldTree: delete_jump_seqpos: deleting jump 3987
core.kinematics.FoldTree: delete_jump_seqpos: renumbering jump 4960 to 3987
core.kinematics.FoldTree: delete_jump_seqpos: deleting jump 3988
core.kinematics.FoldTree: delete_jump_seqpos: renumbering jump 4959 to 3988
core.kinematics.FoldTree: delete_jump_seqpos: deleting jump 3989
core.kinematics.FoldTree: delete_jump_seqpos: renumbering jump 4958 to 3989
core.kinematics.FoldTree: delete_jump_seqpos: deleting jump 3990
core.kinematics.FoldTree: delete_jump_seqpos: renumbering jump 4957 to 3990
core.kinematics.FoldTree: delete_jump_seqpos: deleting jump 3991
core.kinematics.FoldTree: delete_jump_seqpos: renumbering jump 4956 to 3991
core.kinematics.FoldTree: delete_jump_seqpos: deleting jump 3992
core.kinematics.FoldTree: delete_jump_seqpos: renumbering jump 4955 to 3992
core.kinematics.FoldTree: delete_jump_seqpos: deleting jump 3993
core.kinematics.FoldTree: delete_jump_seqpos: renumbering jump 4954 to 3993
core.kinematics.FoldTree: delete_jump_seqpos: deleting jump 3994
core.kinematics.FoldTree: delete_jump_seqpos: renumbering jump 4953 to 3994
core.kinematics.FoldTree: delete_jump_seqpos: deleting jump 3995
core.kinematics.FoldTree: delete_jump_seqpos: renumbering jump 4952 to 3995
core.kinematics.FoldTree: delete_jump_seqpos: deleting jump 3996
core.kinematics.FoldTree: delete_jump_seqpos: renumbering jump 4951 to 3996
core.kinematics.FoldTree: delete_jump_seqpos: deleting jump 3997
core.kinematics.FoldTree: delete_jump_seqpos: renumbering jump 4950 to 3997
core.kinematics.FoldTree: delete_jump_seqpos: deleting jump 3998
core.kinematics.FoldTree: delete_jump_seqpos: renumbering jump 4949 to 3998
core.kinematics.FoldTree: delete_jump_seqpos: deleting jump 3999
core.kinematics.FoldTree: delete_jump_seqpos: renumbering jump 4948 to 3999
core.kinematics.FoldTree: delete_jump_seqpos: deleting jump 4000
core.kinematics.FoldTree: delete_jump_seqpos: renumbering jump 4947 to 4000
core.kinematics.FoldTree: delete_jump_seqpos: deleting jump 4001
core.kinematics.FoldTree: delete_jump_seqpos: renumbering jump 4946 to 4001
core.kinematics.FoldTree: delete_jump_seqpos: deleting jump 4002
core.kinematics.FoldTree: delete_jump_seqpos: renumbering jump 4945 to 4002
core.kinematics.FoldTree: delete_jump_seqpos: deleting jump 4003
core.kinematics.FoldTree: delete_jump_seqpos: renumbering jump 4944 to 4003
core.kinematics.FoldTree: delete_jump_seqpos: deleting jump 4004
core.kinematics.FoldTree: delete_jump_seqpos: renumbering jump 4943 to 4004
core.kinematics.FoldTree: delete_jump_seqpos: deleting jump 4005
core.kinematics.FoldTree: delete_jump_seqpos: renumbering jump 4942 to 4005
core.kinematics.FoldTree: delete_jump_seqpos: deleting jump 4006
core.kinematics.FoldTree: delete_jump_seqpos: renumbering jump 4941 to 4006
core.kinematics.FoldTree: delete_jump_seqpos: deleting jump 4007
core.kinematics.FoldTree: delete_jump_seqpos: renumbering jump 4940 to 4007
core.kinematics.FoldTree: delete_jump_seqpos: deleting jump 4008
core.kinematics.FoldTree: delete_jump_seqpos: renumbering jump 4939 to 4008
core.kinematics.FoldTree: delete_jump_seqpos: deleting jump 4009
core.kinematics.FoldTree: delete_jump_seqpos: renumbering jump 4938 to 4009
core.kinematics.FoldTree: delete_jump_seqpos: deleting jump 4010
core.kinematics.FoldTree: delete_jump_seqpos: renumbering jump 4937 to 4010
core.kinematics.FoldTree: delete_jump_seqpos: deleting jump 4011
core.kinematics.FoldTree: delete_jump_seqpos: renumbering jump 4936 to 4011
core.kinematics.FoldTree: delete_jump_seqpos: deleting jump 4012
core.kinematics.FoldTree: delete_jump_seqpos: renumbering jump 4935 to 4012
core.kinematics.FoldTree: delete_jump_seqpos: deleting jump 4013
core.kinematics.FoldTree: delete_jump_seqpos: renumbering jump 4934 to 4013
core.kinematics.FoldTree: delete_jump_seqpos: deleting jump 4014
core.kinematics.FoldTree: delete_jump_seqpos: renumbering jump 4933 to 4014
core.kinematics.FoldTree: delete_jump_seqpos: deleting jump 4015
core.kinematics.FoldTree: delete_jump_seqpos: renumbering jump 4932 to 4015
core.kinematics.FoldTree: delete_jump_seqpos: deleting jump 4016
core.kinematics.FoldTree: delete_jump_seqpos: renumbering jump 4931 to 4016
core.kinematics.FoldTree: delete_jump_seqpos: deleting jump 4017
core.kinematics.FoldTree: delete_jump_seqpos: renumbering jump 4930 to 4017
core.kinematics.FoldTree: delete_jump_seqpos: deleting jump 4018
core.kinematics.FoldTree: delete_jump_seqpos: renumbering jump 4929 to 4018
core.kinematics.FoldTree: delete_jump_seqpos: deleting jump 4019
core.kinematics.FoldTree: delete_jump_seqpos: renumbering jump 4928 to 4019
core.kinematics.FoldTree: delete_jump_seqpos: deleting jump 4020
core.kinematics.FoldTree: delete_jump_seqpos: renumbering jump 4927 to 4020
core.kinematics.FoldTree: delete_jump_seqpos: deleting jump 4021
core.kinematics.FoldTree: delete_jump_seqpos: renumbering jump 4926 to 4021
core.kinematics.FoldTree: delete_jump_seqpos: deleting jump 4022
core.kinematics.FoldTree: delete_jump_seqpos: renumbering jump 4925 to 4022
core.kinematics.FoldTree: delete_jump_seqpos: deleting jump 4023
core.kinematics.FoldTree: delete_jump_seqpos: renumbering jump 4924 to 4023
core.kinematics.FoldTree: delete_jump_seqpos: deleting jump 4024
core.kinematics.FoldTree: delete_jump_seqpos: renumbering jump 4923 to 4024
core.kinematics.FoldTree: delete_jump_seqpos: deleting jump 4025
core.kinematics.FoldTree: delete_jump_seqpos: renumbering jump 4922 to 4025
core.kinematics.FoldTree: delete_jump_seqpos: deleting jump 4026
core.kinematics.FoldTree: delete_jump_seqpos: renumbering jump 4921 to 4026
core.kinematics.FoldTree: delete_jump_seqpos: deleting jump 4027
core.kinematics.FoldTree: delete_jump_seqpos: renumbering jump 4920 to 4027
core.kinematics.FoldTree: delete_jump_seqpos: deleting jump 4028
core.kinematics.FoldTree: delete_jump_seqpos: renumbering jump 4919 to 4028
core.kinematics.FoldTree: delete_jump_seqpos: deleting jump 4029
core.kinematics.FoldTree: delete_jump_seqpos: renumbering jump 4918 to 4029
core.kinematics.FoldTree: delete_jump_seqpos: deleting jump 4030
core.kinematics.FoldTree: delete_jump_seqpos: renumbering jump 4917 to 4030
core.kinematics.FoldTree: delete_jump_seqpos: deleting jump 4031
core.kinematics.FoldTree: delete_jump_seqpos: renumbering jump 4916 to 4031
core.kinematics.FoldTree: delete_jump_seqpos: deleting jump 4032
core.kinematics.FoldTree: delete_jump_seqpos: renumbering jump 4915 to 4032
core.kinematics.FoldTree: delete_jump_seqpos: deleting jump 4033
core.kinematics.FoldTree: delete_jump_seqpos: renumbering jump 4914 to 4033
core.kinematics.FoldTree: delete_jump_seqpos: deleting jump 4034
core.kinematics.FoldTree: delete_jump_seqpos: renumbering jump 4913 to 4034
core.kinematics.FoldTree: delete_jump_seqpos: deleting jump 4035
core.kinematics.FoldTree: delete_jump_seqpos: renumbering jump 4912 to 4035
core.kinematics.FoldTree: delete_jump_seqpos: deleting jump 4036
core.kinematics.FoldTree: delete_jump_seqpos: renumbering jump 4911 to 4036
core.kinematics.FoldTree: delete_jump_seqpos: deleting jump 4037
core.kinematics.FoldTree: delete_jump_seqpos: renumbering jump 4910 to 4037
core.kinematics.FoldTree: delete_jump_seqpos: deleting jump 4038
core.kinematics.FoldTree: delete_jump_seqpos: renumbering jump 4909 to 4038
core.kinematics.FoldTree: delete_jump_seqpos: deleting jump 4039
core.kinematics.FoldTree: delete_jump_seqpos: renumbering jump 4908 to 4039
core.kinematics.FoldTree: delete_jump_seqpos: deleting jump 4040
core.kinematics.FoldTree: delete_jump_seqpos: renumbering jump 4907 to 4040
core.kinematics.FoldTree: delete_jump_seqpos: deleting jump 4041
core.kinematics.FoldTree: delete_jump_seqpos: renumbering jump 4906 to 4041
core.kinematics.FoldTree: delete_jump_seqpos: deleting jump 4042
core.kinematics.FoldTree: delete_jump_seqpos: renumbering jump 4905 to 4042
core.kinematics.FoldTree: delete_jump_seqpos: deleting jump 4043
core.kinematics.FoldTree: delete_jump_seqpos: renumbering jump 4904 to 4043
core.kinematics.FoldTree: delete_jump_seqpos: deleting jump 4044
core.kinematics.FoldTree: delete_jump_seqpos: renumbering jump 4903 to 4044
core.kinematics.FoldTree: delete_jump_seqpos: deleting jump 4045
core.kinematics.FoldTree: delete_jump_seqpos: renumbering jump 4902 to 4045
core.kinematics.FoldTree: delete_jump_seqpos: deleting jump 4046
core.kinematics.FoldTree: delete_jump_seqpos: renumbering jump 4901 to 4046
core.kinematics.FoldTree: delete_jump_seqpos: deleting jump 4047
core.kinematics.FoldTree: delete_jump_seqpos: renumbering jump 4900 to 4047
core.kinematics.FoldTree: delete_jump_seqpos: deleting jump 4048
core.kinematics.FoldTree: delete_jump_seqpos: renumbering jump 4899 to 4048
core.kinematics.FoldTree: delete_jump_seqpos: deleting jump 4049
core.kinematics.FoldTree: delete_jump_seqpos: renumbering jump 4898 to 4049
core.kinematics.FoldTree: delete_jump_seqpos: deleting jump 4050
core.kinematics.FoldTree: delete_jump_seqpos: renumbering jump 4897 to 4050
core.kinematics.FoldTree: delete_jump_seqpos: deleting jump 4051
core.kinematics.FoldTree: delete_jump_seqpos: renumbering jump 4896 to 4051
core.kinematics.FoldTree: delete_jump_seqpos: deleting jump 4052
core.kinematics.FoldTree: delete_jump_seqpos: renumbering jump 4895 to 4052
core.kinematics.FoldTree: delete_jump_seqpos: deleting jump 4053
core.kinematics.FoldTree: delete_jump_seqpos: renumbering jump 4894 to 4053
core.kinematics.FoldTree: delete_jump_seqpos: deleting jump 4054
core.kinematics.FoldTree: delete_jump_seqpos: renumbering jump 4893 to 4054
core.kinematics.FoldTree: delete_jump_seqpos: deleting jump 4055
core.kinematics.FoldTree: delete_jump_seqpos: renumbering jump 4892 to 4055
core.kinematics.FoldTree: delete_jump_seqpos: deleting jump 4056
core.kinematics.FoldTree: delete_jump_seqpos: renumbering jump 4891 to 4056
core.kinematics.FoldTree: delete_jump_seqpos: deleting jump 4057
core.kinematics.FoldTree: delete_jump_seqpos: renumbering jump 4890 to 4057
core.kinematics.FoldTree: delete_jump_seqpos: deleting jump 4058
core.kinematics.FoldTree: delete_jump_seqpos: renumbering jump 4889 to 4058
core.kinematics.FoldTree: delete_jump_seqpos: deleting jump 4059
core.kinematics.FoldTree: delete_jump_seqpos: renumbering jump 4888 to 4059
core.kinematics.FoldTree: delete_jump_seqpos: deleting jump 4060
core.kinematics.FoldTree: delete_jump_seqpos: renumbering jump 4887 to 4060
core.kinematics.FoldTree: delete_jump_seqpos: deleting jump 4061
core.kinematics.FoldTree: delete_jump_seqpos: renumbering jump 4886 to 4061
core.kinematics.FoldTree: delete_jump_seqpos: deleting jump 4062
core.kinematics.FoldTree: delete_jump_seqpos: renumbering jump 4885 to 4062
core.kinematics.FoldTree: delete_jump_seqpos: deleting jump 4063
core.kinematics.FoldTree: delete_jump_seqpos: renumbering jump 4884 to 4063
core.kinematics.FoldTree: delete_jump_seqpos: deleting jump 4064
core.kinematics.FoldTree: delete_jump_seqpos: renumbering jump 4883 to 4064
core.kinematics.FoldTree: delete_jump_seqpos: deleting jump 4065
core.kinematics.FoldTree: delete_jump_seqpos: renumbering jump 4882 to 4065
core.kinematics.FoldTree: delete_jump_seqpos: deleting jump 4066
core.kinematics.FoldTree: delete_jump_seqpos: renumbering jump 4881 to 4066
core.kinematics.FoldTree: delete_jump_seqpos: deleting jump 4067
core.kinematics.FoldTree: delete_jump_seqpos: renumbering jump 4880 to 4067
core.kinematics.FoldTree: delete_jump_seqpos: deleting jump 4068
core.kinematics.FoldTree: delete_jump_seqpos: renumbering jump 4879 to 4068
core.kinematics.FoldTree: delete_jump_seqpos: deleting jump 4069
core.kinematics.FoldTree: delete_jump_seqpos: renumbering jump 4878 to 4069
core.kinematics.FoldTree: delete_jump_seqpos: deleting jump 4070
core.kinematics.FoldTree: delete_jump_seqpos: renumbering jump 4877 to 4070
core.kinematics.FoldTree: delete_jump_seqpos: deleting jump 4071
core.kinematics.FoldTree: delete_jump_seqpos: renumbering jump 4876 to 4071
core.kinematics.FoldTree: delete_jump_seqpos: deleting jump 4072
core.kinematics.FoldTree: delete_jump_seqpos: renumbering jump 4875 to 4072
core.kinematics.FoldTree: delete_jump_seqpos: deleting jump 4073
core.kinematics.FoldTree: delete_jump_seqpos: renumbering jump 4874 to 4073
core.kinematics.FoldTree: delete_jump_seqpos: deleting jump 4074
core.kinematics.FoldTree: delete_jump_seqpos: renumbering jump 4873 to 4074
core.kinematics.FoldTree: delete_jump_seqpos: deleting jump 4075
core.kinematics.FoldTree: delete_jump_seqpos: renumbering jump 4872 to 4075
core.kinematics.FoldTree: delete_jump_seqpos: deleting jump 4076
core.kinematics.FoldTree: delete_jump_seqpos: renumbering jump 4871 to 4076
core.kinematics.FoldTree: delete_jump_seqpos: deleting jump 4077
core.kinematics.FoldTree: delete_jump_seqpos: renumbering jump 4870 to 4077
core.kinematics.FoldTree: delete_jump_seqpos: deleting jump 4078
core.kinematics.FoldTree: delete_jump_seqpos: renumbering jump 4869 to 4078
core.kinematics.FoldTree: delete_jump_seqpos: deleting jump 4079
core.kinematics.FoldTree: delete_jump_seqpos: renumbering jump 4868 to 4079
core.kinematics.FoldTree: delete_jump_seqpos: deleting jump 4080
core.kinematics.FoldTree: delete_jump_seqpos: renumbering jump 4867 to 4080
core.kinematics.FoldTree: delete_jump_seqpos: deleting jump 4081
core.kinematics.FoldTree: delete_jump_seqpos: renumbering jump 4866 to 4081
core.kinematics.FoldTree: delete_jump_seqpos: deleting jump 4082
core.kinematics.FoldTree: delete_jump_seqpos: renumbering jump 4865 to 4082
core.kinematics.FoldTree: delete_jump_seqpos: deleting jump 4083
core.kinematics.FoldTree: delete_jump_seqpos: renumbering jump 4864 to 4083
core.kinematics.FoldTree: delete_jump_seqpos: deleting jump 4084
core.kinematics.FoldTree: delete_jump_seqpos: renumbering jump 4863 to 4084
core.kinematics.FoldTree: delete_jump_seqpos: deleting jump 4085
core.kinematics.FoldTree: delete_jump_seqpos: renumbering jump 4862 to 4085
core.kinematics.FoldTree: delete_jump_seqpos: deleting jump 4086
core.kinematics.FoldTree: delete_jump_seqpos: renumbering jump 4861 to 4086
core.kinematics.FoldTree: delete_jump_seqpos: deleting jump 4087
core.kinematics.FoldTree: delete_jump_seqpos: renumbering jump 4860 to 4087
core.kinematics.FoldTree: delete_jump_seqpos: deleting jump 4088
core.kinematics.FoldTree: delete_jump_seqpos: renumbering jump 4859 to 4088
core.kinematics.FoldTree: delete_jump_seqpos: deleting jump 4089
core.kinematics.FoldTree: delete_jump_seqpos: renumbering jump 4858 to 4089
core.kinematics.FoldTree: delete_jump_seqpos: deleting jump 4090
core.kinematics.FoldTree: delete_jump_seqpos: renumbering jump 4857 to 4090
core.kinematics.FoldTree: delete_jump_seqpos: deleting jump 4091
core.kinematics.FoldTree: delete_jump_seqpos: renumbering jump 4856 to 4091
core.kinematics.FoldTree: delete_jump_seqpos: deleting jump 4092
core.kinematics.FoldTree: delete_jump_seqpos: renumbering jump 4855 to 4092
core.kinematics.FoldTree: delete_jump_seqpos: deleting jump 4093
core.kinematics.FoldTree: delete_jump_seqpos: renumbering jump 4854 to 4093
core.kinematics.FoldTree: delete_jump_seqpos: deleting jump 4094
core.kinematics.FoldTree: delete_jump_seqpos: renumbering jump 4853 to 4094
core.kinematics.FoldTree: delete_jump_seqpos: deleting jump 4095
core.kinematics.FoldTree: delete_jump_seqpos: renumbering jump 4852 to 4095
core.kinematics.FoldTree: delete_jump_seqpos: deleting jump 4096
core.kinematics.FoldTree: delete_jump_seqpos: renumbering jump 4851 to 4096
core.kinematics.FoldTree: delete_jump_seqpos: deleting jump 4097
core.kinematics.FoldTree: delete_jump_seqpos: renumbering jump 4850 to 4097
core.kinematics.FoldTree: delete_jump_seqpos: deleting jump 4098
core.kinematics.FoldTree: delete_jump_seqpos: renumbering jump 4849 to 4098
core.kinematics.FoldTree: delete_jump_seqpos: deleting jump 4099
core.kinematics.FoldTree: delete_jump_seqpos: renumbering jump 4848 to 4099
core.kinematics.FoldTree: delete_jump_seqpos: deleting jump 4100
core.kinematics.FoldTree: delete_jump_seqpos: renumbering jump 4847 to 4100
core.kinematics.FoldTree: delete_jump_seqpos: deleting jump 4101
core.kinematics.FoldTree: delete_jump_seqpos: renumbering jump 4846 to 4101
core.kinematics.FoldTree: delete_jump_seqpos: deleting jump 4102
core.kinematics.FoldTree: delete_jump_seqpos: renumbering jump 4845 to 4102
core.kinematics.FoldTree: delete_jump_seqpos: deleting jump 4103
core.kinematics.FoldTree: delete_jump_seqpos: renumbering jump 4844 to 4103
core.kinematics.FoldTree: delete_jump_seqpos: deleting jump 4104
core.kinematics.FoldTree: delete_jump_seqpos: renumbering jump 4843 to 4104
core.kinematics.FoldTree: delete_jump_seqpos: deleting jump 4105
core.kinematics.FoldTree: delete_jump_seqpos: renumbering jump 4842 to 4105
core.kinematics.FoldTree: delete_jump_seqpos: deleting jump 4106
core.kinematics.FoldTree: delete_jump_seqpos: renumbering jump 4841 to 4106
core.kinematics.FoldTree: delete_jump_seqpos: deleting jump 4107
core.kinematics.FoldTree: delete_jump_seqpos: renumbering jump 4840 to 4107
core.kinematics.FoldTree: delete_jump_seqpos: deleting jump 4108
core.kinematics.FoldTree: delete_jump_seqpos: renumbering jump 4839 to 4108
core.kinematics.FoldTree: delete_jump_seqpos: deleting jump 4109
core.kinematics.FoldTree: delete_jump_seqpos: renumbering jump 4838 to 4109
core.kinematics.FoldTree: delete_jump_seqpos: deleting jump 4110
core.kinematics.FoldTree: delete_jump_seqpos: renumbering jump 4837 to 4110
core.kinematics.FoldTree: delete_jump_seqpos: deleting jump 4111
core.kinematics.FoldTree: delete_jump_seqpos: renumbering jump 4836 to 4111
core.kinematics.FoldTree: delete_jump_seqpos: deleting jump 4112
core.kinematics.FoldTree: delete_jump_seqpos: renumbering jump 4835 to 4112
core.kinematics.FoldTree: delete_jump_seqpos: deleting jump 4113
core.kinematics.FoldTree: delete_jump_seqpos: renumbering jump 4834 to 4113
core.kinematics.FoldTree: delete_jump_seqpos: deleting jump 4114
core.kinematics.FoldTree: delete_jump_seqpos: renumbering jump 4833 to 4114
core.kinematics.FoldTree: delete_jump_seqpos: deleting jump 4115
core.kinematics.FoldTree: delete_jump_seqpos: renumbering jump 4832 to 4115
core.kinematics.FoldTree: delete_jump_seqpos: deleting jump 4116
core.kinematics.FoldTree: delete_jump_seqpos: renumbering jump 4831 to 4116
core.kinematics.FoldTree: delete_jump_seqpos: deleting jump 4117
core.kinematics.FoldTree: delete_jump_seqpos: renumbering jump 4830 to 4117
core.kinematics.FoldTree: delete_jump_seqpos: deleting jump 4118
core.kinematics.FoldTree: delete_jump_seqpos: renumbering jump 4829 to 4118
core.kinematics.FoldTree: delete_jump_seqpos: deleting jump 4119
core.kinematics.FoldTree: delete_jump_seqpos: renumbering jump 4828 to 4119
core.kinematics.FoldTree: delete_jump_seqpos: deleting jump 4120
core.kinematics.FoldTree: delete_jump_seqpos: renumbering jump 4827 to 4120
core.kinematics.FoldTree: delete_jump_seqpos: deleting jump 4121
core.kinematics.FoldTree: delete_jump_seqpos: renumbering jump 4826 to 4121
core.kinematics.FoldTree: delete_jump_seqpos: deleting jump 4122
core.kinematics.FoldTree: delete_jump_seqpos: renumbering jump 4825 to 4122
core.kinematics.FoldTree: delete_jump_seqpos: deleting jump 4123
core.kinematics.FoldTree: delete_jump_seqpos: renumbering jump 4824 to 4123
core.kinematics.FoldTree: delete_jump_seqpos: deleting jump 4124
core.kinematics.FoldTree: delete_jump_seqpos: renumbering jump 4823 to 4124
core.kinematics.FoldTree: delete_jump_seqpos: deleting jump 4125
core.kinematics.FoldTree: delete_jump_seqpos: renumbering jump 4822 to 4125
core.kinematics.FoldTree: delete_jump_seqpos: deleting jump 4126
core.kinematics.FoldTree: delete_jump_seqpos: renumbering jump 4821 to 4126
core.kinematics.FoldTree: delete_jump_seqpos: deleting jump 4127
core.kinematics.FoldTree: delete_jump_seqpos: renumbering jump 4820 to 4127
core.kinematics.FoldTree: delete_jump_seqpos: deleting jump 4128
core.kinematics.FoldTree: delete_jump_seqpos: renumbering jump 4819 to 4128
core.kinematics.FoldTree: delete_jump_seqpos: deleting jump 4129
core.kinematics.FoldTree: delete_jump_seqpos: renumbering jump 4818 to 4129
core.kinematics.FoldTree: delete_jump_seqpos: deleting jump 4130
core.kinematics.FoldTree: delete_jump_seqpos: renumbering jump 4817 to 4130
core.kinematics.FoldTree: delete_jump_seqpos: deleting jump 4131
core.kinematics.FoldTree: delete_jump_seqpos: renumbering jump 4816 to 4131
core.kinematics.FoldTree: delete_jump_seqpos: deleting jump 4132
core.kinematics.FoldTree: delete_jump_seqpos: renumbering jump 4815 to 4132
core.kinematics.FoldTree: delete_jump_seqpos: deleting jump 4133
core.kinematics.FoldTree: delete_jump_seqpos: renumbering jump 4814 to 4133
core.kinematics.FoldTree: delete_jump_seqpos: deleting jump 4134
core.kinematics.FoldTree: delete_jump_seqpos: renumbering jump 4813 to 4134
core.kinematics.FoldTree: delete_jump_seqpos: deleting jump 4135
core.kinematics.FoldTree: delete_jump_seqpos: renumbering jump 4812 to 4135
core.kinematics.FoldTree: delete_jump_seqpos: deleting jump 4136
core.kinematics.FoldTree: delete_jump_seqpos: renumbering jump 4811 to 4136
core.kinematics.FoldTree: delete_jump_seqpos: deleting jump 4137
core.kinematics.FoldTree: delete_jump_seqpos: renumbering jump 4810 to 4137
core.kinematics.FoldTree: delete_jump_seqpos: deleting jump 4138
core.kinematics.FoldTree: delete_jump_seqpos: renumbering jump 4809 to 4138
core.kinematics.FoldTree: delete_jump_seqpos: deleting jump 4139
core.kinematics.FoldTree: delete_jump_seqpos: renumbering jump 4808 to 4139
core.kinematics.FoldTree: delete_jump_seqpos: deleting jump 4140
core.kinematics.FoldTree: delete_jump_seqpos: renumbering jump 4807 to 4140
core.kinematics.FoldTree: delete_jump_seqpos: deleting jump 4141
core.kinematics.FoldTree: delete_jump_seqpos: renumbering jump 4806 to 4141
core.kinematics.FoldTree: delete_jump_seqpos: deleting jump 4142
core.kinematics.FoldTree: delete_jump_seqpos: renumbering jump 4805 to 4142
core.kinematics.FoldTree: delete_jump_seqpos: deleting jump 4143
core.kinematics.FoldTree: delete_jump_seqpos: renumbering jump 4804 to 4143
core.kinematics.FoldTree: delete_jump_seqpos: deleting jump 4144
core.kinematics.FoldTree: delete_jump_seqpos: renumbering jump 4803 to 4144
core.kinematics.FoldTree: delete_jump_seqpos: deleting jump 4145
core.kinematics.FoldTree: delete_jump_seqpos: renumbering jump 4802 to 4145
core.kinematics.FoldTree: delete_jump_seqpos: deleting jump 4146
core.kinematics.FoldTree: delete_jump_seqpos: renumbering jump 4801 to 4146
core.kinematics.FoldTree: delete_jump_seqpos: deleting jump 4147
core.kinematics.FoldTree: delete_jump_seqpos: renumbering jump 4800 to 4147
core.kinematics.FoldTree: delete_jump_seqpos: deleting jump 4148
core.kinematics.FoldTree: delete_jump_seqpos: renumbering jump 4799 to 4148
core.kinematics.FoldTree: delete_jump_seqpos: deleting jump 4149
core.kinematics.FoldTree: delete_jump_seqpos: renumbering jump 4798 to 4149
core.kinematics.FoldTree: delete_jump_seqpos: deleting jump 4150
core.kinematics.FoldTree: delete_jump_seqpos: renumbering jump 4797 to 4150
core.kinematics.FoldTree: delete_jump_seqpos: deleting jump 4151
core.kinematics.FoldTree: delete_jump_seqpos: renumbering jump 4796 to 4151
core.kinematics.FoldTree: delete_jump_seqpos: deleting jump 4152
core.kinematics.FoldTree: delete_jump_seqpos: renumbering jump 4795 to 4152
core.kinematics.FoldTree: delete_jump_seqpos: deleting jump 4153
core.kinematics.FoldTree: delete_jump_seqpos: renumbering jump 4794 to 4153
core.kinematics.FoldTree: delete_jump_seqpos: deleting jump 4154
core.kinematics.FoldTree: delete_jump_seqpos: renumbering jump 4793 to 4154
core.kinematics.FoldTree: delete_jump_seqpos: deleting jump 4155
core.kinematics.FoldTree: delete_jump_seqpos: renumbering jump 4792 to 4155
core.kinematics.FoldTree: delete_jump_seqpos: deleting jump 4156
core.kinematics.FoldTree: delete_jump_seqpos: renumbering jump 4791 to 4156
core.kinematics.FoldTree: delete_jump_seqpos: deleting jump 4157
core.kinematics.FoldTree: delete_jump_seqpos: renumbering jump 4790 to 4157
core.kinematics.FoldTree: delete_jump_seqpos: deleting jump 4158
core.kinematics.FoldTree: delete_jump_seqpos: renumbering jump 4789 to 4158
core.kinematics.FoldTree: delete_jump_seqpos: deleting jump 4159
core.kinematics.FoldTree: delete_jump_seqpos: renumbering jump 4788 to 4159
core.kinematics.FoldTree: delete_jump_seqpos: deleting jump 4160
core.kinematics.FoldTree: delete_jump_seqpos: renumbering jump 4787 to 4160
core.kinematics.FoldTree: delete_jump_seqpos: deleting jump 4161
core.kinematics.FoldTree: delete_jump_seqpos: renumbering jump 4786 to 4161
core.kinematics.FoldTree: delete_jump_seqpos: deleting jump 4162
core.kinematics.FoldTree: delete_jump_seqpos: renumbering jump 4785 to 4162
core.kinematics.FoldTree: delete_jump_seqpos: deleting jump 4163
core.kinematics.FoldTree: delete_jump_seqpos: renumbering jump 4784 to 4163
core.kinematics.FoldTree: delete_jump_seqpos: deleting jump 4164
core.kinematics.FoldTree: delete_jump_seqpos: renumbering jump 4783 to 4164
core.kinematics.FoldTree: delete_jump_seqpos: deleting jump 4165
core.kinematics.FoldTree: delete_jump_seqpos: renumbering jump 4782 to 4165
core.kinematics.FoldTree: delete_jump_seqpos: deleting jump 4166
core.kinematics.FoldTree: delete_jump_seqpos: renumbering jump 4781 to 4166
core.kinematics.FoldTree: delete_jump_seqpos: deleting jump 4167
core.kinematics.FoldTree: delete_jump_seqpos: renumbering jump 4780 to 4167
core.kinematics.FoldTree: delete_jump_seqpos: deleting jump 4168
core.kinematics.FoldTree: delete_jump_seqpos: renumbering jump 4779 to 4168
core.kinematics.FoldTree: delete_jump_seqpos: deleting jump 4169
core.kinematics.FoldTree: delete_jump_seqpos: renumbering jump 4778 to 4169
core.kinematics.FoldTree: delete_jump_seqpos: deleting jump 4170
core.kinematics.FoldTree: delete_jump_seqpos: renumbering jump 4777 to 4170
core.kinematics.FoldTree: delete_jump_seqpos: deleting jump 4171
core.kinematics.FoldTree: delete_jump_seqpos: renumbering jump 4776 to 4171
core.kinematics.FoldTree: delete_jump_seqpos: deleting jump 4172
core.kinematics.FoldTree: delete_jump_seqpos: renumbering jump 4775 to 4172
core.kinematics.FoldTree: delete_jump_seqpos: deleting jump 4173
core.kinematics.FoldTree: delete_jump_seqpos: renumbering jump 4774 to 4173
core.kinematics.FoldTree: delete_jump_seqpos: deleting jump 4174
core.kinematics.FoldTree: delete_jump_seqpos: renumbering jump 4773 to 4174
core.kinematics.FoldTree: delete_jump_seqpos: deleting jump 4175
core.kinematics.FoldTree: delete_jump_seqpos: renumbering jump 4772 to 4175
core.kinematics.FoldTree: delete_jump_seqpos: deleting jump 4176
core.kinematics.FoldTree: delete_jump_seqpos: renumbering jump 4771 to 4176
core.kinematics.FoldTree: delete_jump_seqpos: deleting jump 4177
core.kinematics.FoldTree: delete_jump_seqpos: renumbering jump 4770 to 4177
core.kinematics.FoldTree: delete_jump_seqpos: deleting jump 4178
core.kinematics.FoldTree: delete_jump_seqpos: renumbering jump 4769 to 4178
core.kinematics.FoldTree: delete_jump_seqpos: deleting jump 4179
core.kinematics.FoldTree: delete_jump_seqpos: renumbering jump 4768 to 4179
core.kinematics.FoldTree: delete_jump_seqpos: deleting jump 4180
core.kinematics.FoldTree: delete_jump_seqpos: renumbering jump 4767 to 4180
core.kinematics.FoldTree: delete_jump_seqpos: deleting jump 4181
core.kinematics.FoldTree: delete_jump_seqpos: renumbering jump 4766 to 4181
core.kinematics.FoldTree: delete_jump_seqpos: deleting jump 4182
core.kinematics.FoldTree: delete_jump_seqpos: renumbering jump 4765 to 4182
core.kinematics.FoldTree: delete_jump_seqpos: deleting jump 4183
core.kinematics.FoldTree: delete_jump_seqpos: renumbering jump 4764 to 4183
core.kinematics.FoldTree: delete_jump_seqpos: deleting jump 4184
core.kinematics.FoldTree: delete_jump_seqpos: renumbering jump 4763 to 4184
core.kinematics.FoldTree: delete_jump_seqpos: deleting jump 4185
core.kinematics.FoldTree: delete_jump_seqpos: renumbering jump 4762 to 4185
core.kinematics.FoldTree: delete_jump_seqpos: deleting jump 4186
core.kinematics.FoldTree: delete_jump_seqpos: renumbering jump 4761 to 4186
core.kinematics.FoldTree: delete_jump_seqpos: deleting jump 4187
core.kinematics.FoldTree: delete_jump_seqpos: renumbering jump 4760 to 4187
core.kinematics.FoldTree: delete_jump_seqpos: deleting jump 4188
core.kinematics.FoldTree: delete_jump_seqpos: renumbering jump 4759 to 4188
core.kinematics.FoldTree: delete_jump_seqpos: deleting jump 4189
core.kinematics.FoldTree: delete_jump_seqpos: renumbering jump 4758 to 4189
core.kinematics.FoldTree: delete_jump_seqpos: deleting jump 4190
core.kinematics.FoldTree: delete_jump_seqpos: renumbering jump 4757 to 4190
core.kinematics.FoldTree: delete_jump_seqpos: deleting jump 4191
core.kinematics.FoldTree: delete_jump_seqpos: renumbering jump 4756 to 4191
core.kinematics.FoldTree: delete_jump_seqpos: deleting jump 4192
core.kinematics.FoldTree: delete_jump_seqpos: renumbering jump 4755 to 4192
core.kinematics.FoldTree: delete_jump_seqpos: deleting jump 4193
core.kinematics.FoldTree: delete_jump_seqpos: renumbering jump 4754 to 4193
core.kinematics.FoldTree: delete_jump_seqpos: deleting jump 4194
core.kinematics.FoldTree: delete_jump_seqpos: renumbering jump 4753 to 4194
core.kinematics.FoldTree: delete_jump_seqpos: deleting jump 4195
core.kinematics.FoldTree: delete_jump_seqpos: renumbering jump 4752 to 4195
core.kinematics.FoldTree: delete_jump_seqpos: deleting jump 4196
core.kinematics.FoldTree: delete_jump_seqpos: renumbering jump 4751 to 4196
core.kinematics.FoldTree: delete_jump_seqpos: deleting jump 4197
core.kinematics.FoldTree: delete_jump_seqpos: renumbering jump 4750 to 4197
core.kinematics.FoldTree: delete_jump_seqpos: deleting jump 4198
core.kinematics.FoldTree: delete_jump_seqpos: renumbering jump 4749 to 4198
core.kinematics.FoldTree: delete_jump_seqpos: deleting jump 4199
core.kinematics.FoldTree: delete_jump_seqpos: renumbering jump 4748 to 4199
core.kinematics.FoldTree: delete_jump_seqpos: deleting jump 4200
core.kinematics.FoldTree: delete_jump_seqpos: renumbering jump 4747 to 4200
core.kinematics.FoldTree: delete_jump_seqpos: deleting jump 4201
core.kinematics.FoldTree: delete_jump_seqpos: renumbering jump 4746 to 4201
core.kinematics.FoldTree: delete_jump_seqpos: deleting jump 4202
core.kinematics.FoldTree: delete_jump_seqpos: renumbering jump 4745 to 4202
core.kinematics.FoldTree: delete_jump_seqpos: deleting jump 4203
core.kinematics.FoldTree: delete_jump_seqpos: renumbering jump 4744 to 4203
core.kinematics.FoldTree: delete_jump_seqpos: deleting jump 4204
core.kinematics.FoldTree: delete_jump_seqpos: renumbering jump 4743 to 4204
core.kinematics.FoldTree: delete_jump_seqpos: deleting jump 4205
core.kinematics.FoldTree: delete_jump_seqpos: renumbering jump 4742 to 4205
core.kinematics.FoldTree: delete_jump_seqpos: deleting jump 4206
core.kinematics.FoldTree: delete_jump_seqpos: renumbering jump 4741 to 4206
core.kinematics.FoldTree: delete_jump_seqpos: deleting jump 4207
core.kinematics.FoldTree: delete_jump_seqpos: renumbering jump 4740 to 4207
core.kinematics.FoldTree: delete_jump_seqpos: deleting jump 4208
core.kinematics.FoldTree: delete_jump_seqpos: renumbering jump 4739 to 4208
core.kinematics.FoldTree: delete_jump_seqpos: deleting jump 4209
core.kinematics.FoldTree: delete_jump_seqpos: renumbering jump 4738 to 4209
core.kinematics.FoldTree: delete_jump_seqpos: deleting jump 4210
core.kinematics.FoldTree: delete_jump_seqpos: renumbering jump 4737 to 4210
core.kinematics.FoldTree: delete_jump_seqpos: deleting jump 4211
core.kinematics.FoldTree: delete_jump_seqpos: renumbering jump 4736 to 4211
core.kinematics.FoldTree: delete_jump_seqpos: deleting jump 4212
core.kinematics.FoldTree: delete_jump_seqpos: renumbering jump 4735 to 4212
core.kinematics.FoldTree: delete_jump_seqpos: deleting jump 4213
core.kinematics.FoldTree: delete_jump_seqpos: renumbering jump 4734 to 4213
core.kinematics.FoldTree: delete_jump_seqpos: deleting jump 4214
core.kinematics.FoldTree: delete_jump_seqpos: renumbering jump 4733 to 4214
core.kinematics.FoldTree: delete_jump_seqpos: deleting jump 4215
core.kinematics.FoldTree: delete_jump_seqpos: renumbering jump 4732 to 4215
core.kinematics.FoldTree: delete_jump_seqpos: deleting jump 4216
core.kinematics.FoldTree: delete_jump_seqpos: renumbering jump 4731 to 4216
core.kinematics.FoldTree: delete_jump_seqpos: deleting jump 4217
core.kinematics.FoldTree: delete_jump_seqpos: renumbering jump 4730 to 4217
core.kinematics.FoldTree: delete_jump_seqpos: deleting jump 4218
core.kinematics.FoldTree: delete_jump_seqpos: renumbering jump 4729 to 4218
core.kinematics.FoldTree: delete_jump_seqpos: deleting jump 4219
core.kinematics.FoldTree: delete_jump_seqpos: renumbering jump 4728 to 4219
core.kinematics.FoldTree: delete_jump_seqpos: deleting jump 4220
core.kinematics.FoldTree: delete_jump_seqpos: renumbering jump 4727 to 4220
core.kinematics.FoldTree: delete_jump_seqpos: deleting jump 4221
core.kinematics.FoldTree: delete_jump_seqpos: renumbering jump 4726 to 4221
core.kinematics.FoldTree: delete_jump_seqpos: deleting jump 4222
core.kinematics.FoldTree: delete_jump_seqpos: renumbering jump 4725 to 4222
core.kinematics.FoldTree: delete_jump_seqpos: deleting jump 4223
core.kinematics.FoldTree: delete_jump_seqpos: renumbering jump 4724 to 4223
core.kinematics.FoldTree: delete_jump_seqpos: deleting jump 4224
core.kinematics.FoldTree: delete_jump_seqpos: renumbering jump 4723 to 4224
core.kinematics.FoldTree: delete_jump_seqpos: deleting jump 4225
core.kinematics.FoldTree: delete_jump_seqpos: renumbering jump 4722 to 4225
core.kinematics.FoldTree: delete_jump_seqpos: deleting jump 4226
core.kinematics.FoldTree: delete_jump_seqpos: renumbering jump 4721 to 4226
core.kinematics.FoldTree: delete_jump_seqpos: deleting jump 4227
core.kinematics.FoldTree: delete_jump_seqpos: renumbering jump 4720 to 4227
core.kinematics.FoldTree: delete_jump_seqpos: deleting jump 4228
core.kinematics.FoldTree: delete_jump_seqpos: renumbering jump 4719 to 4228
core.kinematics.FoldTree: delete_jump_seqpos: deleting jump 4229
core.kinematics.FoldTree: delete_jump_seqpos: renumbering jump 4718 to 4229
core.kinematics.FoldTree: delete_jump_seqpos: deleting jump 4230
core.kinematics.FoldTree: delete_jump_seqpos: renumbering jump 4717 to 4230
core.kinematics.FoldTree: delete_jump_seqpos: deleting jump 4231
core.kinematics.FoldTree: delete_jump_seqpos: renumbering jump 4716 to 4231
core.kinematics.FoldTree: delete_jump_seqpos: deleting jump 4232
core.kinematics.FoldTree: delete_jump_seqpos: renumbering jump 4715 to 4232
core.kinematics.FoldTree: delete_jump_seqpos: deleting jump 4233
core.kinematics.FoldTree: delete_jump_seqpos: renumbering jump 4714 to 4233
core.kinematics.FoldTree: delete_jump_seqpos: deleting jump 4234
core.kinematics.FoldTree: delete_jump_seqpos: renumbering jump 4713 to 4234
core.kinematics.FoldTree: delete_jump_seqpos: deleting jump 4235
core.kinematics.FoldTree: delete_jump_seqpos: renumbering jump 4712 to 4235
core.kinematics.FoldTree: delete_jump_seqpos: deleting jump 4236
core.kinematics.FoldTree: delete_jump_seqpos: renumbering jump 4711 to 4236
core.kinematics.FoldTree: delete_jump_seqpos: deleting jump 4237
core.kinematics.FoldTree: delete_jump_seqpos: renumbering jump 4710 to 4237
core.kinematics.FoldTree: delete_jump_seqpos: deleting jump 4238
core.kinematics.FoldTree: delete_jump_seqpos: renumbering jump 4709 to 4238
core.kinematics.FoldTree: delete_jump_seqpos: deleting jump 4239
core.kinematics.FoldTree: delete_jump_seqpos: renumbering jump 4708 to 4239
core.kinematics.FoldTree: delete_jump_seqpos: deleting jump 4240
core.kinematics.FoldTree: delete_jump_seqpos: renumbering jump 4707 to 4240
core.kinematics.FoldTree: delete_jump_seqpos: deleting jump 4241
core.kinematics.FoldTree: delete_jump_seqpos: renumbering jump 4706 to 4241
core.kinematics.FoldTree: delete_jump_seqpos: deleting jump 4242
core.kinematics.FoldTree: delete_jump_seqpos: renumbering jump 4705 to 4242
core.kinematics.FoldTree: delete_jump_seqpos: deleting jump 4243
core.kinematics.FoldTree: delete_jump_seqpos: renumbering jump 4704 to 4243
core.kinematics.FoldTree: delete_jump_seqpos: deleting jump 4244
core.kinematics.FoldTree: delete_jump_seqpos: renumbering jump 4703 to 4244
core.kinematics.FoldTree: delete_jump_seqpos: deleting jump 4245
core.kinematics.FoldTree: delete_jump_seqpos: renumbering jump 4702 to 4245
core.kinematics.FoldTree: delete_jump_seqpos: deleting jump 4246
core.kinematics.FoldTree: delete_jump_seqpos: renumbering jump 4701 to 4246
core.kinematics.FoldTree: delete_jump_seqpos: deleting jump 4247
core.kinematics.FoldTree: delete_jump_seqpos: renumbering jump 4700 to 4247
core.kinematics.FoldTree: delete_jump_seqpos: deleting jump 4248
core.kinematics.FoldTree: delete_jump_seqpos: renumbering jump 4699 to 4248
core.kinematics.FoldTree: delete_jump_seqpos: deleting jump 4249
core.kinematics.FoldTree: delete_jump_seqpos: renumbering jump 4698 to 4249
core.kinematics.FoldTree: delete_jump_seqpos: deleting jump 4250
core.kinematics.FoldTree: delete_jump_seqpos: renumbering jump 4697 to 4250
core.kinematics.FoldTree: delete_jump_seqpos: deleting jump 4251
core.kinematics.FoldTree: delete_jump_seqpos: renumbering jump 4696 to 4251
core.kinematics.FoldTree: delete_jump_seqpos: deleting jump 4252
core.kinematics.FoldTree: delete_jump_seqpos: renumbering jump 4695 to 4252
core.kinematics.FoldTree: delete_jump_seqpos: deleting jump 4253
core.kinematics.FoldTree: delete_jump_seqpos: renumbering jump 4694 to 4253
core.kinematics.FoldTree: delete_jump_seqpos: deleting jump 4254
core.kinematics.FoldTree: delete_jump_seqpos: renumbering jump 4693 to 4254
core.kinematics.FoldTree: delete_jump_seqpos: deleting jump 4255
core.kinematics.FoldTree: delete_jump_seqpos: renumbering jump 4692 to 4255
core.kinematics.FoldTree: delete_jump_seqpos: deleting jump 4256
core.kinematics.FoldTree: delete_jump_seqpos: renumbering jump 4691 to 4256
core.kinematics.FoldTree: delete_jump_seqpos: deleting jump 4257
core.kinematics.FoldTree: delete_jump_seqpos: renumbering jump 4690 to 4257
core.kinematics.FoldTree: delete_jump_seqpos: deleting jump 4258
core.kinematics.FoldTree: delete_jump_seqpos: renumbering jump 4689 to 4258
core.kinematics.FoldTree: delete_jump_seqpos: deleting jump 4259
core.kinematics.FoldTree: delete_jump_seqpos: renumbering jump 4688 to 4259
core.kinematics.FoldTree: delete_jump_seqpos: deleting jump 4260
core.kinematics.FoldTree: delete_jump_seqpos: renumbering jump 4687 to 4260
core.kinematics.FoldTree: delete_jump_seqpos: deleting jump 4261
core.kinematics.FoldTree: delete_jump_seqpos: renumbering jump 4686 to 4261
core.kinematics.FoldTree: delete_jump_seqpos: deleting jump 4262
core.kinematics.FoldTree: delete_jump_seqpos: renumbering jump 4685 to 4262
core.kinematics.FoldTree: delete_jump_seqpos: deleting jump 4263
core.kinematics.FoldTree: delete_jump_seqpos: renumbering jump 4684 to 4263
core.kinematics.FoldTree: delete_jump_seqpos: deleting jump 4264
core.kinematics.FoldTree: delete_jump_seqpos: renumbering jump 4683 to 4264
core.kinematics.FoldTree: delete_jump_seqpos: deleting jump 4265
core.kinematics.FoldTree: delete_jump_seqpos: renumbering jump 4682 to 4265
core.kinematics.FoldTree: delete_jump_seqpos: deleting jump 4266
core.kinematics.FoldTree: delete_jump_seqpos: renumbering jump 4681 to 4266
core.kinematics.FoldTree: delete_jump_seqpos: deleting jump 4267
core.kinematics.FoldTree: delete_jump_seqpos: renumbering jump 4680 to 4267
core.kinematics.FoldTree: delete_jump_seqpos: deleting jump 4268
core.kinematics.FoldTree: delete_jump_seqpos: renumbering jump 4679 to 4268
core.kinematics.FoldTree: delete_jump_seqpos: deleting jump 4269
core.kinematics.FoldTree: delete_jump_seqpos: renumbering jump 4678 to 4269
core.kinematics.FoldTree: delete_jump_seqpos: deleting jump 4270
core.kinematics.FoldTree: delete_jump_seqpos: renumbering jump 4677 to 4270
core.kinematics.FoldTree: delete_jump_seqpos: deleting jump 4271
core.kinematics.FoldTree: delete_jump_seqpos: renumbering jump 4676 to 4271
core.kinematics.FoldTree: delete_jump_seqpos: deleting jump 4272
core.kinematics.FoldTree: delete_jump_seqpos: renumbering jump 4675 to 4272
core.kinematics.FoldTree: delete_jump_seqpos: deleting jump 4273
core.kinematics.FoldTree: delete_jump_seqpos: renumbering jump 4674 to 4273
core.kinematics.FoldTree: delete_jump_seqpos: deleting jump 4274
core.kinematics.FoldTree: delete_jump_seqpos: renumbering jump 4673 to 4274
core.kinematics.FoldTree: delete_jump_seqpos: deleting jump 4275
core.kinematics.FoldTree: delete_jump_seqpos: renumbering jump 4672 to 4275
core.kinematics.FoldTree: delete_jump_seqpos: deleting jump 4276
core.kinematics.FoldTree: delete_jump_seqpos: renumbering jump 4671 to 4276
core.kinematics.FoldTree: delete_jump_seqpos: deleting jump 4277
core.kinematics.FoldTree: delete_jump_seqpos: renumbering jump 4670 to 4277
core.kinematics.FoldTree: delete_jump_seqpos: deleting jump 4278
core.kinematics.FoldTree: delete_jump_seqpos: renumbering jump 4669 to 4278
core.kinematics.FoldTree: delete_jump_seqpos: deleting jump 4279
core.kinematics.FoldTree: delete_jump_seqpos: renumbering jump 4668 to 4279
core.kinematics.FoldTree: delete_jump_seqpos: deleting jump 4280
core.kinematics.FoldTree: delete_jump_seqpos: renumbering jump 4667 to 4280
core.kinematics.FoldTree: delete_jump_seqpos: deleting jump 4281
core.kinematics.FoldTree: delete_jump_seqpos: renumbering jump 4666 to 4281
core.kinematics.FoldTree: delete_jump_seqpos: deleting jump 4282
core.kinematics.FoldTree: delete_jump_seqpos: renumbering jump 4665 to 4282
core.kinematics.FoldTree: delete_jump_seqpos: deleting jump 4283
core.kinematics.FoldTree: delete_jump_seqpos: renumbering jump 4664 to 4283
core.kinematics.FoldTree: delete_jump_seqpos: deleting jump 4284
core.kinematics.FoldTree: delete_jump_seqpos: renumbering jump 4663 to 4284
core.kinematics.FoldTree: delete_jump_seqpos: deleting jump 4285
core.kinematics.FoldTree: delete_jump_seqpos: renumbering jump 4662 to 4285
core.kinematics.FoldTree: delete_jump_seqpos: deleting jump 4286
core.kinematics.FoldTree: delete_jump_seqpos: renumbering jump 4661 to 4286
core.kinematics.FoldTree: delete_jump_seqpos: deleting jump 4287
core.kinematics.FoldTree: delete_jump_seqpos: renumbering jump 4660 to 4287
core.kinematics.FoldTree: delete_jump_seqpos: deleting jump 4288
core.kinematics.FoldTree: delete_jump_seqpos: renumbering jump 4659 to 4288
core.kinematics.FoldTree: delete_jump_seqpos: deleting jump 4289
core.kinematics.FoldTree: delete_jump_seqpos: renumbering jump 4658 to 4289
core.kinematics.FoldTree: delete_jump_seqpos: deleting jump 4290
core.kinematics.FoldTree: delete_jump_seqpos: renumbering jump 4657 to 4290
core.kinematics.FoldTree: delete_jump_seqpos: deleting jump 4291
core.kinematics.FoldTree: delete_jump_seqpos: renumbering jump 4656 to 4291
core.kinematics.FoldTree: delete_jump_seqpos: deleting jump 4292
core.kinematics.FoldTree: delete_jump_seqpos: renumbering jump 4655 to 4292
core.kinematics.FoldTree: delete_jump_seqpos: deleting jump 4293
core.kinematics.FoldTree: delete_jump_seqpos: renumbering jump 4654 to 4293
core.kinematics.FoldTree: delete_jump_seqpos: deleting jump 4294
core.kinematics.FoldTree: delete_jump_seqpos: renumbering jump 4653 to 4294
core.kinematics.FoldTree: delete_jump_seqpos: deleting jump 4295
core.kinematics.FoldTree: delete_jump_seqpos: renumbering jump 4652 to 4295
core.kinematics.FoldTree: delete_jump_seqpos: deleting jump 4296
core.kinematics.FoldTree: delete_jump_seqpos: renumbering jump 4651 to 4296
core.kinematics.FoldTree: delete_jump_seqpos: deleting jump 4297
core.kinematics.FoldTree: delete_jump_seqpos: renumbering jump 4650 to 4297
core.kinematics.FoldTree: delete_jump_seqpos: deleting jump 4298
core.kinematics.FoldTree: delete_jump_seqpos: renumbering jump 4649 to 4298
core.kinematics.FoldTree: delete_jump_seqpos: deleting jump 4299
core.kinematics.FoldTree: delete_jump_seqpos: renumbering jump 4648 to 4299
core.kinematics.FoldTree: delete_jump_seqpos: deleting jump 4300
core.kinematics.FoldTree: delete_jump_seqpos: renumbering jump 4647 to 4300
core.kinematics.FoldTree: delete_jump_seqpos: deleting jump 4301
core.kinematics.FoldTree: delete_jump_seqpos: renumbering jump 4646 to 4301
core.kinematics.FoldTree: delete_jump_seqpos: deleting jump 4302
core.kinematics.FoldTree: delete_jump_seqpos: renumbering jump 4645 to 4302
core.kinematics.FoldTree: delete_jump_seqpos: deleting jump 4303
core.kinematics.FoldTree: delete_jump_seqpos: renumbering jump 4644 to 4303
core.kinematics.FoldTree: delete_jump_seqpos: deleting jump 4304
core.kinematics.FoldTree: delete_jump_seqpos: renumbering jump 4643 to 4304
core.kinematics.FoldTree: delete_jump_seqpos: deleting jump 4305
core.kinematics.FoldTree: delete_jump_seqpos: renumbering jump 4642 to 4305
core.kinematics.FoldTree: delete_jump_seqpos: deleting jump 4306
core.kinematics.FoldTree: delete_jump_seqpos: renumbering jump 4641 to 4306
core.kinematics.FoldTree: delete_jump_seqpos: deleting jump 4307
core.kinematics.FoldTree: delete_jump_seqpos: renumbering jump 4640 to 4307
core.kinematics.FoldTree: delete_jump_seqpos: deleting jump 4308
core.kinematics.FoldTree: delete_jump_seqpos: renumbering jump 4639 to 4308
core.kinematics.FoldTree: delete_jump_seqpos: deleting jump 4309
core.kinematics.FoldTree: delete_jump_seqpos: renumbering jump 4638 to 4309
core.kinematics.FoldTree: delete_jump_seqpos: deleting jump 4310
core.kinematics.FoldTree: delete_jump_seqpos: renumbering jump 4637 to 4310
core.kinematics.FoldTree: delete_jump_seqpos: deleting jump 4311
core.kinematics.FoldTree: delete_jump_seqpos: renumbering jump 4636 to 4311
core.kinematics.FoldTree: delete_jump_seqpos: deleting jump 4312
core.kinematics.FoldTree: delete_jump_seqpos: renumbering jump 4635 to 4312
core.kinematics.FoldTree: delete_jump_seqpos: deleting jump 4313
core.kinematics.FoldTree: delete_jump_seqpos: renumbering jump 4634 to 4313
core.kinematics.FoldTree: delete_jump_seqpos: deleting jump 4314
core.kinematics.FoldTree: delete_jump_seqpos: renumbering jump 4633 to 4314
core.kinematics.FoldTree: delete_jump_seqpos: deleting jump 4315
core.kinematics.FoldTree: delete_jump_seqpos: renumbering jump 4632 to 4315
core.kinematics.FoldTree: delete_jump_seqpos: deleting jump 4316
core.kinematics.FoldTree: delete_jump_seqpos: renumbering jump 4631 to 4316
core.kinematics.FoldTree: delete_jump_seqpos: deleting jump 4317
core.kinematics.FoldTree: delete_jump_seqpos: renumbering jump 4630 to 4317
core.kinematics.FoldTree: delete_jump_seqpos: deleting jump 4318
core.kinematics.FoldTree: delete_jump_seqpos: renumbering jump 4629 to 4318
core.kinematics.FoldTree: delete_jump_seqpos: deleting jump 4319
core.kinematics.FoldTree: delete_jump_seqpos: renumbering jump 4628 to 4319
core.kinematics.FoldTree: delete_jump_seqpos: deleting jump 4320
core.kinematics.FoldTree: delete_jump_seqpos: renumbering jump 4627 to 4320
core.kinematics.FoldTree: delete_jump_seqpos: deleting jump 4321
core.kinematics.FoldTree: delete_jump_seqpos: renumbering jump 4626 to 4321
core.kinematics.FoldTree: delete_jump_seqpos: deleting jump 4322
core.kinematics.FoldTree: delete_jump_seqpos: renumbering jump 4625 to 4322
core.kinematics.FoldTree: delete_jump_seqpos: deleting jump 4323
core.kinematics.FoldTree: delete_jump_seqpos: renumbering jump 4624 to 4323
core.kinematics.FoldTree: delete_jump_seqpos: deleting jump 4324
core.kinematics.FoldTree: delete_jump_seqpos: renumbering jump 4623 to 4324
core.kinematics.FoldTree: delete_jump_seqpos: deleting jump 4325
core.kinematics.FoldTree: delete_jump_seqpos: renumbering jump 4622 to 4325
core.kinematics.FoldTree: delete_jump_seqpos: deleting jump 4326
core.kinematics.FoldTree: delete_jump_seqpos: renumbering jump 4621 to 4326
core.kinematics.FoldTree: delete_jump_seqpos: deleting jump 4327
core.kinematics.FoldTree: delete_jump_seqpos: renumbering jump 4620 to 4327
core.kinematics.FoldTree: delete_jump_seqpos: deleting jump 4328
core.kinematics.FoldTree: delete_jump_seqpos: renumbering jump 4619 to 4328
core.kinematics.FoldTree: delete_jump_seqpos: deleting jump 4329
core.kinematics.FoldTree: delete_jump_seqpos: renumbering jump 4618 to 4329
core.kinematics.FoldTree: delete_jump_seqpos: deleting jump 4330
core.kinematics.FoldTree: delete_jump_seqpos: renumbering jump 4617 to 4330
core.kinematics.FoldTree: delete_jump_seqpos: deleting jump 4331
core.kinematics.FoldTree: delete_jump_seqpos: renumbering jump 4616 to 4331
core.kinematics.FoldTree: delete_jump_seqpos: deleting jump 4332
core.kinematics.FoldTree: delete_jump_seqpos: renumbering jump 4615 to 4332
core.kinematics.FoldTree: delete_jump_seqpos: deleting jump 4333
core.kinematics.FoldTree: delete_jump_seqpos: renumbering jump 4614 to 4333
core.kinematics.FoldTree: delete_jump_seqpos: deleting jump 4334
core.kinematics.FoldTree: delete_jump_seqpos: renumbering jump 4613 to 4334
core.kinematics.FoldTree: delete_jump_seqpos: deleting jump 4335
core.kinematics.FoldTree: delete_jump_seqpos: renumbering jump 4612 to 4335
core.kinematics.FoldTree: delete_jump_seqpos: deleting jump 4336
core.kinematics.FoldTree: delete_jump_seqpos: renumbering jump 4611 to 4336
core.kinematics.FoldTree: delete_jump_seqpos: deleting jump 4337
core.kinematics.FoldTree: delete_jump_seqpos: renumbering jump 4610 to 4337
core.kinematics.FoldTree: delete_jump_seqpos: deleting jump 4338
core.kinematics.FoldTree: delete_jump_seqpos: renumbering jump 4609 to 4338
core.kinematics.FoldTree: delete_jump_seqpos: deleting jump 4339
core.kinematics.FoldTree: delete_jump_seqpos: renumbering jump 4608 to 4339
core.kinematics.FoldTree: delete_jump_seqpos: deleting jump 4340
core.kinematics.FoldTree: delete_jump_seqpos: renumbering jump 4607 to 4340
core.kinematics.FoldTree: delete_jump_seqpos: deleting jump 4341
core.kinematics.FoldTree: delete_jump_seqpos: renumbering jump 4606 to 4341
core.kinematics.FoldTree: delete_jump_seqpos: deleting jump 4342
core.kinematics.FoldTree: delete_jump_seqpos: renumbering jump 4605 to 4342
core.kinematics.FoldTree: delete_jump_seqpos: deleting jump 4343
core.kinematics.FoldTree: delete_jump_seqpos: renumbering jump 4604 to 4343
core.kinematics.FoldTree: delete_jump_seqpos: deleting jump 4344
core.kinematics.FoldTree: delete_jump_seqpos: renumbering jump 4603 to 4344
core.kinematics.FoldTree: delete_jump_seqpos: deleting jump 4345
core.kinematics.FoldTree: delete_jump_seqpos: renumbering jump 4602 to 4345
core.kinematics.FoldTree: delete_jump_seqpos: deleting jump 4346
core.kinematics.FoldTree: delete_jump_seqpos: renumbering jump 4601 to 4346
core.kinematics.FoldTree: delete_jump_seqpos: deleting jump 4347
core.kinematics.FoldTree: delete_jump_seqpos: renumbering jump 4600 to 4347
core.kinematics.FoldTree: delete_jump_seqpos: deleting jump 4348
core.kinematics.FoldTree: delete_jump_seqpos: renumbering jump 4599 to 4348
core.kinematics.FoldTree: delete_jump_seqpos: deleting jump 4349
core.kinematics.FoldTree: delete_jump_seqpos: renumbering jump 4598 to 4349
core.kinematics.FoldTree: delete_jump_seqpos: deleting jump 4350
core.kinematics.FoldTree: delete_jump_seqpos: renumbering jump 4597 to 4350
core.kinematics.FoldTree: delete_jump_seqpos: deleting jump 4351
core.kinematics.FoldTree: delete_jump_seqpos: renumbering jump 4596 to 4351
core.kinematics.FoldTree: delete_jump_seqpos: deleting jump 4352
core.kinematics.FoldTree: delete_jump_seqpos: renumbering jump 4595 to 4352
core.kinematics.FoldTree: delete_jump_seqpos: deleting jump 4353
core.kinematics.FoldTree: delete_jump_seqpos: renumbering jump 4594 to 4353
core.kinematics.FoldTree: delete_jump_seqpos: deleting jump 4354
core.kinematics.FoldTree: delete_jump_seqpos: renumbering jump 4593 to 4354
core.kinematics.FoldTree: delete_jump_seqpos: deleting jump 4355
core.kinematics.FoldTree: delete_jump_seqpos: renumbering jump 4592 to 4355
core.kinematics.FoldTree: delete_jump_seqpos: deleting jump 4356
core.kinematics.FoldTree: delete_jump_seqpos: renumbering jump 4591 to 4356
core.kinematics.FoldTree: delete_jump_seqpos: deleting jump 4357
core.kinematics.FoldTree: delete_jump_seqpos: renumbering jump 4590 to 4357
core.kinematics.FoldTree: delete_jump_seqpos: deleting jump 4358
core.kinematics.FoldTree: delete_jump_seqpos: renumbering jump 4589 to 4358
core.kinematics.FoldTree: delete_jump_seqpos: deleting jump 4359
core.kinematics.FoldTree: delete_jump_seqpos: renumbering jump 4588 to 4359
core.kinematics.FoldTree: delete_jump_seqpos: deleting jump 4360
core.kinematics.FoldTree: delete_jump_seqpos: renumbering jump 4587 to 4360
core.kinematics.FoldTree: delete_jump_seqpos: deleting jump 4361
core.kinematics.FoldTree: delete_jump_seqpos: renumbering jump 4586 to 4361
core.kinematics.FoldTree: delete_jump_seqpos: deleting jump 4362
core.kinematics.FoldTree: delete_jump_seqpos: renumbering jump 4585 to 4362
core.kinematics.FoldTree: delete_jump_seqpos: deleting jump 4363
core.kinematics.FoldTree: delete_jump_seqpos: renumbering jump 4584 to 4363
core.kinematics.FoldTree: delete_jump_seqpos: deleting jump 4364
core.kinematics.FoldTree: delete_jump_seqpos: renumbering jump 4583 to 4364
core.kinematics.FoldTree: delete_jump_seqpos: deleting jump 4365
core.kinematics.FoldTree: delete_jump_seqpos: renumbering jump 4582 to 4365
core.kinematics.FoldTree: delete_jump_seqpos: deleting jump 4366
core.kinematics.FoldTree: delete_jump_seqpos: renumbering jump 4581 to 4366
core.kinematics.FoldTree: delete_jump_seqpos: deleting jump 4367
core.kinematics.FoldTree: delete_jump_seqpos: renumbering jump 4580 to 4367
core.kinematics.FoldTree: delete_jump_seqpos: deleting jump 4368
core.kinematics.FoldTree: delete_jump_seqpos: renumbering jump 4579 to 4368
core.kinematics.FoldTree: delete_jump_seqpos: deleting jump 4369
core.kinematics.FoldTree: delete_jump_seqpos: renumbering jump 4578 to 4369
core.kinematics.FoldTree: delete_jump_seqpos: deleting jump 4370
core.kinematics.FoldTree: delete_jump_seqpos: renumbering jump 4577 to 4370
core.kinematics.FoldTree: delete_jump_seqpos: deleting jump 4371
core.kinematics.FoldTree: delete_jump_seqpos: renumbering jump 4576 to 4371
core.kinematics.FoldTree: delete_jump_seqpos: deleting jump 4372
core.kinematics.FoldTree: delete_jump_seqpos: renumbering jump 4575 to 4372
core.kinematics.FoldTree: delete_jump_seqpos: deleting jump 4373
core.kinematics.FoldTree: delete_jump_seqpos: renumbering jump 4574 to 4373
core.kinematics.FoldTree: delete_jump_seqpos: deleting jump 4374
core.kinematics.FoldTree: delete_jump_seqpos: renumbering jump 4573 to 4374
core.kinematics.FoldTree: delete_jump_seqpos: deleting jump 4375
core.kinematics.FoldTree: delete_jump_seqpos: renumbering jump 4572 to 4375
core.kinematics.FoldTree: delete_jump_seqpos: deleting jump 4376
core.kinematics.FoldTree: delete_jump_seqpos: renumbering jump 4571 to 4376
core.kinematics.FoldTree: delete_jump_seqpos: deleting jump 4377
core.kinematics.FoldTree: delete_jump_seqpos: renumbering jump 4570 to 4377
core.kinematics.FoldTree: delete_jump_seqpos: deleting jump 4378
core.kinematics.FoldTree: delete_jump_seqpos: renumbering jump 4569 to 4378
core.kinematics.FoldTree: delete_jump_seqpos: deleting jump 4379
core.kinematics.FoldTree: delete_jump_seqpos: renumbering jump 4568 to 4379
core.kinematics.FoldTree: delete_jump_seqpos: deleting jump 4380
core.kinematics.FoldTree: delete_jump_seqpos: renumbering jump 4567 to 4380
core.kinematics.FoldTree: delete_jump_seqpos: deleting jump 4381
core.kinematics.FoldTree: delete_jump_seqpos: renumbering jump 4566 to 4381
core.kinematics.FoldTree: delete_jump_seqpos: deleting jump 4382
core.kinematics.FoldTree: delete_jump_seqpos: renumbering jump 4565 to 4382
core.kinematics.FoldTree: delete_jump_seqpos: deleting jump 4383
core.kinematics.FoldTree: delete_jump_seqpos: renumbering jump 4564 to 4383
core.kinematics.FoldTree: delete_jump_seqpos: deleting jump 4384
core.kinematics.FoldTree: delete_jump_seqpos: renumbering jump 4563 to 4384
core.kinematics.FoldTree: delete_jump_seqpos: deleting jump 4385
core.kinematics.FoldTree: delete_jump_seqpos: renumbering jump 4562 to 4385
core.kinematics.FoldTree: delete_jump_seqpos: deleting jump 4386
core.kinematics.FoldTree: delete_jump_seqpos: renumbering jump 4561 to 4386
core.kinematics.FoldTree: delete_jump_seqpos: deleting jump 4387
core.kinematics.FoldTree: delete_jump_seqpos: renumbering jump 4560 to 4387
core.kinematics.FoldTree: delete_jump_seqpos: deleting jump 4388
core.kinematics.FoldTree: delete_jump_seqpos: renumbering jump 4559 to 4388
core.kinematics.FoldTree: delete_jump_seqpos: deleting jump 4389
core.kinematics.FoldTree: delete_jump_seqpos: renumbering jump 4558 to 4389
core.kinematics.FoldTree: delete_jump_seqpos: deleting jump 4390
core.kinematics.FoldTree: delete_jump_seqpos: renumbering jump 4557 to 4390
core.kinematics.FoldTree: delete_jump_seqpos: deleting jump 4391
core.kinematics.FoldTree: delete_jump_seqpos: renumbering jump 4556 to 4391
core.kinematics.FoldTree: delete_jump_seqpos: deleting jump 4392
core.kinematics.FoldTree: delete_jump_seqpos: renumbering jump 4555 to 4392
core.kinematics.FoldTree: delete_jump_seqpos: deleting jump 4393
core.kinematics.FoldTree: delete_jump_seqpos: renumbering jump 4554 to 4393
core.kinematics.FoldTree: delete_jump_seqpos: deleting jump 4394
core.kinematics.FoldTree: delete_jump_seqpos: renumbering jump 4553 to 4394
core.kinematics.FoldTree: delete_jump_seqpos: deleting jump 4395
core.kinematics.FoldTree: delete_jump_seqpos: renumbering jump 4552 to 4395
core.kinematics.FoldTree: delete_jump_seqpos: deleting jump 4396
core.kinematics.FoldTree: delete_jump_seqpos: renumbering jump 4551 to 4396
core.kinematics.FoldTree: delete_jump_seqpos: deleting jump 4397
core.kinematics.FoldTree: delete_jump_seqpos: renumbering jump 4550 to 4397
core.kinematics.FoldTree: delete_jump_seqpos: deleting jump 4398
core.kinematics.FoldTree: delete_jump_seqpos: renumbering jump 4549 to 4398
core.kinematics.FoldTree: delete_jump_seqpos: deleting jump 4399
core.kinematics.FoldTree: delete_jump_seqpos: renumbering jump 4548 to 4399
core.kinematics.FoldTree: delete_jump_seqpos: deleting jump 4400
core.kinematics.FoldTree: delete_jump_seqpos: renumbering jump 4547 to 4400
core.kinematics.FoldTree: delete_jump_seqpos: deleting jump 4401
core.kinematics.FoldTree: delete_jump_seqpos: renumbering jump 4546 to 4401
core.kinematics.FoldTree: delete_jump_seqpos: deleting jump 4402
core.kinematics.FoldTree: delete_jump_seqpos: renumbering jump 4545 to 4402
core.kinematics.FoldTree: delete_jump_seqpos: deleting jump 4403
core.kinematics.FoldTree: delete_jump_seqpos: renumbering jump 4544 to 4403
core.kinematics.FoldTree: delete_jump_seqpos: deleting jump 4404
core.kinematics.FoldTree: delete_jump_seqpos: renumbering jump 4543 to 4404
core.kinematics.FoldTree: delete_jump_seqpos: deleting jump 4405
core.kinematics.FoldTree: delete_jump_seqpos: renumbering jump 4542 to 4405
core.kinematics.FoldTree: delete_jump_seqpos: deleting jump 4406
core.kinematics.FoldTree: delete_jump_seqpos: renumbering jump 4541 to 4406
core.kinematics.FoldTree: delete_jump_seqpos: deleting jump 4407
core.kinematics.FoldTree: delete_jump_seqpos: renumbering jump 4540 to 4407
core.kinematics.FoldTree: delete_jump_seqpos: deleting jump 4408
core.kinematics.FoldTree: delete_jump_seqpos: renumbering jump 4539 to 4408
core.kinematics.FoldTree: delete_jump_seqpos: deleting jump 4409
core.kinematics.FoldTree: delete_jump_seqpos: renumbering jump 4538 to 4409
core.kinematics.FoldTree: delete_jump_seqpos: deleting jump 4410
core.kinematics.FoldTree: delete_jump_seqpos: renumbering jump 4537 to 4410
core.kinematics.FoldTree: delete_jump_seqpos: deleting jump 4411
core.kinematics.FoldTree: delete_jump_seqpos: renumbering jump 4536 to 4411
core.kinematics.FoldTree: delete_jump_seqpos: deleting jump 4412
core.kinematics.FoldTree: delete_jump_seqpos: renumbering jump 4535 to 4412
core.kinematics.FoldTree: delete_jump_seqpos: deleting jump 4413
core.kinematics.FoldTree: delete_jump_seqpos: renumbering jump 4534 to 4413
core.kinematics.FoldTree: delete_jump_seqpos: deleting jump 4414
core.kinematics.FoldTree: delete_jump_seqpos: renumbering jump 4533 to 4414
core.kinematics.FoldTree: delete_jump_seqpos: deleting jump 4415
core.kinematics.FoldTree: delete_jump_seqpos: renumbering jump 4532 to 4415
core.kinematics.FoldTree: delete_jump_seqpos: deleting jump 4416
core.kinematics.FoldTree: delete_jump_seqpos: renumbering jump 4531 to 4416
core.kinematics.FoldTree: delete_jump_seqpos: deleting jump 4417
core.kinematics.FoldTree: delete_jump_seqpos: renumbering jump 4530 to 4417
core.kinematics.FoldTree: delete_jump_seqpos: deleting jump 4418
core.kinematics.FoldTree: delete_jump_seqpos: renumbering jump 4529 to 4418
core.kinematics.FoldTree: delete_jump_seqpos: deleting jump 4419
core.kinematics.FoldTree: delete_jump_seqpos: renumbering jump 4528 to 4419
core.kinematics.FoldTree: delete_jump_seqpos: deleting jump 4420
core.kinematics.FoldTree: delete_jump_seqpos: renumbering jump 4527 to 4420
core.kinematics.FoldTree: delete_jump_seqpos: deleting jump 4421
core.kinematics.FoldTree: delete_jump_seqpos: renumbering jump 4526 to 4421
core.kinematics.FoldTree: delete_jump_seqpos: deleting jump 4422
core.kinematics.FoldTree: delete_jump_seqpos: renumbering jump 4525 to 4422
core.kinematics.FoldTree: delete_jump_seqpos: deleting jump 4423
core.kinematics.FoldTree: delete_jump_seqpos: renumbering jump 4524 to 4423
core.kinematics.FoldTree: delete_jump_seqpos: deleting jump 4424
core.kinematics.FoldTree: delete_jump_seqpos: renumbering jump 4523 to 4424
core.kinematics.FoldTree: delete_jump_seqpos: deleting jump 4425
core.kinematics.FoldTree: delete_jump_seqpos: renumbering jump 4522 to 4425
core.kinematics.FoldTree: delete_jump_seqpos: deleting jump 4426
core.kinematics.FoldTree: delete_jump_seqpos: renumbering jump 4521 to 4426
core.kinematics.FoldTree: delete_jump_seqpos: deleting jump 4427
core.kinematics.FoldTree: delete_jump_seqpos: renumbering jump 4520 to 4427
core.kinematics.FoldTree: delete_jump_seqpos: deleting jump 4428
core.kinematics.FoldTree: delete_jump_seqpos: renumbering jump 4519 to 4428
core.kinematics.FoldTree: delete_jump_seqpos: deleting jump 4429
core.kinematics.FoldTree: delete_jump_seqpos: renumbering jump 4518 to 4429
core.kinematics.FoldTree: delete_jump_seqpos: deleting jump 4430
core.kinematics.FoldTree: delete_jump_seqpos: renumbering jump 4517 to 4430
core.kinematics.FoldTree: delete_jump_seqpos: deleting jump 4431
core.kinematics.FoldTree: delete_jump_seqpos: renumbering jump 4516 to 4431
core.kinematics.FoldTree: delete_jump_seqpos: deleting jump 4432
core.kinematics.FoldTree: delete_jump_seqpos: renumbering jump 4515 to 4432
core.kinematics.FoldTree: delete_jump_seqpos: deleting jump 4433
core.kinematics.FoldTree: delete_jump_seqpos: renumbering jump 4514 to 4433
core.kinematics.FoldTree: delete_jump_seqpos: deleting jump 4434
core.kinematics.FoldTree: delete_jump_seqpos: renumbering jump 4513 to 4434
core.kinematics.FoldTree: delete_jump_seqpos: deleting jump 4435
core.kinematics.FoldTree: delete_jump_seqpos: renumbering jump 4512 to 4435
core.kinematics.FoldTree: delete_jump_seqpos: deleting jump 4436
core.kinematics.FoldTree: delete_jump_seqpos: renumbering jump 4511 to 4436
core.kinematics.FoldTree: delete_jump_seqpos: deleting jump 4437
core.kinematics.FoldTree: delete_jump_seqpos: renumbering jump 4510 to 4437
core.kinematics.FoldTree: delete_jump_seqpos: deleting jump 4438
core.kinematics.FoldTree: delete_jump_seqpos: renumbering jump 4509 to 4438
core.kinematics.FoldTree: delete_jump_seqpos: deleting jump 4439
core.kinematics.FoldTree: delete_jump_seqpos: renumbering jump 4508 to 4439
core.kinematics.FoldTree: delete_jump_seqpos: deleting jump 4440
core.kinematics.FoldTree: delete_jump_seqpos: renumbering jump 4507 to 4440
core.kinematics.FoldTree: delete_jump_seqpos: deleting jump 4441
core.kinematics.FoldTree: delete_jump_seqpos: renumbering jump 4506 to 4441
core.kinematics.FoldTree: delete_jump_seqpos: deleting jump 4442
core.kinematics.FoldTree: delete_jump_seqpos: renumbering jump 4505 to 4442
core.kinematics.FoldTree: delete_jump_seqpos: deleting jump 4443
core.kinematics.FoldTree: delete_jump_seqpos: renumbering jump 4504 to 4443
core.kinematics.FoldTree: delete_jump_seqpos: deleting jump 4444
core.kinematics.FoldTree: delete_jump_seqpos: renumbering jump 4503 to 4444
core.kinematics.FoldTree: delete_jump_seqpos: deleting jump 4445
core.kinematics.FoldTree: delete_jump_seqpos: renumbering jump 4502 to 4445
core.kinematics.FoldTree: delete_jump_seqpos: deleting jump 4446
core.kinematics.FoldTree: delete_jump_seqpos: renumbering jump 4501 to 4446
core.kinematics.FoldTree: delete_jump_seqpos: deleting jump 4447
core.kinematics.FoldTree: delete_jump_seqpos: renumbering jump 4500 to 4447
core.kinematics.FoldTree: delete_jump_seqpos: deleting jump 4448
core.kinematics.FoldTree: delete_jump_seqpos: renumbering jump 4499 to 4448
core.kinematics.FoldTree: delete_jump_seqpos: deleting jump 4449
core.kinematics.FoldTree: delete_jump_seqpos: renumbering jump 4498 to 4449
core.kinematics.FoldTree: delete_jump_seqpos: deleting jump 4450
core.kinematics.FoldTree: delete_jump_seqpos: renumbering jump 4497 to 4450
core.kinematics.FoldTree: delete_jump_seqpos: deleting jump 4451
core.kinematics.FoldTree: delete_jump_seqpos: renumbering jump 4496 to 4451
core.kinematics.FoldTree: delete_jump_seqpos: deleting jump 4452
core.kinematics.FoldTree: delete_jump_seqpos: renumbering jump 4495 to 4452
core.kinematics.FoldTree: delete_jump_seqpos: deleting jump 4453
core.kinematics.FoldTree: delete_jump_seqpos: renumbering jump 4494 to 4453
core.kinematics.FoldTree: delete_jump_seqpos: deleting jump 4454
core.kinematics.FoldTree: delete_jump_seqpos: renumbering jump 4493 to 4454
core.kinematics.FoldTree: delete_jump_seqpos: deleting jump 4455
core.kinematics.FoldTree: delete_jump_seqpos: renumbering jump 4492 to 4455
core.kinematics.FoldTree: delete_jump_seqpos: deleting jump 4456
core.kinematics.FoldTree: delete_jump_seqpos: renumbering jump 4491 to 4456
core.kinematics.FoldTree: delete_jump_seqpos: deleting jump 4457
core.kinematics.FoldTree: delete_jump_seqpos: renumbering jump 4490 to 4457
core.kinematics.FoldTree: delete_jump_seqpos: deleting jump 4458
core.kinematics.FoldTree: delete_jump_seqpos: renumbering jump 4489 to 4458
core.kinematics.FoldTree: delete_jump_seqpos: deleting jump 4459
core.kinematics.FoldTree: delete_jump_seqpos: renumbering jump 4488 to 4459
core.kinematics.FoldTree: delete_jump_seqpos: deleting jump 4460
core.kinematics.FoldTree: delete_jump_seqpos: renumbering jump 4487 to 4460
core.kinematics.FoldTree: delete_jump_seqpos: deleting jump 4461
core.kinematics.FoldTree: delete_jump_seqpos: renumbering jump 4486 to 4461
core.kinematics.FoldTree: delete_jump_seqpos: deleting jump 4462
core.kinematics.FoldTree: delete_jump_seqpos: renumbering jump 4485 to 4462
core.kinematics.FoldTree: delete_jump_seqpos: deleting jump 4463
core.kinematics.FoldTree: delete_jump_seqpos: renumbering jump 4484 to 4463
core.kinematics.FoldTree: delete_jump_seqpos: deleting jump 4464
core.kinematics.FoldTree: delete_jump_seqpos: renumbering jump 4483 to 4464
core.kinematics.FoldTree: delete_jump_seqpos: deleting jump 4465
core.kinematics.FoldTree: delete_jump_seqpos: renumbering jump 4482 to 4465
core.kinematics.FoldTree: delete_jump_seqpos: deleting jump 4466
core.kinematics.FoldTree: delete_jump_seqpos: renumbering jump 4481 to 4466
core.kinematics.FoldTree: delete_jump_seqpos: deleting jump 4467
core.kinematics.FoldTree: delete_jump_seqpos: renumbering jump 4480 to 4467
core.kinematics.FoldTree: delete_jump_seqpos: deleting jump 4468
core.kinematics.FoldTree: delete_jump_seqpos: renumbering jump 4479 to 4468
core.kinematics.FoldTree: delete_jump_seqpos: deleting jump 4469
core.kinematics.FoldTree: delete_jump_seqpos: renumbering jump 4478 to 4469
core.kinematics.FoldTree: delete_jump_seqpos: deleting jump 4470
core.kinematics.FoldTree: delete_jump_seqpos: renumbering jump 4477 to 4470
core.kinematics.FoldTree: delete_jump_seqpos: deleting jump 4471
core.kinematics.FoldTree: delete_jump_seqpos: renumbering jump 4476 to 4471
core.kinematics.FoldTree: delete_jump_seqpos: deleting jump 4472
core.kinematics.FoldTree: delete_jump_seqpos: renumbering jump 4475 to 4472
core.kinematics.FoldTree: delete_jump_seqpos: deleting jump 4473
core.kinematics.FoldTree: delete_jump_seqpos: renumbering jump 4474 to 4473
core.conformation.Conformation: Found disulfide between residues 49 58
core.conformation.Conformation: Found disulfide between residues 71 87
core.conformation.Conformation: Found disulfide between residues 86 97
core.conformation.Conformation: Found disulfide between residues 120 165
core.conformation.Conformation: Found disulfide between residues 164 173
core.conformation.Conformation: Found disulfide between residues 196 242
core.conformation.Conformation: Found disulfide between residues 241 249
core.conformation.Conformation: Found disulfide between residues 261 275
core.conformation.Conformation: Found disulfide between residues 274 285
core.conformation.Conformation: Found disulfide between residues 312 357
core.conformation.Conformation: Found disulfide between residues 356 365
core.conformation.Conformation: Found disulfide between residues 388 434
core.conformation.Conformation: Found disulfide between residues 433 444
core.conformation.Conformation: Found disulfide between residues 457 473
core.conformation.Conformation: Found disulfide between residues 472 483
core.conformation.Conformation: Found disulfide between residues 510 555
core.conformation.Conformation: Found disulfide between residues 554 563
core.conformation.Conformation: Found disulfide between residues 627 636
core.conformation.Conformation: Found disulfide between residues 649 665
core.conformation.Conformation: Found disulfide between residues 664 675
core.conformation.Conformation: Found disulfide between residues 698 743
core.conformation.Conformation: Found disulfide between residues 742 751
core.conformation.Conformation: Found disulfide between residues 774 820
core.conformation.Conformation: Found disulfide between residues 819 827
core.conformation.Conformation: Found disulfide between residues 839 853
core.conformation.Conformation: Found disulfide between residues 852 863
core.conformation.Conformation: Found disulfide between residues 890 935
core.conformation.Conformation: Found disulfide between residues 934 943
core.conformation.Conformation: Found disulfide between residues 966 1012
core.conformation.Conformation: Found disulfide between residues 1011 1022
core.conformation.Conformation: Found disulfide between residues 1035 1051
core.conformation.Conformation: Found disulfide between residues 1050 1061
core.conformation.Conformation: Found disulfide between residues 1088 1133
core.conformation.Conformation: Found disulfide between residues 1132 1141
core.kinematics.FoldTree: delete_jump_seqpos: deleting jump 1
core.kinematics.FoldTree: delete_jump_seqpos: renumbering jump 8946 to 1
core.chemical.GlobalResidueTypeSet: Finished initializing centroid residue type set.  Created 69 residue types
core.chemical.GlobalResidueTypeSet: Total time to initialize 0.007827 seconds.
core.chemical.GlobalResidueTypeSet: Loading (but possibly not actually using) 'TI4' from the PDB components dictionary for residue type 'pdb_TI4'
core.conformation.Residue: [ ERROR ] Cannot build coordinates for residue pdb_TI4 at position 1: missing too many atoms.
core.conformation.Residue: [ ERROR ] Missing atoms are: C1  C2  N3  C4  C5  C6  C7  N8  C9  C10  C11  C12  C13  C14  C15  C16  

ERROR: Unable to fill in missing atoms.
ERROR:: Exit from: src/core/conformation/Residue.cc line: 1376
protocols.jd2.JobDistributor: [ ERROR ] 

[ERROR] Exception caught by JobDistributor for job complex_0001

[ ERROR ]: Caught exception:


File: src/core/conformation/Residue.cc:1376
[ ERROR ] UtilityExitException
ERROR: Unable to fill in missing atoms.




AN INTERNAL ERROR HAS OCCURED. PLEASE SEE THE CONTENTS OF ROSETTA_CRASH.log FOR DETAILS.


protocols.jd2.JobDistributor: [ WARNING ] complex_0001 reported failure and will NOT retry
protocols.jd2.JobDistributor: no more batches to process... 
protocols.jd2.JobDistributor: 1 jobs considered, 1 jobs attempted in 6 seconds

---------------------------------------------------------------
[ ERROR ]: Error(s) were encountered when running jobs.
1 jobs failed;
Check the output further up for additional error messages.
---------------------------------------------------------------

