********  (C) Copyright Rosetta Commons Member Institutions.  ***************
* Use of Rosetta for commercial purposes may require purchase of a license. *
********  See LICENSE.md or email license@uw.edu for more details. **********
core.init: Checking for fconfig files in pwd and ./rosetta/flags 
core.init: Rosetta version: rosetta.binary.m1.release-371 r371 2024.09+release.06b3cf8ad0 06b3cf8ad0940d628690d0ed6fa2009d72ad2b44 https://www.rosettacommons.org 2024-02-28T21:25:09.004217
core.init: command: /Users/junyoung/Desktop/BioMatAI/rosetta/rosetta.binary.m1.release-371/main/source/bin/docking_protocol.static.macosclangrelease @input/flags_docking
basic.random.init_random_generator: 'RNG device' seed mode, using '/dev/urandom', seed=-2050237256 seed_offset=0 real_seed=-2050237256
basic.random.init_random_generator: RandomGenerator:init: Normal mode, seed=-2050237256 RG_type=mt19937
basic.io.database: Database file opened: scoring/score_functions/InterchainPotential/interchain_env_log.txt
basic.io.database: Database file opened: scoring/score_functions/InterchainPotential/interchain_pair_log.txt
basic.io.database: Database file opened: scoring/score_functions/EnvPairPotential/env_log.txt
basic.io.database: Database file opened: scoring/score_functions/EnvPairPotential/cbeta_den.txt
basic.io.database: Database file opened: scoring/score_functions/EnvPairPotential/pair_log.txt
basic.io.database: Database file opened: scoring/score_functions/EnvPairPotential/cenpack_log.txt
core.scoring.ramachandran: shapovalov_lib::shap_rama_smooth_level of 4( aka highest_smooth ) got activated.
basic.io.database: Database file opened: scoring/score_functions/rama/shapovalov/kappa25/all.ramaProb
basic.io.database: Database file opened: scoring/score_functions/omega/omega_ppdep.all.txt
basic.io.database: Database file opened: scoring/score_functions/omega/omega_ppdep.gly.txt
basic.io.database: Database file opened: scoring/score_functions/omega/omega_ppdep.pro.txt
basic.io.database: Database file opened: scoring/score_functions/omega/omega_ppdep.valile.txt
basic.io.database: Database file opened: scoring/score_functions/carbon_hbond/ch_o_bond_potential.dat
basic.io.database: Database file opened: scoring/score_functions/custom_pair_distance/pos_charge_repulsion
core.chemical.GlobalResidueTypeSet: Finished initializing fa_standard residue type set.  Created 987 residue types
core.chemical.GlobalResidueTypeSet: Total time to initialize 0.25931 seconds.
basic.io.database: Database file opened: scoring/score_functions/custom_pair_distance/neg_charge_repulsion
core.scoring.custom_pair_distance.FullatomCustomPairDistanceEnergy: Added 8 AtomPairFuncList lists
core.scoring.ScoreFunctionFactory: SCOREFUNCTION: ref2015
core.scoring.ScoreFunctionFactory: SCOREFUNCTION PATCH: score12_w_corrections
core.scoring.etable: Starting energy table calculation
core.scoring.etable: smooth_etable: changing atr/rep split to bottom of energy well
core.scoring.etable: smooth_etable: spline smoothing lj etables (maxdis = 6)
core.scoring.etable: smooth_etable: spline smoothing solvation etables (max_dis = 6)
core.scoring.etable: Finished calculating energy tables.
basic.io.database: Database file opened: scoring/score_functions/hbonds/ref2015_params/HBPoly1D.csv
basic.io.database: Database file opened: scoring/score_functions/hbonds/ref2015_params/HBFadeIntervals.csv
basic.io.database: Database file opened: scoring/score_functions/hbonds/ref2015_params/HBEval.csv
basic.io.database: Database file opened: scoring/score_functions/hbonds/ref2015_params/DonStrength.csv
basic.io.database: Database file opened: scoring/score_functions/hbonds/ref2015_params/AccStrength.csv
basic.io.database: Database file opened: scoring/score_functions/rama/fd/all.ramaProb
basic.io.database: Database file opened: scoring/score_functions/rama/fd/prepro.ramaProb
basic.io.database: Database file opened: scoring/score_functions/P_AA_pp/P_AA
basic.io.database: Database file opened: scoring/score_functions/P_AA_pp/P_AA_n
core.scoring.P_AA: shapovalov_lib::shap_p_aa_pp_smooth_level of 1( aka low_smooth ) got activated.
basic.io.database: Database file opened: scoring/score_functions/P_AA_pp/shapovalov/10deg/kappa131/a20.prop
basic.io.database: Database file opened: scoring/score_functions/custom_pair_distance/pos_charge_repulsion
basic.io.database: Database file opened: scoring/score_functions/custom_pair_distance/neg_charge_repulsion
core.scoring.custom_pair_distance.FullatomCustomPairDistanceEnergy: Added 8 AtomPairFuncList lists
core.scoring.ScoreFunctionFactory: SCOREFUNCTION: ref2015
core.scoring.ScoreFunctionFactory: SCOREFUNCTION PATCH: score12_w_corrections
core.scoring.ScoreFunctionFactory: SCOREFUNCTION: ref2015
core.scoring.ScoreFunctionFactory: SCOREFUNCTION PATCH: score12_w_corrections
core.scoring.ScoreFunctionFactory: SCOREFUNCTION: ref2015
core.scoring.ScoreFunctionFactory: SCOREFUNCTION PATCH: score12_w_corrections
core.scoring.ScoreFunctionFactory: SCOREFUNCTION: ref2015
core.scoring.ScoreFunctionFactory: SCOREFUNCTION PATCH: score12_w_corrections
core.scoring.ScoreFunctionFactory: SCOREFUNCTION: ref2015
core.scoring.ScoreFunctionFactory: SCOREFUNCTION PATCH: score12_w_corrections
core.scoring.ScoreFunctionFactory: SCOREFUNCTION: ref2015
core.scoring.ScoreFunctionFactory: SCOREFUNCTION PATCH: score12_w_corrections
core.scoring.ScoreFunctionFactory: SCOREFUNCTION: ref2015
core.scoring.ScoreFunctionFactory: SCOREFUNCTION PATCH: score12_w_corrections
protocols.jd2.PDBJobInputter: Instantiate PDBJobInputter
protocols.jd2.PDBJobInputter: PDBJobInputter::fill_jobs
protocols.jd2.PDBJobInputter: pushed input/complex.pdb nstruct indices 1 - 10
protocols.evaluation.ChiWellRmsdEvaluatorCreator: Evaluation Creator active ... 
protocols.jd2.PDBJobInputter: PDBJobInputter::pose_from_job
protocols.jd2.PDBJobInputter: filling pose from PDB input/complex.pdb
core.import_pose.import_pose: File 'input/complex.pdb' automatically determined to be of type PDB
core.io.pose_from_sfr.PoseFromSFRBuilder: Adding undetected upper terminus type to residue 1156, 1156 A
core.conformation.Conformation: [ WARNING ] missing heavyatom:  OXT on residue ALA:CtermProteinFull 1156
core.conformation.Conformation: Found disulfide between residues 49 58
core.conformation.Conformation: Found disulfide between residues 71 87
core.conformation.Conformation: Found disulfide between residues 86 97
core.conformation.Conformation: Found disulfide between residues 120 165
core.conformation.Conformation: Found disulfide between residues 164 173
core.conformation.Conformation: Found disulfide between residues 196 242
core.conformation.Conformation: Found disulfide between residues 241 249
core.conformation.Conformation: Found disulfide between residues 261 275
core.conformation.Conformation: Found disulfide between residues 274 285
core.conformation.Conformation: Found disulfide between residues 312 357
core.conformation.Conformation: Found disulfide between residues 356 365
core.conformation.Conformation: Found disulfide between residues 388 434
core.conformation.Conformation: Found disulfide between residues 433 444
core.conformation.Conformation: Found disulfide between residues 457 473
core.conformation.Conformation: Found disulfide between residues 472 483
core.conformation.Conformation: Found disulfide between residues 510 555
core.conformation.Conformation: Found disulfide between residues 554 563
core.conformation.Conformation: Found disulfide between residues 627 636
core.conformation.Conformation: Found disulfide between residues 649 665
core.conformation.Conformation: Found disulfide between residues 664 675
core.conformation.Conformation: Found disulfide between residues 698 743
core.conformation.Conformation: Found disulfide between residues 742 751
core.conformation.Conformation: Found disulfide between residues 774 820
core.conformation.Conformation: Found disulfide between residues 819 827
core.conformation.Conformation: Found disulfide between residues 839 853
core.conformation.Conformation: Found disulfide between residues 852 863
core.conformation.Conformation: Found disulfide between residues 890 935
core.conformation.Conformation: Found disulfide between residues 934 943
core.conformation.Conformation: Found disulfide between residues 966 1012
core.conformation.Conformation: Found disulfide between residues 1011 1022
core.conformation.Conformation: Found disulfide between residues 1035 1051
core.conformation.Conformation: Found disulfide between residues 1050 1061
core.conformation.Conformation: Found disulfide between residues 1088 1133
core.conformation.Conformation: Found disulfide between residues 1132 1141
core.scoring.ScoreFunctionFactory: SCOREFUNCTION: ref2015
core.scoring.ScoreFunctionFactory: SCOREFUNCTION PATCH: score12_w_corrections
core.scoring.ScoreFunctionFactory: SCOREFUNCTION: ref2015
core.scoring.ScoreFunctionFactory: SCOREFUNCTION PATCH: score12_w_corrections
core.scoring.ScoreFunctionFactory: SCOREFUNCTION: ref2015
core.scoring.ScoreFunctionFactory: SCOREFUNCTION PATCH: score12_w_corrections
core.scoring.ScoreFunctionFactory: SCOREFUNCTION: ref2015
core.scoring.ScoreFunctionFactory: SCOREFUNCTION PATCH: score12_w_corrections
core.scoring.ScoreFunctionFactory: SCOREFUNCTION: ref2015
core.scoring.ScoreFunctionFactory: SCOREFUNCTION PATCH: score12_w_corrections
core.scoring.ScoreFunctionFactory: SCOREFUNCTION: ref2015
core.scoring.ScoreFunctionFactory: SCOREFUNCTION PATCH: score12_w_corrections
core.scoring.ScoreFunctionFactory: SCOREFUNCTION: ref2015
core.scoring.ScoreFunctionFactory: SCOREFUNCTION PATCH: score12_w_corrections
core.scoring.ScoreFunctionFactory: SCOREFUNCTION: ref2015
core.scoring.ScoreFunctionFactory: SCOREFUNCTION PATCH: score12_w_corrections
protocols.docking.DockingProtocol: Danger Will Robinson! Native is an impostor!
protocols.docking.DockingProtocol: Setting docking foldtree
protocols.docking.DockingProtocol: old fold tree: FOLD_TREE  EDGE 1 1156 -1  EDGE 1 1157 1  EDGE 1 1158 2 
protocols.docking.DockingProtocol: new fold tree: FOLD_TREE  EDGE 1 1009 -1  EDGE 1009 1156 -1  EDGE 1009 1158 1  EDGE 1158 1157 -1 
protocols.docking.DockingProtocol: ////////////////////////////////////////////////////////////////////////////////
protocols.docking.DockingProtocol: ///                     Rosetta 3 Docking Protocol                           ///
protocols.docking.DockingProtocol: ///                                                                          ///
protocols.docking.DockingProtocol: /// Dockable Jumps: 1                                                        ///
protocols.docking.DockingProtocol: /// Low Resolution Docking Protocol:  off                                    ///
protocols.docking.DockingProtocol: /// High Resolution Docking Protocol:  on                                    ///
protocols.docking.DockingProtocol: /// Low Resolution Filter:  off                                              ///
protocols.docking.DockingProtocol: /// High Resolution Filter:  on                                              ///
protocols.docking.DockingProtocol: ////////////////////////////////////////////////////////////////////////////////
protocols.docking.DockMCMProtocol: in DockMCMProtocol.apply
basic.io.database: Database file opened: scoring/score_functions/elec_cp_reps.dat
core.scoring.elec.util: Read 40 countpair representative atoms
core.pack.dunbrack.RotamerLibrary: shapovalov_lib_fixes_enable option is true.
core.pack.dunbrack.RotamerLibrary: shapovalov_lib::shap_dun10_smooth_level of 1( aka lowest_smooth ) got activated.
core.pack.dunbrack.RotamerLibrary: Binary rotamer library selected: /Users/junyoung/Desktop/BioMatAI/rosetta/rosetta.binary.m1.release-371/main/database/rotamer/shapovalov/StpDwn_0-0-0/Dunbrack10.lib.bin
core.pack.dunbrack.RotamerLibrary: Using Dunbrack library binary file '/Users/junyoung/Desktop/BioMatAI/rosetta/rosetta.binary.m1.release-371/main/database/rotamer/shapovalov/StpDwn_0-0-0/Dunbrack10.lib.bin'.
core.pack.dunbrack.RotamerLibrary: Dunbrack 2010 library took 0.053694 seconds to load from binary
protocols.docking.DockMCMProtocol: Using the DockingTaskFactory.
protocols.docking.DockMCMCycle: Setting up defaults for DockMCMCycle: 
protocols.docking.DockMCMCycle: ////////////////////////////////////////////////////////////////////////////////
protocols.docking.DockMCMCycle: /// Dockable Jumps: 1                                                        ///
protocols.docking.DockMCMCycle: /// Translation: 0.1                                                         ///
protocols.docking.DockMCMCycle: /// Rotation: 5                                                              ///
protocols.docking.DockMCMCycle: /// Scorefunction:                                                           ///
protocols.docking.DockMCMCycle: ScoreFunction::show():
weights: (fa_atr 1) (fa_rep 0.55) (fa_sol 1) (fa_intra_rep 0.005) (fa_intra_sol_xover4 1) (lk_ball_wtd 1) (fa_elec 1) (ch_bond_bb_bb 0.5) (pro_close 1.25) (fa_cust_pair_dist 1) (hbond_sr_bb 0.5) (hbond_lr_bb 1) (hbond_bb_sc 1) (hbond_sc 1) (dslf_fa13 1.25) (rama 0.2) (omega 0.5) (fa_dun 0.7) (p_aa_pp 0.3) (yhh_planarity 0.625) (ref 1) (rama_prepro 0.45)
energy_method_options: EnergyMethodOptions::show: aa_composition_setup_files: 
protocols.docking.DockMCMCycle: EnergyMethodOptions::show: mhc_epitope_setup_files: 
protocols.docking.DockMCMCycle: EnergyMethodOptions::show: netcharge_setup_files: 
protocols.docking.DockMCMCycle: EnergyMethodOptions::show: aspartimide_penalty_value: 25
protocols.docking.DockMCMCycle: EnergyMethodOptions::show: etable_type: FA_STANDARD_DEFAULT
analytic_etable_evaluation: 1
EnergyMethodOptions::show: method_weights: ref 1.32468 3.25479 -2.14574 -2.72453 1.21829 0.79816 -0.30065 2.30374 -0.71458 1.66147 1.65735 -1.34026 -1.64321 -1.45095 -0.09474 -0.28969 1.15175 2.64269 2.26099 0.58223
EnergyMethodOptions::show: method_weights: free_res
EnergyMethodOptions::show: unfolded_energies_type: UNFOLDED_SCORE12
protocols.docking.DockMCMCycle: EnergyMethodOptions::show: split_unfolded_label_type: SPLIT_UNFOLDED_MM
protocols.docking.DockMCMCycle: EnergyMethodOptions::show: split_unfolded_value_type: SPLIT_UNFOLDED_BOLTZ
protocols.docking.DockMCMCycle: EnergyMethodOptions::show: atom_vdw_atom_type_set_name: centroid
protocols.docking.DockMCMCycle: EnergyMethodOptions::show: covalent_labeling_input: 
protocols.docking.DockMCMCycle: EnergyMethodOptions::show: covalent_labeling_fa_input: 
protocols.docking.DockMCMCycle: EnergyMethodOptions::show: hrf_dynamics_input: 
protocols.docking.DockMCMCycle: EnergyMethodOptions::show: depc_ms_input: 
protocols.docking.DockMCMCycle: EnergyMethodOptions::show: exclude_protein_protein_fa_elec: false
protocols.docking.DockMCMCycle: EnergyMethodOptions::show: exclude_RNA_RNA_fa_elec: false
protocols.docking.DockMCMCycle: EnergyMethodOptions::show: exclude_RNA_protein_fa_elec: false
protocols.docking.DockMCMCycle: EnergyMethodOptions::show: exclude_monomer_fa_elec: false
protocols.docking.DockMCMCycle: EnergyMethodOptions::show: elec_max_dis: 5.5
protocols.docking.DockMCMCycle: EnergyMethodOptions::show: elec_min_dis: 1.6
protocols.docking.DockMCMCycle: EnergyMethodOptions::show: elec_die: 10
protocols.docking.DockMCMCycle: EnergyMethodOptions::show: elec_no_dis_dep_die: false
protocols.docking.DockMCMCycle: EnergyMethodOptions::show: elec_sigmoidal_die: true
protocols.docking.DockMCMCycle: EnergyMethodOptions::show: elec_sigmoidal_D: 80
protocols.docking.DockMCMCycle: EnergyMethodOptions::show: elec_sigmoidal_D0: 6
protocols.docking.DockMCMCycle: EnergyMethodOptions::show: elec_sigmoidal_S: 0.4
protocols.docking.DockMCMCycle: EnergyMethodOptions::show: smooth_fa_elec: true
protocols.docking.DockMCMCycle: EnergyMethodOptions::show: grpelec_fade_type: false
protocols.docking.DockMCMCycle: EnergyMethodOptions::show: grpelec_fade_param1: 1
protocols.docking.DockMCMCycle: EnergyMethodOptions::show: grpelec_fade_param2: 1
protocols.docking.DockMCMCycle: EnergyMethodOptions::show: grpelec_fade_hbond: 0
protocols.docking.DockMCMCycle: EnergyMethodOptions::show: grp_cpfxn: 1
protocols.docking.DockMCMCycle: EnergyMethodOptions::show: elec_group_file: /scoring/score_functions/elec_group_def.dat
protocols.docking.DockMCMCycle: EnergyMethodOptions::show: grpelec_context_dependent: 0
protocols.docking.DockMCMCycle: EnergyMethodOptions::show: use_polarization: true
protocols.docking.DockMCMCycle: EnergyMethodOptions::show: use_gen_kirkwood: true
protocols.docking.DockMCMCycle: EnergyMethodOptions::show: protein_dielectric: 1
protocols.docking.DockMCMCycle: EnergyMethodOptions::show: water_dielectric: 78.3
protocols.docking.DockMCMCycle: EnergyMethodOptions::show: exclude_DNA_DNA: false
protocols.docking.DockMCMCycle: EnergyMethodOptions::show: exclude_intra_res_protein: false
protocols.docking.DockMCMCycle: EnergyMethodOptions::show: count_pair_hybrid: false
protocols.docking.DockMCMCycle: EnergyMethodOptions::show: count_pair_full: false
protocols.docking.DockMCMCycle: EnergyMethodOptions::show: put_intra_into_total: false
protocols.docking.DockMCMCycle: EnergyMethodOptions::show: geom_sol_interres_path_distance_cutoff: false
protocols.docking.DockMCMCycle: EnergyMethodOptions::show: geom_sol_intrares_path_distance_cutoff: true
protocols.docking.DockMCMCycle: EnergyMethodOptions::show: eval_intrares_elec_ST_only: false
protocols.docking.DockMCMCycle: EnergyMethodOptions::show: envsmooth_zero_negatives: false
protocols.docking.DockMCMCycle: EnergyMethodOptions::show: cst_max_seq_sep: 18446744073709551615
protocols.docking.DockMCMCycle: EnergyMethodOptions::show: pb_bound_tag: bound
protocols.docking.DockMCMCycle: EnergyMethodOptions::show: pb_unbound_tag: unbound
protocols.docking.DockMCMCycle: EnergyMethodOptions::show: arg_cation_pi_his_can_be_pi: 1
protocols.docking.DockMCMCycle: EnergyMethodOptions::show: ordered_wat_penalty: 1.221
protocols.docking.DockMCMCycle: EnergyMethodOptions::show: ordered_pt_wat_penalty: 2.709
protocols.docking.DockMCMCycle: EnergyMethodOptions::show: nmer_ref_seq_length_: 9
protocols.docking.DockMCMCycle: EnergyMethodOptions::show: nmer_svm_term_length_: 3
protocols.docking.DockMCMCycle: EnergyMethodOptions::show: nmer_svm_pssm_feat_: 1
protocols.docking.DockMCMCycle: EnergyMethodOptions::show: nmer_svm_scorecut_defined_: 0
protocols.docking.DockMCMCycle: EnergyMethodOptions::show: nmer_svm_scorecut_: 0
protocols.docking.DockMCMCycle: EnergyMethodOptions::show: nmer_svm_avg_rank_as_energy_: 0
protocols.docking.DockMCMCycle: EnergyMethodOptions::show: nmer_svm_aa_matrix_defined_: 0
protocols.docking.DockMCMCycle: EnergyMethodOptions::show: nmer_svm_aa_matrix_: 
protocols.docking.DockMCMCycle: EnergyMethodOptions::show: nmer_svm_list_defined_: 0
protocols.docking.DockMCMCycle: EnergyMethodOptions::show: nmer_svm_list_: 
protocols.docking.DockMCMCycle: EnergyMethodOptions::show: nmer_svm_defined_: 0
protocols.docking.DockMCMCycle: EnergyMethodOptions::show: nmer_svm_: 
protocols.docking.DockMCMCycle: EnergyMethodOptions::show: nmer_svm_rank_list_defined_: 0
protocols.docking.DockMCMCycle: EnergyMethodOptions::show: nmer_svm_rank_list_: 
protocols.docking.DockMCMCycle: EnergyMethodOptions::show: nmer_svm_rank_defined_: 0
protocols.docking.DockMCMCycle: EnergyMethodOptions::show: nmer_svm_rank_: 
protocols.docking.DockMCMCycle: EnergyMethodOptions::show: voids_penalty_energy_containing_cones_cutoff_:6
protocols.docking.DockMCMCycle: EnergyMethodOptions::show: voids_penalty_energy_cone_distance_cutoff_: 8
protocols.docking.DockMCMCycle: EnergyMethodOptions::show: voids_penalty_energy_cone_dotproduct_cutoff_: 0.1
protocols.docking.DockMCMCycle: EnergyMethodOptions::show: voids_penalty_energy_voxel_grid_padding_: 1
protocols.docking.DockMCMCycle: EnergyMethodOptions::show: voids_penalty_energy_voxel_size_: 0.5
protocols.docking.DockMCMCycle: EnergyMethodOptions::show: voids_penalty_energy_disabled_except_during_packing_: TRUE
protocols.docking.DockMCMCycle: EnergyMethodOptions::show: hbnet_bonus_ramping_function_: "quadratic"
protocols.docking.DockMCMCycle: EnergyMethodOptions::show: hbnet_max_network_size_: 0
protocols.docking.DockMCMCycle: EnergyMethodOptions::show: approximate_buried_unsat_penalty_hbond_energy_threshold_: -0.25
protocols.docking.DockMCMCycle: EnergyMethodOptions::show: approximate_buried_unsat_penalty_burial_atomic_depth_: 4.5
protocols.docking.DockMCMCycle: EnergyMethodOptions::show: approximate_buried_unsat_penalty_burial_probe_radius_: 2.3
protocols.docking.DockMCMCycle: EnergyMethodOptions::show: approximate_buried_unsat_penalty_burial_resolution_: 0.5
protocols.docking.DockMCMCycle: EnergyMethodOptions::show: approximate_buried_unsat_penalty_oversat_penalty_: 1
protocols.docking.DockMCMCycle: EnergyMethodOptions::show: approximate_buried_unsat_penalty_assume_const_backbone_:1
protocols.docking.DockMCMCycle: EnergyMethodOptions::show: approximate_buried_unsat_penalty_natural_corrections1_:0
protocols.docking.DockMCMCycle: EnergyMethodOptions::show: approximate_buried_unsat_penalty_hbond_bonus_cross_chain_:0
protocols.docking.DockMCMCycle: EnergyMethodOptions::show: approximate_buried_unsat_penalty_hbond_bonus_ser_to_helix_bb_:0
protocols.docking.DockMCMCycle: EnergyMethodOptions::show: approximate_buried_unsat_penalty_lys_ok_with_1_:0
protocols.docking.DockMCMCycle: EnergyMethodOptions::show: target_clash_pdb_:
protocols.docking.DockMCMCycle: EnergyMethodOptions::show: dump_trajectory_prefix_: traj
protocols.docking.DockMCMCycle: EnergyMethodOptions::show: dump_trajectory_gz_: FALSE
protocols.docking.DockMCMCycle: EnergyMethodOptions::show: dump_trajectory_stride_: 1
protocols.docking.DockMCMCycle: EnergyMethodOptions::show: bond_angle_central_atoms_to_score:
protocols.docking.DockMCMCycle: EnergyMethodOptions::show: bond_angle_residue_type_param_set: none
protocols.docking.DockMCMCycle: HBondOptions::show: hb_max_energy: 0
protocols.docking.DockMCMCycle: HBondOptions::show: exclude_DNA_DNA: false
protocols.docking.DockMCMCycle: HBondOptions::show: exclude_intra_res_protein_: false
protocols.docking.DockMCMCycle: HBondOptions::show: exclude_intra_res_RNA_: false
protocols.docking.DockMCMCycle: HBondOptions::show: put_intra_into_total_: false
protocols.docking.DockMCMCycle: HBondOptions::show: exclude_self_hbonds: true
protocols.docking.DockMCMCycle: HBondOptions::show: use_hb_env_dep: false
protocols.docking.DockMCMCycle: HBondOptions::show: use_hb_env_dep_DNA: true
protocols.docking.DockMCMCycle: HBondOptions::show: smooth_hb_env_dep: true
protocols.docking.DockMCMCycle: HBondOptions::show: bb_donor_acceptor_check: true
protocols.docking.DockMCMCycle: HBondOptions::show: decompose_bb_hb_into_pair_energies: false
protocols.docking.DockMCMCycle: HBondOptions::show: params_database_tag_: ref2015_params
protocols.docking.DockMCMCycle: HBondOptions::show: use_sp2_chi_penalty_: true
protocols.docking.DockMCMCycle: HBondOptions::show: sp2_BAH180_rise_: 0.75
protocols.docking.DockMCMCycle: HBondOptions::show: sp2_outer_width_: 0.357
protocols.docking.DockMCMCycle: HBondOptions::show: measure_sp3acc_BAH_from_hvy_: true
protocols.docking.DockMCMCycle: HBondOptions::show: fade_energy_: 1
protocols.docking.DockMCMCycle: HBondOptions::show: exclude_ether_oxygens_: 0
protocols.docking.DockMCMCycle: HBondOptions::show: Mbhbond: false 
protocols.docking.DockMCMCycle: HbondOptions::show: mphbond: false
protocols.docking.DockMCMCycle: HBondOptions::show: hbond_energy_shift: 0
protocols.docking.DockMCMCycle: HBondOptions::show: water_hybrid_sf: false
protocols.docking.DockMCMCycle: RNA_EnergyMethodOptions::show: syn_G_potential_bonus: 0
protocols.docking.DockMCMCycle: RNA_EnergyMethodOptions::show: torsion_potential: ps_04282011
protocols.docking.DockMCMCycle: RNA_EnergyMethodOptions::show: suiteness_bonus: Richardson
protocols.docking.DockMCMCycle: RNA_EnergyMethodOptions::show: rna_base_pair_xy_filename: scoring/rna/rna_base_pair_xy.dat
protocols.docking.DockMCMCycle: FreeDOF_Options::show: free_suite_bonus: -1
protocols.docking.DockMCMCycle: FreeDOF_Options::show: free_2HOprime_bonus: -0.5
protocols.docking.DockMCMCycle: FreeDOF_Options::show: free_sugar_bonus: -1
protocols.docking.DockMCMCycle: FreeDOF_Options::show: pack_phosphate_penalty: 0.25
protocols.docking.DockMCMCycle: FreeDOF_Options::show: free_side_chain_bonus: -0.5
protocols.docking.DockMCMCycle: 
protocols.docking.DockMCMCycle: 
protocols.docking.DockMCMCycle: /// Packing scorefunction:                                                   ///
protocols.docking.DockMCMCycle: ScoreFunction::show():
weights: (fa_atr 1) (fa_rep 0.55) (fa_sol 1) (fa_intra_rep 0.005) (fa_intra_sol_xover4 1) (lk_ball_wtd 1) (fa_elec 1) (ch_bond_bb_bb 0.5) (pro_close 1.25) (fa_cust_pair_dist 1) (hbond_sr_bb 0.5) (hbond_lr_bb 1) (hbond_bb_sc 1) (hbond_sc 1) (dslf_fa13 1.25) (rama 0.2) (omega 0.5) (fa_dun 0.7) (p_aa_pp 0.3) (yhh_planarity 0.625) (ref 1) (rama_prepro 0.45)
energy_method_options: EnergyMethodOptions::show: aa_composition_setup_files: 
protocols.docking.DockMCMCycle: EnergyMethodOptions::show: mhc_epitope_setup_files: 
protocols.docking.DockMCMCycle: EnergyMethodOptions::show: netcharge_setup_files: 
protocols.docking.DockMCMCycle: EnergyMethodOptions::show: aspartimide_penalty_value: 25
protocols.docking.DockMCMCycle: EnergyMethodOptions::show: etable_type: FA_STANDARD_DEFAULT
analytic_etable_evaluation: 1
EnergyMethodOptions::show: method_weights: ref 1.32468 3.25479 -2.14574 -2.72453 1.21829 0.79816 -0.30065 2.30374 -0.71458 1.66147 1.65735 -1.34026 -1.64321 -1.45095 -0.09474 -0.28969 1.15175 2.64269 2.26099 0.58223
EnergyMethodOptions::show: method_weights: free_res
EnergyMethodOptions::show: unfolded_energies_type: UNFOLDED_SCORE12
protocols.docking.DockMCMCycle: EnergyMethodOptions::show: split_unfolded_label_type: SPLIT_UNFOLDED_MM
protocols.docking.DockMCMCycle: EnergyMethodOptions::show: split_unfolded_value_type: SPLIT_UNFOLDED_BOLTZ
protocols.docking.DockMCMCycle: EnergyMethodOptions::show: atom_vdw_atom_type_set_name: centroid
protocols.docking.DockMCMCycle: EnergyMethodOptions::show: covalent_labeling_input: 
protocols.docking.DockMCMCycle: EnergyMethodOptions::show: covalent_labeling_fa_input: 
protocols.docking.DockMCMCycle: EnergyMethodOptions::show: hrf_dynamics_input: 
protocols.docking.DockMCMCycle: EnergyMethodOptions::show: depc_ms_input: 
protocols.docking.DockMCMCycle: EnergyMethodOptions::show: exclude_protein_protein_fa_elec: false
protocols.docking.DockMCMCycle: EnergyMethodOptions::show: exclude_RNA_RNA_fa_elec: false
protocols.docking.DockMCMCycle: EnergyMethodOptions::show: exclude_RNA_protein_fa_elec: false
protocols.docking.DockMCMCycle: EnergyMethodOptions::show: exclude_monomer_fa_elec: false
protocols.docking.DockMCMCycle: EnergyMethodOptions::show: elec_max_dis: 5.5
protocols.docking.DockMCMCycle: EnergyMethodOptions::show: elec_min_dis: 1.6
protocols.docking.DockMCMCycle: EnergyMethodOptions::show: elec_die: 10
protocols.docking.DockMCMCycle: EnergyMethodOptions::show: elec_no_dis_dep_die: false
protocols.docking.DockMCMCycle: EnergyMethodOptions::show: elec_sigmoidal_die: true
protocols.docking.DockMCMCycle: EnergyMethodOptions::show: elec_sigmoidal_D: 80
protocols.docking.DockMCMCycle: EnergyMethodOptions::show: elec_sigmoidal_D0: 6
protocols.docking.DockMCMCycle: EnergyMethodOptions::show: elec_sigmoidal_S: 0.4
protocols.docking.DockMCMCycle: EnergyMethodOptions::show: smooth_fa_elec: true
protocols.docking.DockMCMCycle: EnergyMethodOptions::show: grpelec_fade_type: false
protocols.docking.DockMCMCycle: EnergyMethodOptions::show: grpelec_fade_param1: 1
protocols.docking.DockMCMCycle: EnergyMethodOptions::show: grpelec_fade_param2: 1
protocols.docking.DockMCMCycle: EnergyMethodOptions::show: grpelec_fade_hbond: 0
protocols.docking.DockMCMCycle: EnergyMethodOptions::show: grp_cpfxn: 1
protocols.docking.DockMCMCycle: EnergyMethodOptions::show: elec_group_file: /scoring/score_functions/elec_group_def.dat
protocols.docking.DockMCMCycle: EnergyMethodOptions::show: grpelec_context_dependent: 0
protocols.docking.DockMCMCycle: EnergyMethodOptions::show: use_polarization: true
protocols.docking.DockMCMCycle: EnergyMethodOptions::show: use_gen_kirkwood: true
protocols.docking.DockMCMCycle: EnergyMethodOptions::show: protein_dielectric: 1
protocols.docking.DockMCMCycle: EnergyMethodOptions::show: water_dielectric: 78.3
protocols.docking.DockMCMCycle: EnergyMethodOptions::show: exclude_DNA_DNA: false
protocols.docking.DockMCMCycle: EnergyMethodOptions::show: exclude_intra_res_protein: false
protocols.docking.DockMCMCycle: EnergyMethodOptions::show: count_pair_hybrid: false
protocols.docking.DockMCMCycle: EnergyMethodOptions::show: count_pair_full: false
protocols.docking.DockMCMCycle: EnergyMethodOptions::show: put_intra_into_total: false
protocols.docking.DockMCMCycle: EnergyMethodOptions::show: geom_sol_interres_path_distance_cutoff: false
protocols.docking.DockMCMCycle: EnergyMethodOptions::show: geom_sol_intrares_path_distance_cutoff: true
protocols.docking.DockMCMCycle: EnergyMethodOptions::show: eval_intrares_elec_ST_only: false
protocols.docking.DockMCMCycle: EnergyMethodOptions::show: envsmooth_zero_negatives: false
protocols.docking.DockMCMCycle: EnergyMethodOptions::show: cst_max_seq_sep: 18446744073709551615
protocols.docking.DockMCMCycle: EnergyMethodOptions::show: pb_bound_tag: bound
protocols.docking.DockMCMCycle: EnergyMethodOptions::show: pb_unbound_tag: unbound
protocols.docking.DockMCMCycle: EnergyMethodOptions::show: arg_cation_pi_his_can_be_pi: 1
protocols.docking.DockMCMCycle: EnergyMethodOptions::show: ordered_wat_penalty: 1.221
protocols.docking.DockMCMCycle: EnergyMethodOptions::show: ordered_pt_wat_penalty: 2.709
protocols.docking.DockMCMCycle: EnergyMethodOptions::show: nmer_ref_seq_length_: 9
protocols.docking.DockMCMCycle: EnergyMethodOptions::show: nmer_svm_term_length_: 3
protocols.docking.DockMCMCycle: EnergyMethodOptions::show: nmer_svm_pssm_feat_: 1
protocols.docking.DockMCMCycle: EnergyMethodOptions::show: nmer_svm_scorecut_defined_: 0
protocols.docking.DockMCMCycle: EnergyMethodOptions::show: nmer_svm_scorecut_: 0
protocols.docking.DockMCMCycle: EnergyMethodOptions::show: nmer_svm_avg_rank_as_energy_: 0
protocols.docking.DockMCMCycle: EnergyMethodOptions::show: nmer_svm_aa_matrix_defined_: 0
protocols.docking.DockMCMCycle: EnergyMethodOptions::show: nmer_svm_aa_matrix_: 
protocols.docking.DockMCMCycle: EnergyMethodOptions::show: nmer_svm_list_defined_: 0
protocols.docking.DockMCMCycle: EnergyMethodOptions::show: nmer_svm_list_: 
protocols.docking.DockMCMCycle: EnergyMethodOptions::show: nmer_svm_defined_: 0
protocols.docking.DockMCMCycle: EnergyMethodOptions::show: nmer_svm_: 
protocols.docking.DockMCMCycle: EnergyMethodOptions::show: nmer_svm_rank_list_defined_: 0
protocols.docking.DockMCMCycle: EnergyMethodOptions::show: nmer_svm_rank_list_: 
protocols.docking.DockMCMCycle: EnergyMethodOptions::show: nmer_svm_rank_defined_: 0
protocols.docking.DockMCMCycle: EnergyMethodOptions::show: nmer_svm_rank_: 
protocols.docking.DockMCMCycle: EnergyMethodOptions::show: voids_penalty_energy_containing_cones_cutoff_:6
protocols.docking.DockMCMCycle: EnergyMethodOptions::show: voids_penalty_energy_cone_distance_cutoff_: 8
protocols.docking.DockMCMCycle: EnergyMethodOptions::show: voids_penalty_energy_cone_dotproduct_cutoff_: 0.1
protocols.docking.DockMCMCycle: EnergyMethodOptions::show: voids_penalty_energy_voxel_grid_padding_: 1
protocols.docking.DockMCMCycle: EnergyMethodOptions::show: voids_penalty_energy_voxel_size_: 0.5
protocols.docking.DockMCMCycle: EnergyMethodOptions::show: voids_penalty_energy_disabled_except_during_packing_: TRUE
protocols.docking.DockMCMCycle: EnergyMethodOptions::show: hbnet_bonus_ramping_function_: "quadratic"
protocols.docking.DockMCMCycle: EnergyMethodOptions::show: hbnet_max_network_size_: 0
protocols.docking.DockMCMCycle: EnergyMethodOptions::show: approximate_buried_unsat_penalty_hbond_energy_threshold_: -0.25
protocols.docking.DockMCMCycle: EnergyMethodOptions::show: approximate_buried_unsat_penalty_burial_atomic_depth_: 4.5
protocols.docking.DockMCMCycle: EnergyMethodOptions::show: approximate_buried_unsat_penalty_burial_probe_radius_: 2.3
protocols.docking.DockMCMCycle: EnergyMethodOptions::show: approximate_buried_unsat_penalty_burial_resolution_: 0.5
protocols.docking.DockMCMCycle: EnergyMethodOptions::show: approximate_buried_unsat_penalty_oversat_penalty_: 1
protocols.docking.DockMCMCycle: EnergyMethodOptions::show: approximate_buried_unsat_penalty_assume_const_backbone_:1
protocols.docking.DockMCMCycle: EnergyMethodOptions::show: approximate_buried_unsat_penalty_natural_corrections1_:0
protocols.docking.DockMCMCycle: EnergyMethodOptions::show: approximate_buried_unsat_penalty_hbond_bonus_cross_chain_:0
protocols.docking.DockMCMCycle: EnergyMethodOptions::show: approximate_buried_unsat_penalty_hbond_bonus_ser_to_helix_bb_:0
protocols.docking.DockMCMCycle: EnergyMethodOptions::show: approximate_buried_unsat_penalty_lys_ok_with_1_:0
protocols.docking.DockMCMCycle: EnergyMethodOptions::show: target_clash_pdb_:
protocols.docking.DockMCMCycle: EnergyMethodOptions::show: dump_trajectory_prefix_: traj
protocols.docking.DockMCMCycle: EnergyMethodOptions::show: dump_trajectory_gz_: FALSE
protocols.docking.DockMCMCycle: EnergyMethodOptions::show: dump_trajectory_stride_: 1
protocols.docking.DockMCMCycle: EnergyMethodOptions::show: bond_angle_central_atoms_to_score:
protocols.docking.DockMCMCycle: EnergyMethodOptions::show: bond_angle_residue_type_param_set: none
protocols.docking.DockMCMCycle: HBondOptions::show: hb_max_energy: 0
protocols.docking.DockMCMCycle: HBondOptions::show: exclude_DNA_DNA: false
protocols.docking.DockMCMCycle: HBondOptions::show: exclude_intra_res_protein_: false
protocols.docking.DockMCMCycle: HBondOptions::show: exclude_intra_res_RNA_: false
protocols.docking.DockMCMCycle: HBondOptions::show: put_intra_into_total_: false
protocols.docking.DockMCMCycle: HBondOptions::show: exclude_self_hbonds: true
protocols.docking.DockMCMCycle: HBondOptions::show: use_hb_env_dep: false
protocols.docking.DockMCMCycle: HBondOptions::show: use_hb_env_dep_DNA: true
protocols.docking.DockMCMCycle: HBondOptions::show: smooth_hb_env_dep: true
protocols.docking.DockMCMCycle: HBondOptions::show: bb_donor_acceptor_check: true
protocols.docking.DockMCMCycle: HBondOptions::show: decompose_bb_hb_into_pair_energies: false
protocols.docking.DockMCMCycle: HBondOptions::show: params_database_tag_: ref2015_params
protocols.docking.DockMCMCycle: HBondOptions::show: use_sp2_chi_penalty_: true
protocols.docking.DockMCMCycle: HBondOptions::show: sp2_BAH180_rise_: 0.75
protocols.docking.DockMCMCycle: HBondOptions::show: sp2_outer_width_: 0.357
protocols.docking.DockMCMCycle: HBondOptions::show: measure_sp3acc_BAH_from_hvy_: true
protocols.docking.DockMCMCycle: HBondOptions::show: fade_energy_: 1
protocols.docking.DockMCMCycle: HBondOptions::show: exclude_ether_oxygens_: 0
protocols.docking.DockMCMCycle: HBondOptions::show: Mbhbond: false 
protocols.docking.DockMCMCycle: HbondOptions::show: mphbond: false
protocols.docking.DockMCMCycle: HBondOptions::show: hbond_energy_shift: 0
protocols.docking.DockMCMCycle: HBondOptions::show: water_hybrid_sf: false
protocols.docking.DockMCMCycle: RNA_EnergyMethodOptions::show: syn_G_potential_bonus: 0
protocols.docking.DockMCMCycle: RNA_EnergyMethodOptions::show: torsion_potential: ps_04282011
protocols.docking.DockMCMCycle: RNA_EnergyMethodOptions::show: suiteness_bonus: Richardson
protocols.docking.DockMCMCycle: RNA_EnergyMethodOptions::show: rna_base_pair_xy_filename: scoring/rna/rna_base_pair_xy.dat
protocols.docking.DockMCMCycle: FreeDOF_Options::show: free_suite_bonus: -1
protocols.docking.DockMCMCycle: FreeDOF_Options::show: free_2HOprime_bonus: -0.5
protocols.docking.DockMCMCycle: FreeDOF_Options::show: free_sugar_bonus: -1
protocols.docking.DockMCMCycle: FreeDOF_Options::show: pack_phosphate_penalty: 0.25
protocols.docking.DockMCMCycle: FreeDOF_Options::show: free_side_chain_bonus: -0.5
protocols.docking.DockMCMCycle: 
protocols.docking.DockMCMCycle: 
protocols.docking.DockMCMCycle: ////////////////////////////////////////////////////////////////////////////////
core.pack.task: Packer task: initialize from command line() 
core.pack.pack_rotamers: built 0 rotamers at 0 positions.
core.pack.interaction_graph.interaction_graph_factory: Instantiating DensePDInteractionGraph
basic.thread_manager.RosettaThreadManager: [ WARNING ] A work vector of size zero was passed to the RosettaThreadManager!  Duly returning without doing anything.
protocols.geometry.RB_geometry: [ WARNING ] centroids_by_jump_int called but no interface detected!!
protocols.geometry.RB_geometry: [ WARNING ] calling centroids_by_jump...
core.pack.task: Packer task: initialize from command line() 
protocols.geometry.RB_geometry: [ WARNING ] centroids_by_jump_int called but no interface detected!!
protocols.geometry.RB_geometry: [ WARNING ] calling centroids_by_jump...
core.pack.task: Packer task: initialize from command line() 
protocols.geometry.RB_geometry: [ WARNING ] centroids_by_jump_int called but no interface detected!!
protocols.geometry.RB_geometry: [ WARNING ] calling centroids_by_jump...
core.pack.task: Packer task: initialize from command line() 
protocols.geometry.RB_geometry: [ WARNING ] centroids_by_jump_int called but no interface detected!!
protocols.geometry.RB_geometry: [ WARNING ] calling centroids_by_jump...
core.pack.task: Packer task: initialize from command line() 
protocols.geometry.RB_geometry: [ WARNING ] centroids_by_jump_int called but no interface detected!!
protocols.geometry.RB_geometry: [ WARNING ] calling centroids_by_jump...
core.pack.task: Packer task: initialize from command line() 
protocols.geometry.RB_geometry: [ WARNING ] centroids_by_jump_int called but no interface detected!!
protocols.geometry.RB_geometry: [ WARNING ] calling centroids_by_jump...
core.pack.task: Packer task: initialize from command line() 
protocols.geometry.RB_geometry: [ WARNING ] centroids_by_jump_int called but no interface detected!!
protocols.geometry.RB_geometry: [ WARNING ] calling centroids_by_jump...
core.pack.task: Packer task: initialize from command line() 
protocols.geometry.RB_geometry: [ WARNING ] centroids_by_jump_int called but no interface detected!!
protocols.geometry.RB_geometry: [ WARNING ] calling centroids_by_jump...
core.pack.task: Packer task: initialize from command line() 
protocols.geometry.RB_geometry: [ WARNING ] centroids_by_jump_int called but no interface detected!!
protocols.geometry.RB_geometry: [ WARNING ] calling centroids_by_jump...
core.pack.task: Packer task: initialize from command line() 
protocols.geometry.RB_geometry: [ WARNING ] centroids_by_jump_int called but no interface detected!!
protocols.geometry.RB_geometry: [ WARNING ] calling centroids_by_jump...
core.pack.task: Packer task: initialize from command line() 
protocols.geometry.RB_geometry: [ WARNING ] centroids_by_jump_int called but no interface detected!!
protocols.geometry.RB_geometry: [ WARNING ] calling centroids_by_jump...
core.pack.task: Packer task: initialize from command line() 
protocols.geometry.RB_geometry: [ WARNING ] centroids_by_jump_int called but no interface detected!!
protocols.geometry.RB_geometry: [ WARNING ] calling centroids_by_jump...
core.pack.task: Packer task: initialize from command line() 
core.pack.task: Packer task: initialize from command line() 
core.pack.pack_rotamers: built 0 rotamers at 0 positions.
core.pack.interaction_graph.interaction_graph_factory: Instantiating DensePDInteractionGraph
basic.thread_manager.RosettaThreadManager: [ WARNING ] A work vector of size zero was passed to the RosettaThreadManager!  Duly returning without doing anything.
protocols.geometry.RB_geometry: [ WARNING ] centroids_by_jump_int called but no interface detected!!
protocols.geometry.RB_geometry: [ WARNING ] calling centroids_by_jump...
core.pack.task: Packer task: initialize from command line() 
protocols.geometry.RB_geometry: [ WARNING ] centroids_by_jump_int called but no interface detected!!
protocols.geometry.RB_geometry: [ WARNING ] calling centroids_by_jump...
core.pack.task: Packer task: initialize from command line() 
protocols.geometry.RB_geometry: [ WARNING ] centroids_by_jump_int called but no interface detected!!
protocols.geometry.RB_geometry: [ WARNING ] calling centroids_by_jump...
core.pack.task: Packer task: initialize from command line() 
protocols.geometry.RB_geometry: [ WARNING ] centroids_by_jump_int called but no interface detected!!
protocols.geometry.RB_geometry: [ WARNING ] calling centroids_by_jump...
core.pack.task: Packer task: initialize from command line() 
protocols.geometry.RB_geometry: [ WARNING ] centroids_by_jump_int called but no interface detected!!
protocols.geometry.RB_geometry: [ WARNING ] calling centroids_by_jump...
core.pack.task: Packer task: initialize from command line() 
protocols.geometry.RB_geometry: [ WARNING ] centroids_by_jump_int called but no interface detected!!
protocols.geometry.RB_geometry: [ WARNING ] calling centroids_by_jump...
core.pack.task: Packer task: initialize from command line() 
protocols.geometry.RB_geometry: [ WARNING ] centroids_by_jump_int called but no interface detected!!
protocols.geometry.RB_geometry: [ WARNING ] calling centroids_by_jump...
core.pack.task: Packer task: initialize from command line() 
protocols.geometry.RB_geometry: [ WARNING ] centroids_by_jump_int called but no interface detected!!
protocols.geometry.RB_geometry: [ WARNING ] calling centroids_by_jump...
core.pack.task: Packer task: initialize from command line() 
core.pack.task: Packer task: initialize from command line() 
core.pack.pack_rotamers: built 0 rotamers at 0 positions.
core.pack.interaction_graph.interaction_graph_factory: Instantiating DensePDInteractionGraph
basic.thread_manager.RosettaThreadManager: [ WARNING ] A work vector of size zero was passed to the RosettaThreadManager!  Duly returning without doing anything.
protocols.geometry.RB_geometry: [ WARNING ] centroids_by_jump_int called but no interface detected!!
protocols.geometry.RB_geometry: [ WARNING ] calling centroids_by_jump...
core.pack.task: Packer task: initialize from command line() 
protocols.geometry.RB_geometry: [ WARNING ] centroids_by_jump_int called but no interface detected!!
protocols.geometry.RB_geometry: [ WARNING ] calling centroids_by_jump...
core.pack.task: Packer task: initialize from command line() 
protocols.geometry.RB_geometry: [ WARNING ] centroids_by_jump_int called but no interface detected!!
protocols.geometry.RB_geometry: [ WARNING ] calling centroids_by_jump...
core.pack.task: Packer task: initialize from command line() 
protocols.geometry.RB_geometry: [ WARNING ] centroids_by_jump_int called but no interface detected!!
protocols.geometry.RB_geometry: [ WARNING ] calling centroids_by_jump...
core.pack.task: Packer task: initialize from command line() 
protocols.geometry.RB_geometry: [ WARNING ] centroids_by_jump_int called but no interface detected!!
protocols.geometry.RB_geometry: [ WARNING ] calling centroids_by_jump...
core.pack.task: Packer task: initialize from command line() 
protocols.geometry.RB_geometry: [ WARNING ] centroids_by_jump_int called but no interface detected!!
protocols.geometry.RB_geometry: [ WARNING ] calling centroids_by_jump...
core.pack.task: Packer task: initialize from command line() 
protocols.geometry.RB_geometry: [ WARNING ] centroids_by_jump_int called but no interface detected!!
protocols.geometry.RB_geometry: [ WARNING ] calling centroids_by_jump...
core.pack.task: Packer task: initialize from command line() 
protocols.geometry.RB_geometry: [ WARNING ] centroids_by_jump_int called but no interface detected!!
protocols.geometry.RB_geometry: [ WARNING ] calling centroids_by_jump...
core.pack.task: Packer task: initialize from command line() 
core.pack.task: Packer task: initialize from command line() 
core.pack.pack_rotamers: built 0 rotamers at 0 positions.
core.pack.interaction_graph.interaction_graph_factory: Instantiating DensePDInteractionGraph
basic.thread_manager.RosettaThreadManager: [ WARNING ] A work vector of size zero was passed to the RosettaThreadManager!  Duly returning without doing anything.
protocols.geometry.RB_geometry: [ WARNING ] centroids_by_jump_int called but no interface detected!!
protocols.geometry.RB_geometry: [ WARNING ] calling centroids_by_jump...
core.pack.task: Packer task: initialize from command line() 
protocols.geometry.RB_geometry: [ WARNING ] centroids_by_jump_int called but no interface detected!!
protocols.geometry.RB_geometry: [ WARNING ] calling centroids_by_jump...
core.pack.task: Packer task: initialize from command line() 
protocols.geometry.RB_geometry: [ WARNING ] centroids_by_jump_int called but no interface detected!!
protocols.geometry.RB_geometry: [ WARNING ] calling centroids_by_jump...
core.pack.task: Packer task: initialize from command line() 
protocols.geometry.RB_geometry: [ WARNING ] centroids_by_jump_int called but no interface detected!!
protocols.geometry.RB_geometry: [ WARNING ] calling centroids_by_jump...
core.pack.task: Packer task: initialize from command line() 
protocols.geometry.RB_geometry: [ WARNING ] centroids_by_jump_int called but no interface detected!!
protocols.geometry.RB_geometry: [ WARNING ] calling centroids_by_jump...
core.pack.task: Packer task: initialize from command line() 
protocols.geometry.RB_geometry: [ WARNING ] centroids_by_jump_int called but no interface detected!!
protocols.geometry.RB_geometry: [ WARNING ] calling centroids_by_jump...
core.pack.task: Packer task: initialize from command line() 
protocols.geometry.RB_geometry: [ WARNING ] centroids_by_jump_int called but no interface detected!!
protocols.geometry.RB_geometry: [ WARNING ] calling centroids_by_jump...
core.pack.task: Packer task: initialize from command line() 
protocols.geometry.RB_geometry: [ WARNING ] centroids_by_jump_int called but no interface detected!!
protocols.geometry.RB_geometry: [ WARNING ] calling centroids_by_jump...
core.pack.task: Packer task: initialize from command line() 
core.pack.task: Packer task: initialize from command line() 
core.pack.pack_rotamers: built 0 rotamers at 0 positions.
core.pack.interaction_graph.interaction_graph_factory: Instantiating DensePDInteractionGraph
basic.thread_manager.RosettaThreadManager: [ WARNING ] A work vector of size zero was passed to the RosettaThreadManager!  Duly returning without doing anything.
protocols.geometry.RB_geometry: [ WARNING ] centroids_by_jump_int called but no interface detected!!
protocols.geometry.RB_geometry: [ WARNING ] calling centroids_by_jump...
core.pack.task: Packer task: initialize from command line() 
protocols.geometry.RB_geometry: [ WARNING ] centroids_by_jump_int called but no interface detected!!
protocols.geometry.RB_geometry: [ WARNING ] calling centroids_by_jump...
core.pack.task: Packer task: initialize from command line() 
protocols.geometry.RB_geometry: [ WARNING ] centroids_by_jump_int called but no interface detected!!
protocols.geometry.RB_geometry: [ WARNING ] calling centroids_by_jump...
core.pack.task: Packer task: initialize from command line() 
protocols.geometry.RB_geometry: [ WARNING ] centroids_by_jump_int called but no interface detected!!
protocols.geometry.RB_geometry: [ WARNING ] calling centroids_by_jump...
core.pack.task: Packer task: initialize from command line() 
protocols.geometry.RB_geometry: [ WARNING ] centroids_by_jump_int called but no interface detected!!
protocols.geometry.RB_geometry: [ WARNING ] calling centroids_by_jump...
core.pack.task: Packer task: initialize from command line() 
protocols.geometry.RB_geometry: [ WARNING ] centroids_by_jump_int called but no interface detected!!
protocols.geometry.RB_geometry: [ WARNING ] calling centroids_by_jump...
core.pack.task: Packer task: initialize from command line() 
protocols.geometry.RB_geometry: [ WARNING ] centroids_by_jump_int called but no interface detected!!
protocols.geometry.RB_geometry: [ WARNING ] calling centroids_by_jump...
core.pack.task: Packer task: initialize from command line() 
protocols.geometry.RB_geometry: [ WARNING ] centroids_by_jump_int called but no interface detected!!
protocols.geometry.RB_geometry: [ WARNING ] calling centroids_by_jump...
core.pack.task: Packer task: initialize from command line() 
core.pack.task: Packer task: initialize from command line() 
core.pack.pack_rotamers: built 0 rotamers at 0 positions.
core.pack.interaction_graph.interaction_graph_factory: Instantiating DensePDInteractionGraph
basic.thread_manager.RosettaThreadManager: [ WARNING ] A work vector of size zero was passed to the RosettaThreadManager!  Duly returning without doing anything.
protocols.geometry.RB_geometry: [ WARNING ] centroids_by_jump_int called but no interface detected!!
protocols.geometry.RB_geometry: [ WARNING ] calling centroids_by_jump...
core.pack.task: Packer task: initialize from command line() 
protocols.geometry.RB_geometry: [ WARNING ] centroids_by_jump_int called but no interface detected!!
protocols.geometry.RB_geometry: [ WARNING ] calling centroids_by_jump...
core.pack.task: Packer task: initialize from command line() 
protocols.geometry.RB_geometry: [ WARNING ] centroids_by_jump_int called but no interface detected!!
protocols.geometry.RB_geometry: [ WARNING ] calling centroids_by_jump...
core.pack.task: Packer task: initialize from command line() 
protocols.geometry.RB_geometry: [ WARNING ] centroids_by_jump_int called but no interface detected!!
protocols.geometry.RB_geometry: [ WARNING ] calling centroids_by_jump...
core.pack.task: Packer task: initialize from command line() 
protocols.geometry.RB_geometry: [ WARNING ] centroids_by_jump_int called but no interface detected!!
protocols.geometry.RB_geometry: [ WARNING ] calling centroids_by_jump...
core.pack.task: Packer task: initialize from command line() 
protocols.docking.DockingProtocol.metrics: unbound pose: 
protocols.docking.DockingProtocol.metrics: 
------------------------------------------------------------
 Scores                       Weight   Raw Score Wghtd.Score
------------------------------------------------------------
 fa_atr                       1.000   -6814.833   -6814.833
 fa_rep                       0.550    3983.246    2190.785
 fa_sol                       1.000    4682.917    4682.917
 fa_intra_rep                 0.005    3194.729      15.974
 fa_intra_sol_xover4          1.000     246.907     246.907
 lk_ball_wtd                  1.000    -161.300    -161.300
 fa_elec                      1.000   -1499.849   -1499.849
 ch_bond_bb_bb                0.500      -8.411      -4.206
 pro_close                    1.250     140.227     175.284
 fa_cust_pair_dist            1.000       9.279       9.279
 hbond_sr_bb                  0.500    -592.797    -296.398
 hbond_lr_bb                  1.000     -10.047     -10.047
 hbond_bb_sc                  1.000     -54.883     -54.883
 hbond_sc                     1.000     -59.088     -59.088
 dslf_fa13                    1.250     -29.686     -37.108
 rama                         0.200    -306.444     -61.289
 omega                        0.500      34.363      17.182
 fa_dun                       0.700    5585.591    3909.914
 p_aa_pp                      0.300     -77.468     -23.240
 yhh_planarity                0.625       0.000       0.000
 ref                          1.000     261.134     261.134
 rama_prepro                  0.450     786.808     354.064
---------------------------------------------------
 Total weighted score:                     2841.198
protocols.docking.DockingProtocol.metrics: bound pose: 
protocols.docking.DockingProtocol.metrics: 
------------------------------------------------------------
 Scores                       Weight   Raw Score Wghtd.Score
------------------------------------------------------------
 fa_atr                       1.000   -6814.833   -6814.833
 fa_rep                       0.550    3983.246    2190.785
 fa_sol                       1.000    4682.917    4682.917
 fa_intra_rep                 0.005    3194.729      15.974
 fa_intra_sol_xover4          1.000     246.907     246.907
 lk_ball_wtd                  1.000    -161.300    -161.300
 fa_elec                      1.000   -1499.849   -1499.849
 ch_bond_bb_bb                0.500      -8.411      -4.206
 pro_close                    1.250     140.227     175.284
 fa_cust_pair_dist            1.000       9.279       9.279
 hbond_sr_bb                  0.500    -592.797    -296.398
 hbond_lr_bb                  1.000     -10.047     -10.047
 hbond_bb_sc                  1.000     -54.883     -54.883
 hbond_sc                     1.000     -59.088     -59.088
 dslf_fa13                    1.250     -29.686     -37.108
 rama                         0.200    -306.444     -61.289
 omega                        0.500      34.363      17.182
 fa_dun                       0.700    5585.591    3909.914
 p_aa_pp                      0.300     -77.468     -23.240
 yhh_planarity                0.625       0.000       0.000
 ref                          1.000     261.134     261.134
 rama_prepro                  0.450     786.808     354.064
---------------------------------------------------
 Total weighted score:                     2841.198
protocols.docking.DockingProtocol.metrics: unbound energy: 2841.2
protocols.docking.DockingProtocol.metrics: bound energy: 2841.2
protocols.docking.DockingProtocol.metrics: interaction energy: -2.72848e-12
protocols.docking.DockingProtocol.metrics: rb_jump: 1
protocols.docking.DockingProtocol.metrics: unbound pose: 
protocols.docking.DockingProtocol.metrics: 
------------------------------------------------------------
 Scores                       Weight   Raw Score Wghtd.Score
------------------------------------------------------------
 fa_atr                       1.000   -6814.833   -6814.833
 fa_rep                       0.550    3983.246    2190.785
 fa_sol                       1.000    4682.917    4682.917
 fa_intra_rep                 0.005    3194.729      15.974
 fa_intra_sol_xover4          1.000     246.907     246.907
 lk_ball_wtd                  1.000    -161.300    -161.300
 fa_elec                      1.000   -1499.849   -1499.849
 ch_bond_bb_bb                0.500      -8.411      -4.206
 pro_close                    1.250     140.227     175.284
 fa_cust_pair_dist            1.000       9.279       9.279
 hbond_sr_bb                  0.500    -592.797    -296.398
 hbond_lr_bb                  1.000     -10.047     -10.047
 hbond_bb_sc                  1.000     -54.883     -54.883
 hbond_sc                     1.000     -59.088     -59.088
 dslf_fa13                    1.250     -29.686     -37.108
 rama                         0.200    -306.444     -61.289
 omega                        0.500      34.363      17.182
 fa_dun                       0.700    5585.591    3909.914
 p_aa_pp                      0.300     -77.468     -23.240
 yhh_planarity                0.625       0.000       0.000
 ref                          1.000     261.134     261.134
 rama_prepro                  0.450     786.808     354.064
---------------------------------------------------
 Total weighted score:                     2841.198
protocols.docking.DockingProtocol.metrics: bound pose: 
protocols.docking.DockingProtocol.metrics: 
------------------------------------------------------------
 Scores                       Weight   Raw Score Wghtd.Score
------------------------------------------------------------
 fa_atr                       1.000   -6814.833   -6814.833
 fa_rep                       0.550    3983.246    2190.785
 fa_sol                       1.000    4682.917    4682.917
 fa_intra_rep                 0.005    3194.729      15.974
 fa_intra_sol_xover4          1.000     246.907     246.907
 lk_ball_wtd                  1.000    -161.300    -161.300
 fa_elec                      1.000   -1499.849   -1499.849
 ch_bond_bb_bb                0.500      -8.411      -4.206
 pro_close                    1.250     140.227     175.284
 fa_cust_pair_dist            1.000       9.279       9.279
 hbond_sr_bb                  0.500    -592.797    -296.398
 hbond_lr_bb                  1.000     -10.047     -10.047
 hbond_bb_sc                  1.000     -54.883     -54.883
 hbond_sc                     1.000     -59.088     -59.088
 dslf_fa13                    1.250     -29.686     -37.108
 rama                         0.200    -306.444     -61.289
 omega                        0.500      34.363      17.182
 fa_dun                       0.700    5585.591    3909.914
 p_aa_pp                      0.300     -77.468     -23.240
 yhh_planarity                0.625       0.000       0.000
 ref                          1.000     261.134     261.134
 rama_prepro                  0.450     786.808     354.064
---------------------------------------------------
 Total weighted score:                     2841.198
protocols.docking.DockingProtocol.metrics: unbound energy: 2841.2
protocols.docking.DockingProtocol.metrics: bound energy: 2841.2
protocols.docking.DockingProtocol.metrics: interaction energy: -2.72848e-12
protocols.docking.DockingProtocol.metrics: rb_jump: 1
protocols.jd2.JobDistributor: complex_0001 reported success in 9 seconds
protocols.jd2.PDBJobInputter: PDBJobInputter::pose_from_job
protocols.jd2.PDBJobInputter: filling pose from saved copy input/complex.pdb
protocols.docking.DockingProtocol: ////////////////////////////////////////////////////////////////////////////////
protocols.docking.DockingProtocol: ///                     Rosetta 3 Docking Protocol                           ///
protocols.docking.DockingProtocol: ///                                                                          ///
protocols.docking.DockingProtocol: /// Dockable Jumps: 1                                                        ///
protocols.docking.DockingProtocol: /// Low Resolution Docking Protocol:  off                                    ///
protocols.docking.DockingProtocol: /// High Resolution Docking Protocol:  on                                    ///
protocols.docking.DockingProtocol: /// Low Resolution Filter:  off                                              ///
protocols.docking.DockingProtocol: /// High Resolution Filter:  on                                              ///
protocols.docking.DockingProtocol: ////////////////////////////////////////////////////////////////////////////////
protocols.docking.DockMCMProtocol: in DockMCMProtocol.apply
protocols.docking.DockMCMProtocol: Using the DockingTaskFactory.
protocols.docking.DockMCMCycle: Setting up defaults for DockMCMCycle: 
protocols.docking.DockMCMCycle: ////////////////////////////////////////////////////////////////////////////////
protocols.docking.DockMCMCycle: /// Dockable Jumps: 1                                                        ///
protocols.docking.DockMCMCycle: /// Translation: 0.1                                                         ///
protocols.docking.DockMCMCycle: /// Rotation: 5                                                              ///
protocols.docking.DockMCMCycle: /// Scorefunction:                                                           ///
protocols.docking.DockMCMCycle: ScoreFunction::show():
weights: (fa_atr 1) (fa_rep 0.55) (fa_sol 1) (fa_intra_rep 0.005) (fa_intra_sol_xover4 1) (lk_ball_wtd 1) (fa_elec 1) (ch_bond_bb_bb 0.5) (pro_close 1.25) (fa_cust_pair_dist 1) (hbond_sr_bb 0.5) (hbond_lr_bb 1) (hbond_bb_sc 1) (hbond_sc 1) (dslf_fa13 1.25) (rama 0.2) (omega 0.5) (fa_dun 0.7) (p_aa_pp 0.3) (yhh_planarity 0.625) (ref 1) (rama_prepro 0.45)
energy_method_options: EnergyMethodOptions::show: aa_composition_setup_files: 
protocols.docking.DockMCMCycle: EnergyMethodOptions::show: mhc_epitope_setup_files: 
protocols.docking.DockMCMCycle: EnergyMethodOptions::show: netcharge_setup_files: 
protocols.docking.DockMCMCycle: EnergyMethodOptions::show: aspartimide_penalty_value: 25
protocols.docking.DockMCMCycle: EnergyMethodOptions::show: etable_type: FA_STANDARD_DEFAULT
analytic_etable_evaluation: 1
EnergyMethodOptions::show: method_weights: ref 1.32468 3.25479 -2.14574 -2.72453 1.21829 0.79816 -0.30065 2.30374 -0.71458 1.66147 1.65735 -1.34026 -1.64321 -1.45095 -0.09474 -0.28969 1.15175 2.64269 2.26099 0.58223
EnergyMethodOptions::show: method_weights: free_res
EnergyMethodOptions::show: unfolded_energies_type: UNFOLDED_SCORE12
protocols.docking.DockMCMCycle: EnergyMethodOptions::show: split_unfolded_label_type: SPLIT_UNFOLDED_MM
protocols.docking.DockMCMCycle: EnergyMethodOptions::show: split_unfolded_value_type: SPLIT_UNFOLDED_BOLTZ
protocols.docking.DockMCMCycle: EnergyMethodOptions::show: atom_vdw_atom_type_set_name: centroid
protocols.docking.DockMCMCycle: EnergyMethodOptions::show: covalent_labeling_input: 
protocols.docking.DockMCMCycle: EnergyMethodOptions::show: covalent_labeling_fa_input: 
protocols.docking.DockMCMCycle: EnergyMethodOptions::show: hrf_dynamics_input: 
protocols.docking.DockMCMCycle: EnergyMethodOptions::show: depc_ms_input: 
protocols.docking.DockMCMCycle: EnergyMethodOptions::show: exclude_protein_protein_fa_elec: false
protocols.docking.DockMCMCycle: EnergyMethodOptions::show: exclude_RNA_RNA_fa_elec: false
protocols.docking.DockMCMCycle: EnergyMethodOptions::show: exclude_RNA_protein_fa_elec: false
protocols.docking.DockMCMCycle: EnergyMethodOptions::show: exclude_monomer_fa_elec: false
protocols.docking.DockMCMCycle: EnergyMethodOptions::show: elec_max_dis: 5.5
protocols.docking.DockMCMCycle: EnergyMethodOptions::show: elec_min_dis: 1.6
protocols.docking.DockMCMCycle: EnergyMethodOptions::show: elec_die: 10
protocols.docking.DockMCMCycle: EnergyMethodOptions::show: elec_no_dis_dep_die: false
protocols.docking.DockMCMCycle: EnergyMethodOptions::show: elec_sigmoidal_die: true
protocols.docking.DockMCMCycle: EnergyMethodOptions::show: elec_sigmoidal_D: 80
protocols.docking.DockMCMCycle: EnergyMethodOptions::show: elec_sigmoidal_D0: 6
protocols.docking.DockMCMCycle: EnergyMethodOptions::show: elec_sigmoidal_S: 0.4
protocols.docking.DockMCMCycle: EnergyMethodOptions::show: smooth_fa_elec: true
protocols.docking.DockMCMCycle: EnergyMethodOptions::show: grpelec_fade_type: false
protocols.docking.DockMCMCycle: EnergyMethodOptions::show: grpelec_fade_param1: 1
protocols.docking.DockMCMCycle: EnergyMethodOptions::show: grpelec_fade_param2: 1
protocols.docking.DockMCMCycle: EnergyMethodOptions::show: grpelec_fade_hbond: 0
protocols.docking.DockMCMCycle: EnergyMethodOptions::show: grp_cpfxn: 1
protocols.docking.DockMCMCycle: EnergyMethodOptions::show: elec_group_file: /scoring/score_functions/elec_group_def.dat
protocols.docking.DockMCMCycle: EnergyMethodOptions::show: grpelec_context_dependent: 0
protocols.docking.DockMCMCycle: EnergyMethodOptions::show: use_polarization: true
protocols.docking.DockMCMCycle: EnergyMethodOptions::show: use_gen_kirkwood: true
protocols.docking.DockMCMCycle: EnergyMethodOptions::show: protein_dielectric: 1
protocols.docking.DockMCMCycle: EnergyMethodOptions::show: water_dielectric: 78.3
protocols.docking.DockMCMCycle: EnergyMethodOptions::show: exclude_DNA_DNA: false
protocols.docking.DockMCMCycle: EnergyMethodOptions::show: exclude_intra_res_protein: false
protocols.docking.DockMCMCycle: EnergyMethodOptions::show: count_pair_hybrid: false
protocols.docking.DockMCMCycle: EnergyMethodOptions::show: count_pair_full: false
protocols.docking.DockMCMCycle: EnergyMethodOptions::show: put_intra_into_total: false
protocols.docking.DockMCMCycle: EnergyMethodOptions::show: geom_sol_interres_path_distance_cutoff: false
protocols.docking.DockMCMCycle: EnergyMethodOptions::show: geom_sol_intrares_path_distance_cutoff: true
protocols.docking.DockMCMCycle: EnergyMethodOptions::show: eval_intrares_elec_ST_only: false
protocols.docking.DockMCMCycle: EnergyMethodOptions::show: envsmooth_zero_negatives: false
protocols.docking.DockMCMCycle: EnergyMethodOptions::show: cst_max_seq_sep: 18446744073709551615
protocols.docking.DockMCMCycle: EnergyMethodOptions::show: pb_bound_tag: bound
protocols.docking.DockMCMCycle: EnergyMethodOptions::show: pb_unbound_tag: unbound
protocols.docking.DockMCMCycle: EnergyMethodOptions::show: arg_cation_pi_his_can_be_pi: 1
protocols.docking.DockMCMCycle: EnergyMethodOptions::show: ordered_wat_penalty: 1.221
protocols.docking.DockMCMCycle: EnergyMethodOptions::show: ordered_pt_wat_penalty: 2.709
protocols.docking.DockMCMCycle: EnergyMethodOptions::show: nmer_ref_seq_length_: 9
protocols.docking.DockMCMCycle: EnergyMethodOptions::show: nmer_svm_term_length_: 3
protocols.docking.DockMCMCycle: EnergyMethodOptions::show: nmer_svm_pssm_feat_: 1
protocols.docking.DockMCMCycle: EnergyMethodOptions::show: nmer_svm_scorecut_defined_: 0
protocols.docking.DockMCMCycle: EnergyMethodOptions::show: nmer_svm_scorecut_: 0
protocols.docking.DockMCMCycle: EnergyMethodOptions::show: nmer_svm_avg_rank_as_energy_: 0
protocols.docking.DockMCMCycle: EnergyMethodOptions::show: nmer_svm_aa_matrix_defined_: 0
protocols.docking.DockMCMCycle: EnergyMethodOptions::show: nmer_svm_aa_matrix_: 
protocols.docking.DockMCMCycle: EnergyMethodOptions::show: nmer_svm_list_defined_: 0
protocols.docking.DockMCMCycle: EnergyMethodOptions::show: nmer_svm_list_: 
protocols.docking.DockMCMCycle: EnergyMethodOptions::show: nmer_svm_defined_: 0
protocols.docking.DockMCMCycle: EnergyMethodOptions::show: nmer_svm_: 
protocols.docking.DockMCMCycle: EnergyMethodOptions::show: nmer_svm_rank_list_defined_: 0
protocols.docking.DockMCMCycle: EnergyMethodOptions::show: nmer_svm_rank_list_: 
protocols.docking.DockMCMCycle: EnergyMethodOptions::show: nmer_svm_rank_defined_: 0
protocols.docking.DockMCMCycle: EnergyMethodOptions::show: nmer_svm_rank_: 
protocols.docking.DockMCMCycle: EnergyMethodOptions::show: voids_penalty_energy_containing_cones_cutoff_:6
protocols.docking.DockMCMCycle: EnergyMethodOptions::show: voids_penalty_energy_cone_distance_cutoff_: 8
protocols.docking.DockMCMCycle: EnergyMethodOptions::show: voids_penalty_energy_cone_dotproduct_cutoff_: 0.1
protocols.docking.DockMCMCycle: EnergyMethodOptions::show: voids_penalty_energy_voxel_grid_padding_: 1
protocols.docking.DockMCMCycle: EnergyMethodOptions::show: voids_penalty_energy_voxel_size_: 0.5
protocols.docking.DockMCMCycle: EnergyMethodOptions::show: voids_penalty_energy_disabled_except_during_packing_: TRUE
protocols.docking.DockMCMCycle: EnergyMethodOptions::show: hbnet_bonus_ramping_function_: "quadratic"
protocols.docking.DockMCMCycle: EnergyMethodOptions::show: hbnet_max_network_size_: 0
protocols.docking.DockMCMCycle: EnergyMethodOptions::show: approximate_buried_unsat_penalty_hbond_energy_threshold_: -0.25
protocols.docking.DockMCMCycle: EnergyMethodOptions::show: approximate_buried_unsat_penalty_burial_atomic_depth_: 4.5
protocols.docking.DockMCMCycle: EnergyMethodOptions::show: approximate_buried_unsat_penalty_burial_probe_radius_: 2.3
protocols.docking.DockMCMCycle: EnergyMethodOptions::show: approximate_buried_unsat_penalty_burial_resolution_: 0.5
protocols.docking.DockMCMCycle: EnergyMethodOptions::show: approximate_buried_unsat_penalty_oversat_penalty_: 1
protocols.docking.DockMCMCycle: EnergyMethodOptions::show: approximate_buried_unsat_penalty_assume_const_backbone_:1
protocols.docking.DockMCMCycle: EnergyMethodOptions::show: approximate_buried_unsat_penalty_natural_corrections1_:0
protocols.docking.DockMCMCycle: EnergyMethodOptions::show: approximate_buried_unsat_penalty_hbond_bonus_cross_chain_:0
protocols.docking.DockMCMCycle: EnergyMethodOptions::show: approximate_buried_unsat_penalty_hbond_bonus_ser_to_helix_bb_:0
protocols.docking.DockMCMCycle: EnergyMethodOptions::show: approximate_buried_unsat_penalty_lys_ok_with_1_:0
protocols.docking.DockMCMCycle: EnergyMethodOptions::show: target_clash_pdb_:
protocols.docking.DockMCMCycle: EnergyMethodOptions::show: dump_trajectory_prefix_: traj
protocols.docking.DockMCMCycle: EnergyMethodOptions::show: dump_trajectory_gz_: FALSE
protocols.docking.DockMCMCycle: EnergyMethodOptions::show: dump_trajectory_stride_: 1
protocols.docking.DockMCMCycle: EnergyMethodOptions::show: bond_angle_central_atoms_to_score:
protocols.docking.DockMCMCycle: EnergyMethodOptions::show: bond_angle_residue_type_param_set: none
protocols.docking.DockMCMCycle: HBondOptions::show: hb_max_energy: 0
protocols.docking.DockMCMCycle: HBondOptions::show: exclude_DNA_DNA: false
protocols.docking.DockMCMCycle: HBondOptions::show: exclude_intra_res_protein_: false
protocols.docking.DockMCMCycle: HBondOptions::show: exclude_intra_res_RNA_: false
protocols.docking.DockMCMCycle: HBondOptions::show: put_intra_into_total_: false
protocols.docking.DockMCMCycle: HBondOptions::show: exclude_self_hbonds: true
protocols.docking.DockMCMCycle: HBondOptions::show: use_hb_env_dep: false
protocols.docking.DockMCMCycle: HBondOptions::show: use_hb_env_dep_DNA: true
protocols.docking.DockMCMCycle: HBondOptions::show: smooth_hb_env_dep: true
protocols.docking.DockMCMCycle: HBondOptions::show: bb_donor_acceptor_check: true
protocols.docking.DockMCMCycle: HBondOptions::show: decompose_bb_hb_into_pair_energies: false
protocols.docking.DockMCMCycle: HBondOptions::show: params_database_tag_: ref2015_params
protocols.docking.DockMCMCycle: HBondOptions::show: use_sp2_chi_penalty_: true
protocols.docking.DockMCMCycle: HBondOptions::show: sp2_BAH180_rise_: 0.75
protocols.docking.DockMCMCycle: HBondOptions::show: sp2_outer_width_: 0.357
protocols.docking.DockMCMCycle: HBondOptions::show: measure_sp3acc_BAH_from_hvy_: true
protocols.docking.DockMCMCycle: HBondOptions::show: fade_energy_: 1
protocols.docking.DockMCMCycle: HBondOptions::show: exclude_ether_oxygens_: 0
protocols.docking.DockMCMCycle: HBondOptions::show: Mbhbond: false 
protocols.docking.DockMCMCycle: HbondOptions::show: mphbond: false
protocols.docking.DockMCMCycle: HBondOptions::show: hbond_energy_shift: 0
protocols.docking.DockMCMCycle: HBondOptions::show: water_hybrid_sf: false
protocols.docking.DockMCMCycle: RNA_EnergyMethodOptions::show: syn_G_potential_bonus: 0
protocols.docking.DockMCMCycle: RNA_EnergyMethodOptions::show: torsion_potential: ps_04282011
protocols.docking.DockMCMCycle: RNA_EnergyMethodOptions::show: suiteness_bonus: Richardson
protocols.docking.DockMCMCycle: RNA_EnergyMethodOptions::show: rna_base_pair_xy_filename: scoring/rna/rna_base_pair_xy.dat
protocols.docking.DockMCMCycle: FreeDOF_Options::show: free_suite_bonus: -1
protocols.docking.DockMCMCycle: FreeDOF_Options::show: free_2HOprime_bonus: -0.5
protocols.docking.DockMCMCycle: FreeDOF_Options::show: free_sugar_bonus: -1
protocols.docking.DockMCMCycle: FreeDOF_Options::show: pack_phosphate_penalty: 0.25
protocols.docking.DockMCMCycle: FreeDOF_Options::show: free_side_chain_bonus: -0.5
protocols.docking.DockMCMCycle: 
protocols.docking.DockMCMCycle: 
protocols.docking.DockMCMCycle: /// Packing scorefunction:                                                   ///
protocols.docking.DockMCMCycle: ScoreFunction::show():
weights: (fa_atr 1) (fa_rep 0.55) (fa_sol 1) (fa_intra_rep 0.005) (fa_intra_sol_xover4 1) (lk_ball_wtd 1) (fa_elec 1) (ch_bond_bb_bb 0.5) (pro_close 1.25) (fa_cust_pair_dist 1) (hbond_sr_bb 0.5) (hbond_lr_bb 1) (hbond_bb_sc 1) (hbond_sc 1) (dslf_fa13 1.25) (rama 0.2) (omega 0.5) (fa_dun 0.7) (p_aa_pp 0.3) (yhh_planarity 0.625) (ref 1) (rama_prepro 0.45)
energy_method_options: EnergyMethodOptions::show: aa_composition_setup_files: 
protocols.docking.DockMCMCycle: EnergyMethodOptions::show: mhc_epitope_setup_files: 
protocols.docking.DockMCMCycle: EnergyMethodOptions::show: netcharge_setup_files: 
protocols.docking.DockMCMCycle: EnergyMethodOptions::show: aspartimide_penalty_value: 25
protocols.docking.DockMCMCycle: EnergyMethodOptions::show: etable_type: FA_STANDARD_DEFAULT
analytic_etable_evaluation: 1
EnergyMethodOptions::show: method_weights: ref 1.32468 3.25479 -2.14574 -2.72453 1.21829 0.79816 -0.30065 2.30374 -0.71458 1.66147 1.65735 -1.34026 -1.64321 -1.45095 -0.09474 -0.28969 1.15175 2.64269 2.26099 0.58223
EnergyMethodOptions::show: method_weights: free_res
EnergyMethodOptions::show: unfolded_energies_type: UNFOLDED_SCORE12
protocols.docking.DockMCMCycle: EnergyMethodOptions::show: split_unfolded_label_type: SPLIT_UNFOLDED_MM
protocols.docking.DockMCMCycle: EnergyMethodOptions::show: split_unfolded_value_type: SPLIT_UNFOLDED_BOLTZ
protocols.docking.DockMCMCycle: EnergyMethodOptions::show: atom_vdw_atom_type_set_name: centroid
protocols.docking.DockMCMCycle: EnergyMethodOptions::show: covalent_labeling_input: 
protocols.docking.DockMCMCycle: EnergyMethodOptions::show: covalent_labeling_fa_input: 
protocols.docking.DockMCMCycle: EnergyMethodOptions::show: hrf_dynamics_input: 
protocols.docking.DockMCMCycle: EnergyMethodOptions::show: depc_ms_input: 
protocols.docking.DockMCMCycle: EnergyMethodOptions::show: exclude_protein_protein_fa_elec: false
protocols.docking.DockMCMCycle: EnergyMethodOptions::show: exclude_RNA_RNA_fa_elec: false
protocols.docking.DockMCMCycle: EnergyMethodOptions::show: exclude_RNA_protein_fa_elec: false
protocols.docking.DockMCMCycle: EnergyMethodOptions::show: exclude_monomer_fa_elec: false
protocols.docking.DockMCMCycle: EnergyMethodOptions::show: elec_max_dis: 5.5
protocols.docking.DockMCMCycle: EnergyMethodOptions::show: elec_min_dis: 1.6
protocols.docking.DockMCMCycle: EnergyMethodOptions::show: elec_die: 10
protocols.docking.DockMCMCycle: EnergyMethodOptions::show: elec_no_dis_dep_die: false
protocols.docking.DockMCMCycle: EnergyMethodOptions::show: elec_sigmoidal_die: true
protocols.docking.DockMCMCycle: EnergyMethodOptions::show: elec_sigmoidal_D: 80
protocols.docking.DockMCMCycle: EnergyMethodOptions::show: elec_sigmoidal_D0: 6
protocols.docking.DockMCMCycle: EnergyMethodOptions::show: elec_sigmoidal_S: 0.4
protocols.docking.DockMCMCycle: EnergyMethodOptions::show: smooth_fa_elec: true
protocols.docking.DockMCMCycle: EnergyMethodOptions::show: grpelec_fade_type: false
protocols.docking.DockMCMCycle: EnergyMethodOptions::show: grpelec_fade_param1: 1
protocols.docking.DockMCMCycle: EnergyMethodOptions::show: grpelec_fade_param2: 1
protocols.docking.DockMCMCycle: EnergyMethodOptions::show: grpelec_fade_hbond: 0
protocols.docking.DockMCMCycle: EnergyMethodOptions::show: grp_cpfxn: 1
protocols.docking.DockMCMCycle: EnergyMethodOptions::show: elec_group_file: /scoring/score_functions/elec_group_def.dat
protocols.docking.DockMCMCycle: EnergyMethodOptions::show: grpelec_context_dependent: 0
protocols.docking.DockMCMCycle: EnergyMethodOptions::show: use_polarization: true
protocols.docking.DockMCMCycle: EnergyMethodOptions::show: use_gen_kirkwood: true
protocols.docking.DockMCMCycle: EnergyMethodOptions::show: protein_dielectric: 1
protocols.docking.DockMCMCycle: EnergyMethodOptions::show: water_dielectric: 78.3
protocols.docking.DockMCMCycle: EnergyMethodOptions::show: exclude_DNA_DNA: false
protocols.docking.DockMCMCycle: EnergyMethodOptions::show: exclude_intra_res_protein: false
protocols.docking.DockMCMCycle: EnergyMethodOptions::show: count_pair_hybrid: false
protocols.docking.DockMCMCycle: EnergyMethodOptions::show: count_pair_full: false
protocols.docking.DockMCMCycle: EnergyMethodOptions::show: put_intra_into_total: false
protocols.docking.DockMCMCycle: EnergyMethodOptions::show: geom_sol_interres_path_distance_cutoff: false
protocols.docking.DockMCMCycle: EnergyMethodOptions::show: geom_sol_intrares_path_distance_cutoff: true
protocols.docking.DockMCMCycle: EnergyMethodOptions::show: eval_intrares_elec_ST_only: false
protocols.docking.DockMCMCycle: EnergyMethodOptions::show: envsmooth_zero_negatives: false
protocols.docking.DockMCMCycle: EnergyMethodOptions::show: cst_max_seq_sep: 18446744073709551615
protocols.docking.DockMCMCycle: EnergyMethodOptions::show: pb_bound_tag: bound
protocols.docking.DockMCMCycle: EnergyMethodOptions::show: pb_unbound_tag: unbound
protocols.docking.DockMCMCycle: EnergyMethodOptions::show: arg_cation_pi_his_can_be_pi: 1
protocols.docking.DockMCMCycle: EnergyMethodOptions::show: ordered_wat_penalty: 1.221
protocols.docking.DockMCMCycle: EnergyMethodOptions::show: ordered_pt_wat_penalty: 2.709
protocols.docking.DockMCMCycle: EnergyMethodOptions::show: nmer_ref_seq_length_: 9
protocols.docking.DockMCMCycle: EnergyMethodOptions::show: nmer_svm_term_length_: 3
protocols.docking.DockMCMCycle: EnergyMethodOptions::show: nmer_svm_pssm_feat_: 1
protocols.docking.DockMCMCycle: EnergyMethodOptions::show: nmer_svm_scorecut_defined_: 0
protocols.docking.DockMCMCycle: EnergyMethodOptions::show: nmer_svm_scorecut_: 0
protocols.docking.DockMCMCycle: EnergyMethodOptions::show: nmer_svm_avg_rank_as_energy_: 0
protocols.docking.DockMCMCycle: EnergyMethodOptions::show: nmer_svm_aa_matrix_defined_: 0
protocols.docking.DockMCMCycle: EnergyMethodOptions::show: nmer_svm_aa_matrix_: 
protocols.docking.DockMCMCycle: EnergyMethodOptions::show: nmer_svm_list_defined_: 0
protocols.docking.DockMCMCycle: EnergyMethodOptions::show: nmer_svm_list_: 
protocols.docking.DockMCMCycle: EnergyMethodOptions::show: nmer_svm_defined_: 0
protocols.docking.DockMCMCycle: EnergyMethodOptions::show: nmer_svm_: 
protocols.docking.DockMCMCycle: EnergyMethodOptions::show: nmer_svm_rank_list_defined_: 0
protocols.docking.DockMCMCycle: EnergyMethodOptions::show: nmer_svm_rank_list_: 
protocols.docking.DockMCMCycle: EnergyMethodOptions::show: nmer_svm_rank_defined_: 0
protocols.docking.DockMCMCycle: EnergyMethodOptions::show: nmer_svm_rank_: 
protocols.docking.DockMCMCycle: EnergyMethodOptions::show: voids_penalty_energy_containing_cones_cutoff_:6
protocols.docking.DockMCMCycle: EnergyMethodOptions::show: voids_penalty_energy_cone_distance_cutoff_: 8
protocols.docking.DockMCMCycle: EnergyMethodOptions::show: voids_penalty_energy_cone_dotproduct_cutoff_: 0.1
protocols.docking.DockMCMCycle: EnergyMethodOptions::show: voids_penalty_energy_voxel_grid_padding_: 1
protocols.docking.DockMCMCycle: EnergyMethodOptions::show: voids_penalty_energy_voxel_size_: 0.5
protocols.docking.DockMCMCycle: EnergyMethodOptions::show: voids_penalty_energy_disabled_except_during_packing_: TRUE
protocols.docking.DockMCMCycle: EnergyMethodOptions::show: hbnet_bonus_ramping_function_: "quadratic"
protocols.docking.DockMCMCycle: EnergyMethodOptions::show: hbnet_max_network_size_: 0
protocols.docking.DockMCMCycle: EnergyMethodOptions::show: approximate_buried_unsat_penalty_hbond_energy_threshold_: -0.25
protocols.docking.DockMCMCycle: EnergyMethodOptions::show: approximate_buried_unsat_penalty_burial_atomic_depth_: 4.5
protocols.docking.DockMCMCycle: EnergyMethodOptions::show: approximate_buried_unsat_penalty_burial_probe_radius_: 2.3
protocols.docking.DockMCMCycle: EnergyMethodOptions::show: approximate_buried_unsat_penalty_burial_resolution_: 0.5
protocols.docking.DockMCMCycle: EnergyMethodOptions::show: approximate_buried_unsat_penalty_oversat_penalty_: 1
protocols.docking.DockMCMCycle: EnergyMethodOptions::show: approximate_buried_unsat_penalty_assume_const_backbone_:1
protocols.docking.DockMCMCycle: EnergyMethodOptions::show: approximate_buried_unsat_penalty_natural_corrections1_:0
protocols.docking.DockMCMCycle: EnergyMethodOptions::show: approximate_buried_unsat_penalty_hbond_bonus_cross_chain_:0
protocols.docking.DockMCMCycle: EnergyMethodOptions::show: approximate_buried_unsat_penalty_hbond_bonus_ser_to_helix_bb_:0
protocols.docking.DockMCMCycle: EnergyMethodOptions::show: approximate_buried_unsat_penalty_lys_ok_with_1_:0
protocols.docking.DockMCMCycle: EnergyMethodOptions::show: target_clash_pdb_:
protocols.docking.DockMCMCycle: EnergyMethodOptions::show: dump_trajectory_prefix_: traj
protocols.docking.DockMCMCycle: EnergyMethodOptions::show: dump_trajectory_gz_: FALSE
protocols.docking.DockMCMCycle: EnergyMethodOptions::show: dump_trajectory_stride_: 1
protocols.docking.DockMCMCycle: EnergyMethodOptions::show: bond_angle_central_atoms_to_score:
protocols.docking.DockMCMCycle: EnergyMethodOptions::show: bond_angle_residue_type_param_set: none
protocols.docking.DockMCMCycle: HBondOptions::show: hb_max_energy: 0
protocols.docking.DockMCMCycle: HBondOptions::show: exclude_DNA_DNA: false
protocols.docking.DockMCMCycle: HBondOptions::show: exclude_intra_res_protein_: false
protocols.docking.DockMCMCycle: HBondOptions::show: exclude_intra_res_RNA_: false
protocols.docking.DockMCMCycle: HBondOptions::show: put_intra_into_total_: false
protocols.docking.DockMCMCycle: HBondOptions::show: exclude_self_hbonds: true
protocols.docking.DockMCMCycle: HBondOptions::show: use_hb_env_dep: false
protocols.docking.DockMCMCycle: HBondOptions::show: use_hb_env_dep_DNA: true
protocols.docking.DockMCMCycle: HBondOptions::show: smooth_hb_env_dep: true
protocols.docking.DockMCMCycle: HBondOptions::show: bb_donor_acceptor_check: true
protocols.docking.DockMCMCycle: HBondOptions::show: decompose_bb_hb_into_pair_energies: false
protocols.docking.DockMCMCycle: HBondOptions::show: params_database_tag_: ref2015_params
protocols.docking.DockMCMCycle: HBondOptions::show: use_sp2_chi_penalty_: true
protocols.docking.DockMCMCycle: HBondOptions::show: sp2_BAH180_rise_: 0.75
protocols.docking.DockMCMCycle: HBondOptions::show: sp2_outer_width_: 0.357
protocols.docking.DockMCMCycle: HBondOptions::show: measure_sp3acc_BAH_from_hvy_: true
protocols.docking.DockMCMCycle: HBondOptions::show: fade_energy_: 1
protocols.docking.DockMCMCycle: HBondOptions::show: exclude_ether_oxygens_: 0
protocols.docking.DockMCMCycle: HBondOptions::show: Mbhbond: false 
protocols.docking.DockMCMCycle: HbondOptions::show: mphbond: false
protocols.docking.DockMCMCycle: HBondOptions::show: hbond_energy_shift: 0
protocols.docking.DockMCMCycle: HBondOptions::show: water_hybrid_sf: false
protocols.docking.DockMCMCycle: RNA_EnergyMethodOptions::show: syn_G_potential_bonus: 0
protocols.docking.DockMCMCycle: RNA_EnergyMethodOptions::show: torsion_potential: ps_04282011
protocols.docking.DockMCMCycle: RNA_EnergyMethodOptions::show: suiteness_bonus: Richardson
protocols.docking.DockMCMCycle: RNA_EnergyMethodOptions::show: rna_base_pair_xy_filename: scoring/rna/rna_base_pair_xy.dat
protocols.docking.DockMCMCycle: FreeDOF_Options::show: free_suite_bonus: -1
protocols.docking.DockMCMCycle: FreeDOF_Options::show: free_2HOprime_bonus: -0.5
protocols.docking.DockMCMCycle: FreeDOF_Options::show: free_sugar_bonus: -1
protocols.docking.DockMCMCycle: FreeDOF_Options::show: pack_phosphate_penalty: 0.25
protocols.docking.DockMCMCycle: FreeDOF_Options::show: free_side_chain_bonus: -0.5
protocols.docking.DockMCMCycle: 
protocols.docking.DockMCMCycle: 
protocols.docking.DockMCMCycle: ////////////////////////////////////////////////////////////////////////////////
core.pack.task: Packer task: initialize from command line() 
core.pack.pack_rotamers: built 0 rotamers at 0 positions.
core.pack.interaction_graph.interaction_graph_factory: Instantiating DensePDInteractionGraph
basic.thread_manager.RosettaThreadManager: [ WARNING ] A work vector of size zero was passed to the RosettaThreadManager!  Duly returning without doing anything.
protocols.geometry.RB_geometry: [ WARNING ] centroids_by_jump_int called but no interface detected!!
protocols.geometry.RB_geometry: [ WARNING ] calling centroids_by_jump...
core.pack.task: Packer task: initialize from command line() 
protocols.geometry.RB_geometry: [ WARNING ] centroids_by_jump_int called but no interface detected!!
protocols.geometry.RB_geometry: [ WARNING ] calling centroids_by_jump...
core.pack.task: Packer task: initialize from command line() 
protocols.geometry.RB_geometry: [ WARNING ] centroids_by_jump_int called but no interface detected!!
protocols.geometry.RB_geometry: [ WARNING ] calling centroids_by_jump...
core.pack.task: Packer task: initialize from command line() 
protocols.geometry.RB_geometry: [ WARNING ] centroids_by_jump_int called but no interface detected!!
protocols.geometry.RB_geometry: [ WARNING ] calling centroids_by_jump...
core.pack.task: Packer task: initialize from command line() 
protocols.geometry.RB_geometry: [ WARNING ] centroids_by_jump_int called but no interface detected!!
protocols.geometry.RB_geometry: [ WARNING ] calling centroids_by_jump...
core.pack.task: Packer task: initialize from command line() 
protocols.geometry.RB_geometry: [ WARNING ] centroids_by_jump_int called but no interface detected!!
protocols.geometry.RB_geometry: [ WARNING ] calling centroids_by_jump...
core.pack.task: Packer task: initialize from command line() 
protocols.geometry.RB_geometry: [ WARNING ] centroids_by_jump_int called but no interface detected!!
protocols.geometry.RB_geometry: [ WARNING ] calling centroids_by_jump...
core.pack.task: Packer task: initialize from command line() 
protocols.geometry.RB_geometry: [ WARNING ] centroids_by_jump_int called but no interface detected!!
protocols.geometry.RB_geometry: [ WARNING ] calling centroids_by_jump...
core.pack.task: Packer task: initialize from command line() 
protocols.geometry.RB_geometry: [ WARNING ] centroids_by_jump_int called but no interface detected!!
protocols.geometry.RB_geometry: [ WARNING ] calling centroids_by_jump...
core.pack.task: Packer task: initialize from command line() 
protocols.geometry.RB_geometry: [ WARNING ] centroids_by_jump_int called but no interface detected!!
protocols.geometry.RB_geometry: [ WARNING ] calling centroids_by_jump...
core.pack.task: Packer task: initialize from command line() 
protocols.geometry.RB_geometry: [ WARNING ] centroids_by_jump_int called but no interface detected!!
protocols.geometry.RB_geometry: [ WARNING ] calling centroids_by_jump...
core.pack.task: Packer task: initialize from command line() 
protocols.geometry.RB_geometry: [ WARNING ] centroids_by_jump_int called but no interface detected!!
protocols.geometry.RB_geometry: [ WARNING ] calling centroids_by_jump...
core.pack.task: Packer task: initialize from command line() 
core.pack.task: Packer task: initialize from command line() 
core.pack.pack_rotamers: built 0 rotamers at 0 positions.
core.pack.interaction_graph.interaction_graph_factory: Instantiating DensePDInteractionGraph
basic.thread_manager.RosettaThreadManager: [ WARNING ] A work vector of size zero was passed to the RosettaThreadManager!  Duly returning without doing anything.
protocols.geometry.RB_geometry: [ WARNING ] centroids_by_jump_int called but no interface detected!!
protocols.geometry.RB_geometry: [ WARNING ] calling centroids_by_jump...
core.pack.task: Packer task: initialize from command line() 
protocols.geometry.RB_geometry: [ WARNING ] centroids_by_jump_int called but no interface detected!!
protocols.geometry.RB_geometry: [ WARNING ] calling centroids_by_jump...
core.pack.task: Packer task: initialize from command line() 
protocols.geometry.RB_geometry: [ WARNING ] centroids_by_jump_int called but no interface detected!!
protocols.geometry.RB_geometry: [ WARNING ] calling centroids_by_jump...
core.pack.task: Packer task: initialize from command line() 
protocols.geometry.RB_geometry: [ WARNING ] centroids_by_jump_int called but no interface detected!!
protocols.geometry.RB_geometry: [ WARNING ] calling centroids_by_jump...
core.pack.task: Packer task: initialize from command line() 
protocols.geometry.RB_geometry: [ WARNING ] centroids_by_jump_int called but no interface detected!!
protocols.geometry.RB_geometry: [ WARNING ] calling centroids_by_jump...
core.pack.task: Packer task: initialize from command line() 
protocols.geometry.RB_geometry: [ WARNING ] centroids_by_jump_int called but no interface detected!!
protocols.geometry.RB_geometry: [ WARNING ] calling centroids_by_jump...
core.pack.task: Packer task: initialize from command line() 
protocols.geometry.RB_geometry: [ WARNING ] centroids_by_jump_int called but no interface detected!!
protocols.geometry.RB_geometry: [ WARNING ] calling centroids_by_jump...
core.pack.task: Packer task: initialize from command line() 
protocols.geometry.RB_geometry: [ WARNING ] centroids_by_jump_int called but no interface detected!!
protocols.geometry.RB_geometry: [ WARNING ] calling centroids_by_jump...
core.pack.task: Packer task: initialize from command line() 
core.pack.task: Packer task: initialize from command line() 
core.pack.pack_rotamers: built 0 rotamers at 0 positions.
core.pack.interaction_graph.interaction_graph_factory: Instantiating DensePDInteractionGraph
basic.thread_manager.RosettaThreadManager: [ WARNING ] A work vector of size zero was passed to the RosettaThreadManager!  Duly returning without doing anything.
protocols.geometry.RB_geometry: [ WARNING ] centroids_by_jump_int called but no interface detected!!
protocols.geometry.RB_geometry: [ WARNING ] calling centroids_by_jump...
core.pack.task: Packer task: initialize from command line() 
protocols.geometry.RB_geometry: [ WARNING ] centroids_by_jump_int called but no interface detected!!
protocols.geometry.RB_geometry: [ WARNING ] calling centroids_by_jump...
core.pack.task: Packer task: initialize from command line() 
protocols.geometry.RB_geometry: [ WARNING ] centroids_by_jump_int called but no interface detected!!
protocols.geometry.RB_geometry: [ WARNING ] calling centroids_by_jump...
core.pack.task: Packer task: initialize from command line() 
protocols.geometry.RB_geometry: [ WARNING ] centroids_by_jump_int called but no interface detected!!
protocols.geometry.RB_geometry: [ WARNING ] calling centroids_by_jump...
core.pack.task: Packer task: initialize from command line() 
protocols.geometry.RB_geometry: [ WARNING ] centroids_by_jump_int called but no interface detected!!
protocols.geometry.RB_geometry: [ WARNING ] calling centroids_by_jump...
core.pack.task: Packer task: initialize from command line() 
protocols.geometry.RB_geometry: [ WARNING ] centroids_by_jump_int called but no interface detected!!
protocols.geometry.RB_geometry: [ WARNING ] calling centroids_by_jump...
core.pack.task: Packer task: initialize from command line() 
protocols.geometry.RB_geometry: [ WARNING ] centroids_by_jump_int called but no interface detected!!
protocols.geometry.RB_geometry: [ WARNING ] calling centroids_by_jump...
core.pack.task: Packer task: initialize from command line() 
protocols.geometry.RB_geometry: [ WARNING ] centroids_by_jump_int called but no interface detected!!
protocols.geometry.RB_geometry: [ WARNING ] calling centroids_by_jump...
core.pack.task: Packer task: initialize from command line() 
core.pack.task: Packer task: initialize from command line() 
core.pack.pack_rotamers: built 0 rotamers at 0 positions.
core.pack.interaction_graph.interaction_graph_factory: Instantiating DensePDInteractionGraph
basic.thread_manager.RosettaThreadManager: [ WARNING ] A work vector of size zero was passed to the RosettaThreadManager!  Duly returning without doing anything.
protocols.geometry.RB_geometry: [ WARNING ] centroids_by_jump_int called but no interface detected!!
protocols.geometry.RB_geometry: [ WARNING ] calling centroids_by_jump...
core.pack.task: Packer task: initialize from command line() 
protocols.geometry.RB_geometry: [ WARNING ] centroids_by_jump_int called but no interface detected!!
protocols.geometry.RB_geometry: [ WARNING ] calling centroids_by_jump...
core.pack.task: Packer task: initialize from command line() 
protocols.geometry.RB_geometry: [ WARNING ] centroids_by_jump_int called but no interface detected!!
protocols.geometry.RB_geometry: [ WARNING ] calling centroids_by_jump...
core.pack.task: Packer task: initialize from command line() 
protocols.geometry.RB_geometry: [ WARNING ] centroids_by_jump_int called but no interface detected!!
protocols.geometry.RB_geometry: [ WARNING ] calling centroids_by_jump...
core.pack.task: Packer task: initialize from command line() 
protocols.geometry.RB_geometry: [ WARNING ] centroids_by_jump_int called but no interface detected!!
protocols.geometry.RB_geometry: [ WARNING ] calling centroids_by_jump...
core.pack.task: Packer task: initialize from command line() 
protocols.geometry.RB_geometry: [ WARNING ] centroids_by_jump_int called but no interface detected!!
protocols.geometry.RB_geometry: [ WARNING ] calling centroids_by_jump...
core.pack.task: Packer task: initialize from command line() 
protocols.geometry.RB_geometry: [ WARNING ] centroids_by_jump_int called but no interface detected!!
protocols.geometry.RB_geometry: [ WARNING ] calling centroids_by_jump...
core.pack.task: Packer task: initialize from command line() 
protocols.geometry.RB_geometry: [ WARNING ] centroids_by_jump_int called but no interface detected!!
protocols.geometry.RB_geometry: [ WARNING ] calling centroids_by_jump...
core.pack.task: Packer task: initialize from command line() 
core.pack.task: Packer task: initialize from command line() 
core.pack.pack_rotamers: built 0 rotamers at 0 positions.
core.pack.interaction_graph.interaction_graph_factory: Instantiating DensePDInteractionGraph
basic.thread_manager.RosettaThreadManager: [ WARNING ] A work vector of size zero was passed to the RosettaThreadManager!  Duly returning without doing anything.
protocols.geometry.RB_geometry: [ WARNING ] centroids_by_jump_int called but no interface detected!!
protocols.geometry.RB_geometry: [ WARNING ] calling centroids_by_jump...
core.pack.task: Packer task: initialize from command line() 
protocols.geometry.RB_geometry: [ WARNING ] centroids_by_jump_int called but no interface detected!!
protocols.geometry.RB_geometry: [ WARNING ] calling centroids_by_jump...
core.pack.task: Packer task: initialize from command line() 
protocols.geometry.RB_geometry: [ WARNING ] centroids_by_jump_int called but no interface detected!!
protocols.geometry.RB_geometry: [ WARNING ] calling centroids_by_jump...
core.pack.task: Packer task: initialize from command line() 
protocols.geometry.RB_geometry: [ WARNING ] centroids_by_jump_int called but no interface detected!!
protocols.geometry.RB_geometry: [ WARNING ] calling centroids_by_jump...
core.pack.task: Packer task: initialize from command line() 
protocols.geometry.RB_geometry: [ WARNING ] centroids_by_jump_int called but no interface detected!!
protocols.geometry.RB_geometry: [ WARNING ] calling centroids_by_jump...
core.pack.task: Packer task: initialize from command line() 
protocols.geometry.RB_geometry: [ WARNING ] centroids_by_jump_int called but no interface detected!!
protocols.geometry.RB_geometry: [ WARNING ] calling centroids_by_jump...
core.pack.task: Packer task: initialize from command line() 
protocols.geometry.RB_geometry: [ WARNING ] centroids_by_jump_int called but no interface detected!!
protocols.geometry.RB_geometry: [ WARNING ] calling centroids_by_jump...
core.pack.task: Packer task: initialize from command line() 
protocols.geometry.RB_geometry: [ WARNING ] centroids_by_jump_int called but no interface detected!!
protocols.geometry.RB_geometry: [ WARNING ] calling centroids_by_jump...
core.pack.task: Packer task: initialize from command line() 
core.pack.task: Packer task: initialize from command line() 
core.pack.pack_rotamers: built 0 rotamers at 0 positions.
core.pack.interaction_graph.interaction_graph_factory: Instantiating DensePDInteractionGraph
basic.thread_manager.RosettaThreadManager: [ WARNING ] A work vector of size zero was passed to the RosettaThreadManager!  Duly returning without doing anything.
protocols.geometry.RB_geometry: [ WARNING ] centroids_by_jump_int called but no interface detected!!
protocols.geometry.RB_geometry: [ WARNING ] calling centroids_by_jump...
core.pack.task: Packer task: initialize from command line() 
protocols.geometry.RB_geometry: [ WARNING ] centroids_by_jump_int called but no interface detected!!
protocols.geometry.RB_geometry: [ WARNING ] calling centroids_by_jump...
core.pack.task: Packer task: initialize from command line() 
protocols.geometry.RB_geometry: [ WARNING ] centroids_by_jump_int called but no interface detected!!
protocols.geometry.RB_geometry: [ WARNING ] calling centroids_by_jump...
core.pack.task: Packer task: initialize from command line() 
protocols.geometry.RB_geometry: [ WARNING ] centroids_by_jump_int called but no interface detected!!
protocols.geometry.RB_geometry: [ WARNING ] calling centroids_by_jump...
core.pack.task: Packer task: initialize from command line() 
protocols.geometry.RB_geometry: [ WARNING ] centroids_by_jump_int called but no interface detected!!
protocols.geometry.RB_geometry: [ WARNING ] calling centroids_by_jump...
core.pack.task: Packer task: initialize from command line() 
protocols.docking.DockingProtocol.metrics: unbound pose: 
protocols.docking.DockingProtocol.metrics: 
------------------------------------------------------------
 Scores                       Weight   Raw Score Wghtd.Score
------------------------------------------------------------
 fa_atr                       1.000   -6814.833   -6814.833
 fa_rep                       0.550    3983.246    2190.785
 fa_sol                       1.000    4682.917    4682.917
 fa_intra_rep                 0.005    3194.729      15.974
 fa_intra_sol_xover4          1.000     246.907     246.907
 lk_ball_wtd                  1.000    -161.300    -161.300
 fa_elec                      1.000   -1499.849   -1499.849
 ch_bond_bb_bb                0.500      -8.411      -4.206
 pro_close                    1.250     140.227     175.284
 fa_cust_pair_dist            1.000       9.279       9.279
 hbond_sr_bb                  0.500    -592.797    -296.398
 hbond_lr_bb                  1.000     -10.047     -10.047
 hbond_bb_sc                  1.000     -54.883     -54.883
 hbond_sc                     1.000     -59.088     -59.088
 dslf_fa13                    1.250     -29.686     -37.108
 rama                         0.200    -306.444     -61.289
 omega                        0.500      34.363      17.182
 fa_dun                       0.700    5585.591    3909.914
 p_aa_pp                      0.300     -77.468     -23.240
 yhh_planarity                0.625       0.000       0.000
 ref                          1.000     261.134     261.134
 rama_prepro                  0.450     786.808     354.064
---------------------------------------------------
 Total weighted score:                     2841.198
protocols.docking.DockingProtocol.metrics: bound pose: 
protocols.docking.DockingProtocol.metrics: 
------------------------------------------------------------
 Scores                       Weight   Raw Score Wghtd.Score
------------------------------------------------------------
 fa_atr                       1.000   -6814.833   -6814.833
 fa_rep                       0.550    3983.246    2190.785
 fa_sol                       1.000    4682.917    4682.917
 fa_intra_rep                 0.005    3194.729      15.974
 fa_intra_sol_xover4          1.000     246.907     246.907
 lk_ball_wtd                  1.000    -161.300    -161.300
 fa_elec                      1.000   -1499.849   -1499.849
 ch_bond_bb_bb                0.500      -8.411      -4.206
 pro_close                    1.250     140.227     175.284
 fa_cust_pair_dist            1.000       9.279       9.279
 hbond_sr_bb                  0.500    -592.797    -296.398
 hbond_lr_bb                  1.000     -10.047     -10.047
 hbond_bb_sc                  1.000     -54.883     -54.883
 hbond_sc                     1.000     -59.088     -59.088
 dslf_fa13                    1.250     -29.686     -37.108
 rama                         0.200    -306.444     -61.289
 omega                        0.500      34.363      17.182
 fa_dun                       0.700    5585.591    3909.914
 p_aa_pp                      0.300     -77.468     -23.240
 yhh_planarity                0.625       0.000       0.000
 ref                          1.000     261.134     261.134
 rama_prepro                  0.450     786.808     354.064
---------------------------------------------------
 Total weighted score:                     2841.198
protocols.docking.DockingProtocol.metrics: unbound energy: 2841.2
protocols.docking.DockingProtocol.metrics: bound energy: 2841.2
protocols.docking.DockingProtocol.metrics: interaction energy: -2.72848e-12
protocols.docking.DockingProtocol.metrics: rb_jump: 1
protocols.docking.DockingProtocol.metrics: unbound pose: 
protocols.docking.DockingProtocol.metrics: 
------------------------------------------------------------
 Scores                       Weight   Raw Score Wghtd.Score
------------------------------------------------------------
 fa_atr                       1.000   -6814.833   -6814.833
 fa_rep                       0.550    3983.246    2190.785
 fa_sol                       1.000    4682.917    4682.917
 fa_intra_rep                 0.005    3194.729      15.974
 fa_intra_sol_xover4          1.000     246.907     246.907
 lk_ball_wtd                  1.000    -161.300    -161.300
 fa_elec                      1.000   -1499.849   -1499.849
 ch_bond_bb_bb                0.500      -8.411      -4.206
 pro_close                    1.250     140.227     175.284
 fa_cust_pair_dist            1.000       9.279       9.279
 hbond_sr_bb                  0.500    -592.797    -296.398
 hbond_lr_bb                  1.000     -10.047     -10.047
 hbond_bb_sc                  1.000     -54.883     -54.883
 hbond_sc                     1.000     -59.088     -59.088
 dslf_fa13                    1.250     -29.686     -37.108
 rama                         0.200    -306.444     -61.289
 omega                        0.500      34.363      17.182
 fa_dun                       0.700    5585.591    3909.914
 p_aa_pp                      0.300     -77.468     -23.240
 yhh_planarity                0.625       0.000       0.000
 ref                          1.000     261.134     261.134
 rama_prepro                  0.450     786.808     354.064
---------------------------------------------------
 Total weighted score:                     2841.198
protocols.docking.DockingProtocol.metrics: bound pose: 
protocols.docking.DockingProtocol.metrics: 
------------------------------------------------------------
 Scores                       Weight   Raw Score Wghtd.Score
------------------------------------------------------------
 fa_atr                       1.000   -6814.833   -6814.833
 fa_rep                       0.550    3983.246    2190.785
 fa_sol                       1.000    4682.917    4682.917
 fa_intra_rep                 0.005    3194.729      15.974
 fa_intra_sol_xover4          1.000     246.907     246.907
 lk_ball_wtd                  1.000    -161.300    -161.300
 fa_elec                      1.000   -1499.849   -1499.849
 ch_bond_bb_bb                0.500      -8.411      -4.206
 pro_close                    1.250     140.227     175.284
 fa_cust_pair_dist            1.000       9.279       9.279
 hbond_sr_bb                  0.500    -592.797    -296.398
 hbond_lr_bb                  1.000     -10.047     -10.047
 hbond_bb_sc                  1.000     -54.883     -54.883
 hbond_sc                     1.000     -59.088     -59.088
 dslf_fa13                    1.250     -29.686     -37.108
 rama                         0.200    -306.444     -61.289
 omega                        0.500      34.363      17.182
 fa_dun                       0.700    5585.591    3909.914
 p_aa_pp                      0.300     -77.468     -23.240
 yhh_planarity                0.625       0.000       0.000
 ref                          1.000     261.134     261.134
 rama_prepro                  0.450     786.808     354.064
---------------------------------------------------
 Total weighted score:                     2841.198
protocols.docking.DockingProtocol.metrics: unbound energy: 2841.2
protocols.docking.DockingProtocol.metrics: bound energy: 2841.2
protocols.docking.DockingProtocol.metrics: interaction energy: -2.72848e-12
protocols.docking.DockingProtocol.metrics: rb_jump: 1
protocols.jd2.JobDistributor: complex_0002 reported success in 8 seconds
protocols.jd2.PDBJobInputter: PDBJobInputter::pose_from_job
protocols.jd2.PDBJobInputter: filling pose from PDB input/complex.pdb
core.import_pose.import_pose: File 'input/complex.pdb' automatically determined to be of type PDB
core.io.pose_from_sfr.PoseFromSFRBuilder: Adding undetected upper terminus type to residue 1156, 1156 A
core.conformation.Conformation: [ WARNING ] missing heavyatom:  OXT on residue ALA:CtermProteinFull 1156
core.conformation.Conformation: Found disulfide between residues 49 58
core.conformation.Conformation: Found disulfide between residues 71 87
core.conformation.Conformation: Found disulfide between residues 86 97
core.conformation.Conformation: Found disulfide between residues 120 165
core.conformation.Conformation: Found disulfide between residues 164 173
core.conformation.Conformation: Found disulfide between residues 196 242
core.conformation.Conformation: Found disulfide between residues 241 249
core.conformation.Conformation: Found disulfide between residues 261 275
core.conformation.Conformation: Found disulfide between residues 274 285
core.conformation.Conformation: Found disulfide between residues 312 357
core.conformation.Conformation: Found disulfide between residues 356 365
core.conformation.Conformation: Found disulfide between residues 388 434
core.conformation.Conformation: Found disulfide between residues 433 444
core.conformation.Conformation: Found disulfide between residues 457 473
core.conformation.Conformation: Found disulfide between residues 472 483
core.conformation.Conformation: Found disulfide between residues 510 555
core.conformation.Conformation: Found disulfide between residues 554 563
core.conformation.Conformation: Found disulfide between residues 627 636
core.conformation.Conformation: Found disulfide between residues 649 665
core.conformation.Conformation: Found disulfide between residues 664 675
core.conformation.Conformation: Found disulfide between residues 698 743
core.conformation.Conformation: Found disulfide between residues 742 751
core.conformation.Conformation: Found disulfide between residues 774 820
core.conformation.Conformation: Found disulfide between residues 819 827
core.conformation.Conformation: Found disulfide between residues 839 853
core.conformation.Conformation: Found disulfide between residues 852 863
core.conformation.Conformation: Found disulfide between residues 890 935
core.conformation.Conformation: Found disulfide between residues 934 943
core.conformation.Conformation: Found disulfide between residues 966 1012
core.conformation.Conformation: Found disulfide between residues 1011 1022
core.conformation.Conformation: Found disulfide between residues 1035 1051
core.conformation.Conformation: Found disulfide between residues 1050 1061
core.conformation.Conformation: Found disulfide between residues 1088 1133
core.conformation.Conformation: Found disulfide between residues 1132 1141
protocols.docking.DockingProtocol: ////////////////////////////////////////////////////////////////////////////////
protocols.docking.DockingProtocol: ///                     Rosetta 3 Docking Protocol                           ///
protocols.docking.DockingProtocol: ///                                                                          ///
protocols.docking.DockingProtocol: /// Dockable Jumps: 1                                                        ///
protocols.docking.DockingProtocol: /// Low Resolution Docking Protocol:  off                                    ///
protocols.docking.DockingProtocol: /// High Resolution Docking Protocol:  on                                    ///
protocols.docking.DockingProtocol: /// Low Resolution Filter:  off                                              ///
protocols.docking.DockingProtocol: /// High Resolution Filter:  on                                              ///
protocols.docking.DockingProtocol: ////////////////////////////////////////////////////////////////////////////////
protocols.docking.DockMCMProtocol: in DockMCMProtocol.apply
protocols.docking.DockMCMProtocol: Using the DockingTaskFactory.
protocols.docking.DockMCMCycle: Setting up defaults for DockMCMCycle: 
protocols.docking.DockMCMCycle: ////////////////////////////////////////////////////////////////////////////////
protocols.docking.DockMCMCycle: /// Dockable Jumps: 1                                                        ///
protocols.docking.DockMCMCycle: /// Translation: 0.1                                                         ///
protocols.docking.DockMCMCycle: /// Rotation: 5                                                              ///
protocols.docking.DockMCMCycle: /// Scorefunction:                                                           ///
protocols.docking.DockMCMCycle: ScoreFunction::show():
weights: (fa_atr 1) (fa_rep 0.55) (fa_sol 1) (fa_intra_rep 0.005) (fa_intra_sol_xover4 1) (lk_ball_wtd 1) (fa_elec 1) (ch_bond_bb_bb 0.5) (pro_close 1.25) (fa_cust_pair_dist 1) (hbond_sr_bb 0.5) (hbond_lr_bb 1) (hbond_bb_sc 1) (hbond_sc 1) (dslf_fa13 1.25) (rama 0.2) (omega 0.5) (fa_dun 0.7) (p_aa_pp 0.3) (yhh_planarity 0.625) (ref 1) (rama_prepro 0.45)
energy_method_options: EnergyMethodOptions::show: aa_composition_setup_files: 
protocols.docking.DockMCMCycle: EnergyMethodOptions::show: mhc_epitope_setup_files: 
protocols.docking.DockMCMCycle: EnergyMethodOptions::show: netcharge_setup_files: 
protocols.docking.DockMCMCycle: EnergyMethodOptions::show: aspartimide_penalty_value: 25
protocols.docking.DockMCMCycle: EnergyMethodOptions::show: etable_type: FA_STANDARD_DEFAULT
analytic_etable_evaluation: 1
EnergyMethodOptions::show: method_weights: ref 1.32468 3.25479 -2.14574 -2.72453 1.21829 0.79816 -0.30065 2.30374 -0.71458 1.66147 1.65735 -1.34026 -1.64321 -1.45095 -0.09474 -0.28969 1.15175 2.64269 2.26099 0.58223
EnergyMethodOptions::show: method_weights: free_res
EnergyMethodOptions::show: unfolded_energies_type: UNFOLDED_SCORE12
protocols.docking.DockMCMCycle: EnergyMethodOptions::show: split_unfolded_label_type: SPLIT_UNFOLDED_MM
protocols.docking.DockMCMCycle: EnergyMethodOptions::show: split_unfolded_value_type: SPLIT_UNFOLDED_BOLTZ
protocols.docking.DockMCMCycle: EnergyMethodOptions::show: atom_vdw_atom_type_set_name: centroid
protocols.docking.DockMCMCycle: EnergyMethodOptions::show: covalent_labeling_input: 
protocols.docking.DockMCMCycle: EnergyMethodOptions::show: covalent_labeling_fa_input: 
protocols.docking.DockMCMCycle: EnergyMethodOptions::show: hrf_dynamics_input: 
protocols.docking.DockMCMCycle: EnergyMethodOptions::show: depc_ms_input: 
protocols.docking.DockMCMCycle: EnergyMethodOptions::show: exclude_protein_protein_fa_elec: false
protocols.docking.DockMCMCycle: EnergyMethodOptions::show: exclude_RNA_RNA_fa_elec: false
protocols.docking.DockMCMCycle: EnergyMethodOptions::show: exclude_RNA_protein_fa_elec: false
protocols.docking.DockMCMCycle: EnergyMethodOptions::show: exclude_monomer_fa_elec: false
protocols.docking.DockMCMCycle: EnergyMethodOptions::show: elec_max_dis: 5.5
protocols.docking.DockMCMCycle: EnergyMethodOptions::show: elec_min_dis: 1.6
protocols.docking.DockMCMCycle: EnergyMethodOptions::show: elec_die: 10
protocols.docking.DockMCMCycle: EnergyMethodOptions::show: elec_no_dis_dep_die: false
protocols.docking.DockMCMCycle: EnergyMethodOptions::show: elec_sigmoidal_die: true
protocols.docking.DockMCMCycle: EnergyMethodOptions::show: elec_sigmoidal_D: 80
protocols.docking.DockMCMCycle: EnergyMethodOptions::show: elec_sigmoidal_D0: 6
protocols.docking.DockMCMCycle: EnergyMethodOptions::show: elec_sigmoidal_S: 0.4
protocols.docking.DockMCMCycle: EnergyMethodOptions::show: smooth_fa_elec: true
protocols.docking.DockMCMCycle: EnergyMethodOptions::show: grpelec_fade_type: false
protocols.docking.DockMCMCycle: EnergyMethodOptions::show: grpelec_fade_param1: 1
protocols.docking.DockMCMCycle: EnergyMethodOptions::show: grpelec_fade_param2: 1
protocols.docking.DockMCMCycle: EnergyMethodOptions::show: grpelec_fade_hbond: 0
protocols.docking.DockMCMCycle: EnergyMethodOptions::show: grp_cpfxn: 1
protocols.docking.DockMCMCycle: EnergyMethodOptions::show: elec_group_file: /scoring/score_functions/elec_group_def.dat
protocols.docking.DockMCMCycle: EnergyMethodOptions::show: grpelec_context_dependent: 0
protocols.docking.DockMCMCycle: EnergyMethodOptions::show: use_polarization: true
protocols.docking.DockMCMCycle: EnergyMethodOptions::show: use_gen_kirkwood: true
protocols.docking.DockMCMCycle: EnergyMethodOptions::show: protein_dielectric: 1
protocols.docking.DockMCMCycle: EnergyMethodOptions::show: water_dielectric: 78.3
protocols.docking.DockMCMCycle: EnergyMethodOptions::show: exclude_DNA_DNA: false
protocols.docking.DockMCMCycle: EnergyMethodOptions::show: exclude_intra_res_protein: false
protocols.docking.DockMCMCycle: EnergyMethodOptions::show: count_pair_hybrid: false
protocols.docking.DockMCMCycle: EnergyMethodOptions::show: count_pair_full: false
protocols.docking.DockMCMCycle: EnergyMethodOptions::show: put_intra_into_total: false
protocols.docking.DockMCMCycle: EnergyMethodOptions::show: geom_sol_interres_path_distance_cutoff: false
protocols.docking.DockMCMCycle: EnergyMethodOptions::show: geom_sol_intrares_path_distance_cutoff: true
protocols.docking.DockMCMCycle: EnergyMethodOptions::show: eval_intrares_elec_ST_only: false
protocols.docking.DockMCMCycle: EnergyMethodOptions::show: envsmooth_zero_negatives: false
protocols.docking.DockMCMCycle: EnergyMethodOptions::show: cst_max_seq_sep: 18446744073709551615
protocols.docking.DockMCMCycle: EnergyMethodOptions::show: pb_bound_tag: bound
protocols.docking.DockMCMCycle: EnergyMethodOptions::show: pb_unbound_tag: unbound
protocols.docking.DockMCMCycle: EnergyMethodOptions::show: arg_cation_pi_his_can_be_pi: 1
protocols.docking.DockMCMCycle: EnergyMethodOptions::show: ordered_wat_penalty: 1.221
protocols.docking.DockMCMCycle: EnergyMethodOptions::show: ordered_pt_wat_penalty: 2.709
protocols.docking.DockMCMCycle: EnergyMethodOptions::show: nmer_ref_seq_length_: 9
protocols.docking.DockMCMCycle: EnergyMethodOptions::show: nmer_svm_term_length_: 3
protocols.docking.DockMCMCycle: EnergyMethodOptions::show: nmer_svm_pssm_feat_: 1
protocols.docking.DockMCMCycle: EnergyMethodOptions::show: nmer_svm_scorecut_defined_: 0
protocols.docking.DockMCMCycle: EnergyMethodOptions::show: nmer_svm_scorecut_: 0
protocols.docking.DockMCMCycle: EnergyMethodOptions::show: nmer_svm_avg_rank_as_energy_: 0
protocols.docking.DockMCMCycle: EnergyMethodOptions::show: nmer_svm_aa_matrix_defined_: 0
protocols.docking.DockMCMCycle: EnergyMethodOptions::show: nmer_svm_aa_matrix_: 
protocols.docking.DockMCMCycle: EnergyMethodOptions::show: nmer_svm_list_defined_: 0
protocols.docking.DockMCMCycle: EnergyMethodOptions::show: nmer_svm_list_: 
protocols.docking.DockMCMCycle: EnergyMethodOptions::show: nmer_svm_defined_: 0
protocols.docking.DockMCMCycle: EnergyMethodOptions::show: nmer_svm_: 
protocols.docking.DockMCMCycle: EnergyMethodOptions::show: nmer_svm_rank_list_defined_: 0
protocols.docking.DockMCMCycle: EnergyMethodOptions::show: nmer_svm_rank_list_: 
protocols.docking.DockMCMCycle: EnergyMethodOptions::show: nmer_svm_rank_defined_: 0
protocols.docking.DockMCMCycle: EnergyMethodOptions::show: nmer_svm_rank_: 
protocols.docking.DockMCMCycle: EnergyMethodOptions::show: voids_penalty_energy_containing_cones_cutoff_:6
protocols.docking.DockMCMCycle: EnergyMethodOptions::show: voids_penalty_energy_cone_distance_cutoff_: 8
protocols.docking.DockMCMCycle: EnergyMethodOptions::show: voids_penalty_energy_cone_dotproduct_cutoff_: 0.1
protocols.docking.DockMCMCycle: EnergyMethodOptions::show: voids_penalty_energy_voxel_grid_padding_: 1
protocols.docking.DockMCMCycle: EnergyMethodOptions::show: voids_penalty_energy_voxel_size_: 0.5
protocols.docking.DockMCMCycle: EnergyMethodOptions::show: voids_penalty_energy_disabled_except_during_packing_: TRUE
protocols.docking.DockMCMCycle: EnergyMethodOptions::show: hbnet_bonus_ramping_function_: "quadratic"
protocols.docking.DockMCMCycle: EnergyMethodOptions::show: hbnet_max_network_size_: 0
protocols.docking.DockMCMCycle: EnergyMethodOptions::show: approximate_buried_unsat_penalty_hbond_energy_threshold_: -0.25
protocols.docking.DockMCMCycle: EnergyMethodOptions::show: approximate_buried_unsat_penalty_burial_atomic_depth_: 4.5
protocols.docking.DockMCMCycle: EnergyMethodOptions::show: approximate_buried_unsat_penalty_burial_probe_radius_: 2.3
protocols.docking.DockMCMCycle: EnergyMethodOptions::show: approximate_buried_unsat_penalty_burial_resolution_: 0.5
protocols.docking.DockMCMCycle: EnergyMethodOptions::show: approximate_buried_unsat_penalty_oversat_penalty_: 1
protocols.docking.DockMCMCycle: EnergyMethodOptions::show: approximate_buried_unsat_penalty_assume_const_backbone_:1
protocols.docking.DockMCMCycle: EnergyMethodOptions::show: approximate_buried_unsat_penalty_natural_corrections1_:0
protocols.docking.DockMCMCycle: EnergyMethodOptions::show: approximate_buried_unsat_penalty_hbond_bonus_cross_chain_:0
protocols.docking.DockMCMCycle: EnergyMethodOptions::show: approximate_buried_unsat_penalty_hbond_bonus_ser_to_helix_bb_:0
protocols.docking.DockMCMCycle: EnergyMethodOptions::show: approximate_buried_unsat_penalty_lys_ok_with_1_:0
protocols.docking.DockMCMCycle: EnergyMethodOptions::show: target_clash_pdb_:
protocols.docking.DockMCMCycle: EnergyMethodOptions::show: dump_trajectory_prefix_: traj
protocols.docking.DockMCMCycle: EnergyMethodOptions::show: dump_trajectory_gz_: FALSE
protocols.docking.DockMCMCycle: EnergyMethodOptions::show: dump_trajectory_stride_: 1
protocols.docking.DockMCMCycle: EnergyMethodOptions::show: bond_angle_central_atoms_to_score:
protocols.docking.DockMCMCycle: EnergyMethodOptions::show: bond_angle_residue_type_param_set: none
protocols.docking.DockMCMCycle: HBondOptions::show: hb_max_energy: 0
protocols.docking.DockMCMCycle: HBondOptions::show: exclude_DNA_DNA: false
protocols.docking.DockMCMCycle: HBondOptions::show: exclude_intra_res_protein_: false
protocols.docking.DockMCMCycle: HBondOptions::show: exclude_intra_res_RNA_: false
protocols.docking.DockMCMCycle: HBondOptions::show: put_intra_into_total_: false
protocols.docking.DockMCMCycle: HBondOptions::show: exclude_self_hbonds: true
protocols.docking.DockMCMCycle: HBondOptions::show: use_hb_env_dep: false
protocols.docking.DockMCMCycle: HBondOptions::show: use_hb_env_dep_DNA: true
protocols.docking.DockMCMCycle: HBondOptions::show: smooth_hb_env_dep: true
protocols.docking.DockMCMCycle: HBondOptions::show: bb_donor_acceptor_check: true
protocols.docking.DockMCMCycle: HBondOptions::show: decompose_bb_hb_into_pair_energies: false
protocols.docking.DockMCMCycle: HBondOptions::show: params_database_tag_: ref2015_params
protocols.docking.DockMCMCycle: HBondOptions::show: use_sp2_chi_penalty_: true
protocols.docking.DockMCMCycle: HBondOptions::show: sp2_BAH180_rise_: 0.75
protocols.docking.DockMCMCycle: HBondOptions::show: sp2_outer_width_: 0.357
protocols.docking.DockMCMCycle: HBondOptions::show: measure_sp3acc_BAH_from_hvy_: true
protocols.docking.DockMCMCycle: HBondOptions::show: fade_energy_: 1
protocols.docking.DockMCMCycle: HBondOptions::show: exclude_ether_oxygens_: 0
protocols.docking.DockMCMCycle: HBondOptions::show: Mbhbond: false 
protocols.docking.DockMCMCycle: HbondOptions::show: mphbond: false
protocols.docking.DockMCMCycle: HBondOptions::show: hbond_energy_shift: 0
protocols.docking.DockMCMCycle: HBondOptions::show: water_hybrid_sf: false
protocols.docking.DockMCMCycle: RNA_EnergyMethodOptions::show: syn_G_potential_bonus: 0
protocols.docking.DockMCMCycle: RNA_EnergyMethodOptions::show: torsion_potential: ps_04282011
protocols.docking.DockMCMCycle: RNA_EnergyMethodOptions::show: suiteness_bonus: Richardson
protocols.docking.DockMCMCycle: RNA_EnergyMethodOptions::show: rna_base_pair_xy_filename: scoring/rna/rna_base_pair_xy.dat
protocols.docking.DockMCMCycle: FreeDOF_Options::show: free_suite_bonus: -1
protocols.docking.DockMCMCycle: FreeDOF_Options::show: free_2HOprime_bonus: -0.5
protocols.docking.DockMCMCycle: FreeDOF_Options::show: free_sugar_bonus: -1
protocols.docking.DockMCMCycle: FreeDOF_Options::show: pack_phosphate_penalty: 0.25
protocols.docking.DockMCMCycle: FreeDOF_Options::show: free_side_chain_bonus: -0.5
protocols.docking.DockMCMCycle: 
protocols.docking.DockMCMCycle: 
protocols.docking.DockMCMCycle: /// Packing scorefunction:                                                   ///
protocols.docking.DockMCMCycle: ScoreFunction::show():
weights: (fa_atr 1) (fa_rep 0.55) (fa_sol 1) (fa_intra_rep 0.005) (fa_intra_sol_xover4 1) (lk_ball_wtd 1) (fa_elec 1) (ch_bond_bb_bb 0.5) (pro_close 1.25) (fa_cust_pair_dist 1) (hbond_sr_bb 0.5) (hbond_lr_bb 1) (hbond_bb_sc 1) (hbond_sc 1) (dslf_fa13 1.25) (rama 0.2) (omega 0.5) (fa_dun 0.7) (p_aa_pp 0.3) (yhh_planarity 0.625) (ref 1) (rama_prepro 0.45)
energy_method_options: EnergyMethodOptions::show: aa_composition_setup_files: 
protocols.docking.DockMCMCycle: EnergyMethodOptions::show: mhc_epitope_setup_files: 
protocols.docking.DockMCMCycle: EnergyMethodOptions::show: netcharge_setup_files: 
protocols.docking.DockMCMCycle: EnergyMethodOptions::show: aspartimide_penalty_value: 25
protocols.docking.DockMCMCycle: EnergyMethodOptions::show: etable_type: FA_STANDARD_DEFAULT
analytic_etable_evaluation: 1
EnergyMethodOptions::show: method_weights: ref 1.32468 3.25479 -2.14574 -2.72453 1.21829 0.79816 -0.30065 2.30374 -0.71458 1.66147 1.65735 -1.34026 -1.64321 -1.45095 -0.09474 -0.28969 1.15175 2.64269 2.26099 0.58223
EnergyMethodOptions::show: method_weights: free_res
EnergyMethodOptions::show: unfolded_energies_type: UNFOLDED_SCORE12
protocols.docking.DockMCMCycle: EnergyMethodOptions::show: split_unfolded_label_type: SPLIT_UNFOLDED_MM
protocols.docking.DockMCMCycle: EnergyMethodOptions::show: split_unfolded_value_type: SPLIT_UNFOLDED_BOLTZ
protocols.docking.DockMCMCycle: EnergyMethodOptions::show: atom_vdw_atom_type_set_name: centroid
protocols.docking.DockMCMCycle: EnergyMethodOptions::show: covalent_labeling_input: 
protocols.docking.DockMCMCycle: EnergyMethodOptions::show: covalent_labeling_fa_input: 
protocols.docking.DockMCMCycle: EnergyMethodOptions::show: hrf_dynamics_input: 
protocols.docking.DockMCMCycle: EnergyMethodOptions::show: depc_ms_input: 
protocols.docking.DockMCMCycle: EnergyMethodOptions::show: exclude_protein_protein_fa_elec: false
protocols.docking.DockMCMCycle: EnergyMethodOptions::show: exclude_RNA_RNA_fa_elec: false
protocols.docking.DockMCMCycle: EnergyMethodOptions::show: exclude_RNA_protein_fa_elec: false
protocols.docking.DockMCMCycle: EnergyMethodOptions::show: exclude_monomer_fa_elec: false
protocols.docking.DockMCMCycle: EnergyMethodOptions::show: elec_max_dis: 5.5
protocols.docking.DockMCMCycle: EnergyMethodOptions::show: elec_min_dis: 1.6
protocols.docking.DockMCMCycle: EnergyMethodOptions::show: elec_die: 10
protocols.docking.DockMCMCycle: EnergyMethodOptions::show: elec_no_dis_dep_die: false
protocols.docking.DockMCMCycle: EnergyMethodOptions::show: elec_sigmoidal_die: true
protocols.docking.DockMCMCycle: EnergyMethodOptions::show: elec_sigmoidal_D: 80
protocols.docking.DockMCMCycle: EnergyMethodOptions::show: elec_sigmoidal_D0: 6
protocols.docking.DockMCMCycle: EnergyMethodOptions::show: elec_sigmoidal_S: 0.4
protocols.docking.DockMCMCycle: EnergyMethodOptions::show: smooth_fa_elec: true
protocols.docking.DockMCMCycle: EnergyMethodOptions::show: grpelec_fade_type: false
protocols.docking.DockMCMCycle: EnergyMethodOptions::show: grpelec_fade_param1: 1
protocols.docking.DockMCMCycle: EnergyMethodOptions::show: grpelec_fade_param2: 1
protocols.docking.DockMCMCycle: EnergyMethodOptions::show: grpelec_fade_hbond: 0
protocols.docking.DockMCMCycle: EnergyMethodOptions::show: grp_cpfxn: 1
protocols.docking.DockMCMCycle: EnergyMethodOptions::show: elec_group_file: /scoring/score_functions/elec_group_def.dat
protocols.docking.DockMCMCycle: EnergyMethodOptions::show: grpelec_context_dependent: 0
protocols.docking.DockMCMCycle: EnergyMethodOptions::show: use_polarization: true
protocols.docking.DockMCMCycle: EnergyMethodOptions::show: use_gen_kirkwood: true
protocols.docking.DockMCMCycle: EnergyMethodOptions::show: protein_dielectric: 1
protocols.docking.DockMCMCycle: EnergyMethodOptions::show: water_dielectric: 78.3
protocols.docking.DockMCMCycle: EnergyMethodOptions::show: exclude_DNA_DNA: false
protocols.docking.DockMCMCycle: EnergyMethodOptions::show: exclude_intra_res_protein: false
protocols.docking.DockMCMCycle: EnergyMethodOptions::show: count_pair_hybrid: false
protocols.docking.DockMCMCycle: EnergyMethodOptions::show: count_pair_full: false
protocols.docking.DockMCMCycle: EnergyMethodOptions::show: put_intra_into_total: false
protocols.docking.DockMCMCycle: EnergyMethodOptions::show: geom_sol_interres_path_distance_cutoff: false
protocols.docking.DockMCMCycle: EnergyMethodOptions::show: geom_sol_intrares_path_distance_cutoff: true
protocols.docking.DockMCMCycle: EnergyMethodOptions::show: eval_intrares_elec_ST_only: false
protocols.docking.DockMCMCycle: EnergyMethodOptions::show: envsmooth_zero_negatives: false
protocols.docking.DockMCMCycle: EnergyMethodOptions::show: cst_max_seq_sep: 18446744073709551615
protocols.docking.DockMCMCycle: EnergyMethodOptions::show: pb_bound_tag: bound
protocols.docking.DockMCMCycle: EnergyMethodOptions::show: pb_unbound_tag: unbound
protocols.docking.DockMCMCycle: EnergyMethodOptions::show: arg_cation_pi_his_can_be_pi: 1
protocols.docking.DockMCMCycle: EnergyMethodOptions::show: ordered_wat_penalty: 1.221
protocols.docking.DockMCMCycle: EnergyMethodOptions::show: ordered_pt_wat_penalty: 2.709
protocols.docking.DockMCMCycle: EnergyMethodOptions::show: nmer_ref_seq_length_: 9
protocols.docking.DockMCMCycle: EnergyMethodOptions::show: nmer_svm_term_length_: 3
protocols.docking.DockMCMCycle: EnergyMethodOptions::show: nmer_svm_pssm_feat_: 1
protocols.docking.DockMCMCycle: EnergyMethodOptions::show: nmer_svm_scorecut_defined_: 0
protocols.docking.DockMCMCycle: EnergyMethodOptions::show: nmer_svm_scorecut_: 0
protocols.docking.DockMCMCycle: EnergyMethodOptions::show: nmer_svm_avg_rank_as_energy_: 0
protocols.docking.DockMCMCycle: EnergyMethodOptions::show: nmer_svm_aa_matrix_defined_: 0
protocols.docking.DockMCMCycle: EnergyMethodOptions::show: nmer_svm_aa_matrix_: 
protocols.docking.DockMCMCycle: EnergyMethodOptions::show: nmer_svm_list_defined_: 0
protocols.docking.DockMCMCycle: EnergyMethodOptions::show: nmer_svm_list_: 
protocols.docking.DockMCMCycle: EnergyMethodOptions::show: nmer_svm_defined_: 0
protocols.docking.DockMCMCycle: EnergyMethodOptions::show: nmer_svm_: 
protocols.docking.DockMCMCycle: EnergyMethodOptions::show: nmer_svm_rank_list_defined_: 0
protocols.docking.DockMCMCycle: EnergyMethodOptions::show: nmer_svm_rank_list_: 
protocols.docking.DockMCMCycle: EnergyMethodOptions::show: nmer_svm_rank_defined_: 0
protocols.docking.DockMCMCycle: EnergyMethodOptions::show: nmer_svm_rank_: 
protocols.docking.DockMCMCycle: EnergyMethodOptions::show: voids_penalty_energy_containing_cones_cutoff_:6
protocols.docking.DockMCMCycle: EnergyMethodOptions::show: voids_penalty_energy_cone_distance_cutoff_: 8
protocols.docking.DockMCMCycle: EnergyMethodOptions::show: voids_penalty_energy_cone_dotproduct_cutoff_: 0.1
protocols.docking.DockMCMCycle: EnergyMethodOptions::show: voids_penalty_energy_voxel_grid_padding_: 1
protocols.docking.DockMCMCycle: EnergyMethodOptions::show: voids_penalty_energy_voxel_size_: 0.5
protocols.docking.DockMCMCycle: EnergyMethodOptions::show: voids_penalty_energy_disabled_except_during_packing_: TRUE
protocols.docking.DockMCMCycle: EnergyMethodOptions::show: hbnet_bonus_ramping_function_: "quadratic"
protocols.docking.DockMCMCycle: EnergyMethodOptions::show: hbnet_max_network_size_: 0
protocols.docking.DockMCMCycle: EnergyMethodOptions::show: approximate_buried_unsat_penalty_hbond_energy_threshold_: -0.25
protocols.docking.DockMCMCycle: EnergyMethodOptions::show: approximate_buried_unsat_penalty_burial_atomic_depth_: 4.5
protocols.docking.DockMCMCycle: EnergyMethodOptions::show: approximate_buried_unsat_penalty_burial_probe_radius_: 2.3
protocols.docking.DockMCMCycle: EnergyMethodOptions::show: approximate_buried_unsat_penalty_burial_resolution_: 0.5
protocols.docking.DockMCMCycle: EnergyMethodOptions::show: approximate_buried_unsat_penalty_oversat_penalty_: 1
protocols.docking.DockMCMCycle: EnergyMethodOptions::show: approximate_buried_unsat_penalty_assume_const_backbone_:1
protocols.docking.DockMCMCycle: EnergyMethodOptions::show: approximate_buried_unsat_penalty_natural_corrections1_:0
protocols.docking.DockMCMCycle: EnergyMethodOptions::show: approximate_buried_unsat_penalty_hbond_bonus_cross_chain_:0
protocols.docking.DockMCMCycle: EnergyMethodOptions::show: approximate_buried_unsat_penalty_hbond_bonus_ser_to_helix_bb_:0
protocols.docking.DockMCMCycle: EnergyMethodOptions::show: approximate_buried_unsat_penalty_lys_ok_with_1_:0
protocols.docking.DockMCMCycle: EnergyMethodOptions::show: target_clash_pdb_:
protocols.docking.DockMCMCycle: EnergyMethodOptions::show: dump_trajectory_prefix_: traj
protocols.docking.DockMCMCycle: EnergyMethodOptions::show: dump_trajectory_gz_: FALSE
protocols.docking.DockMCMCycle: EnergyMethodOptions::show: dump_trajectory_stride_: 1
protocols.docking.DockMCMCycle: EnergyMethodOptions::show: bond_angle_central_atoms_to_score:
protocols.docking.DockMCMCycle: EnergyMethodOptions::show: bond_angle_residue_type_param_set: none
protocols.docking.DockMCMCycle: HBondOptions::show: hb_max_energy: 0
protocols.docking.DockMCMCycle: HBondOptions::show: exclude_DNA_DNA: false
protocols.docking.DockMCMCycle: HBondOptions::show: exclude_intra_res_protein_: false
protocols.docking.DockMCMCycle: HBondOptions::show: exclude_intra_res_RNA_: false
protocols.docking.DockMCMCycle: HBondOptions::show: put_intra_into_total_: false
protocols.docking.DockMCMCycle: HBondOptions::show: exclude_self_hbonds: true
protocols.docking.DockMCMCycle: HBondOptions::show: use_hb_env_dep: false
protocols.docking.DockMCMCycle: HBondOptions::show: use_hb_env_dep_DNA: true
protocols.docking.DockMCMCycle: HBondOptions::show: smooth_hb_env_dep: true
protocols.docking.DockMCMCycle: HBondOptions::show: bb_donor_acceptor_check: true
protocols.docking.DockMCMCycle: HBondOptions::show: decompose_bb_hb_into_pair_energies: false
protocols.docking.DockMCMCycle: HBondOptions::show: params_database_tag_: ref2015_params
protocols.docking.DockMCMCycle: HBondOptions::show: use_sp2_chi_penalty_: true
protocols.docking.DockMCMCycle: HBondOptions::show: sp2_BAH180_rise_: 0.75
protocols.docking.DockMCMCycle: HBondOptions::show: sp2_outer_width_: 0.357
protocols.docking.DockMCMCycle: HBondOptions::show: measure_sp3acc_BAH_from_hvy_: true
protocols.docking.DockMCMCycle: HBondOptions::show: fade_energy_: 1
protocols.docking.DockMCMCycle: HBondOptions::show: exclude_ether_oxygens_: 0
protocols.docking.DockMCMCycle: HBondOptions::show: Mbhbond: false 
protocols.docking.DockMCMCycle: HbondOptions::show: mphbond: false
protocols.docking.DockMCMCycle: HBondOptions::show: hbond_energy_shift: 0
protocols.docking.DockMCMCycle: HBondOptions::show: water_hybrid_sf: false
protocols.docking.DockMCMCycle: RNA_EnergyMethodOptions::show: syn_G_potential_bonus: 0
protocols.docking.DockMCMCycle: RNA_EnergyMethodOptions::show: torsion_potential: ps_04282011
protocols.docking.DockMCMCycle: RNA_EnergyMethodOptions::show: suiteness_bonus: Richardson
protocols.docking.DockMCMCycle: RNA_EnergyMethodOptions::show: rna_base_pair_xy_filename: scoring/rna/rna_base_pair_xy.dat
protocols.docking.DockMCMCycle: FreeDOF_Options::show: free_suite_bonus: -1
protocols.docking.DockMCMCycle: FreeDOF_Options::show: free_2HOprime_bonus: -0.5
protocols.docking.DockMCMCycle: FreeDOF_Options::show: free_sugar_bonus: -1
protocols.docking.DockMCMCycle: FreeDOF_Options::show: pack_phosphate_penalty: 0.25
protocols.docking.DockMCMCycle: FreeDOF_Options::show: free_side_chain_bonus: -0.5
protocols.docking.DockMCMCycle: 
protocols.docking.DockMCMCycle: 
protocols.docking.DockMCMCycle: ////////////////////////////////////////////////////////////////////////////////
core.pack.task: Packer task: initialize from command line() 
core.pack.pack_rotamers: built 0 rotamers at 0 positions.
core.pack.interaction_graph.interaction_graph_factory: Instantiating DensePDInteractionGraph
basic.thread_manager.RosettaThreadManager: [ WARNING ] A work vector of size zero was passed to the RosettaThreadManager!  Duly returning without doing anything.
protocols.geometry.RB_geometry: [ WARNING ] centroids_by_jump_int called but no interface detected!!
protocols.geometry.RB_geometry: [ WARNING ] calling centroids_by_jump...
core.pack.task: Packer task: initialize from command line() 
protocols.geometry.RB_geometry: [ WARNING ] centroids_by_jump_int called but no interface detected!!
protocols.geometry.RB_geometry: [ WARNING ] calling centroids_by_jump...
core.pack.task: Packer task: initialize from command line() 
protocols.geometry.RB_geometry: [ WARNING ] centroids_by_jump_int called but no interface detected!!
protocols.geometry.RB_geometry: [ WARNING ] calling centroids_by_jump...
core.pack.task: Packer task: initialize from command line() 
protocols.geometry.RB_geometry: [ WARNING ] centroids_by_jump_int called but no interface detected!!
protocols.geometry.RB_geometry: [ WARNING ] calling centroids_by_jump...
core.pack.task: Packer task: initialize from command line() 
protocols.geometry.RB_geometry: [ WARNING ] centroids_by_jump_int called but no interface detected!!
protocols.geometry.RB_geometry: [ WARNING ] calling centroids_by_jump...
core.pack.task: Packer task: initialize from command line() 
protocols.geometry.RB_geometry: [ WARNING ] centroids_by_jump_int called but no interface detected!!
protocols.geometry.RB_geometry: [ WARNING ] calling centroids_by_jump...
core.pack.task: Packer task: initialize from command line() 
protocols.geometry.RB_geometry: [ WARNING ] centroids_by_jump_int called but no interface detected!!
protocols.geometry.RB_geometry: [ WARNING ] calling centroids_by_jump...
core.pack.task: Packer task: initialize from command line() 
protocols.geometry.RB_geometry: [ WARNING ] centroids_by_jump_int called but no interface detected!!
protocols.geometry.RB_geometry: [ WARNING ] calling centroids_by_jump...
core.pack.task: Packer task: initialize from command line() 
protocols.geometry.RB_geometry: [ WARNING ] centroids_by_jump_int called but no interface detected!!
protocols.geometry.RB_geometry: [ WARNING ] calling centroids_by_jump...
core.pack.task: Packer task: initialize from command line() 
protocols.geometry.RB_geometry: [ WARNING ] centroids_by_jump_int called but no interface detected!!
protocols.geometry.RB_geometry: [ WARNING ] calling centroids_by_jump...
core.pack.task: Packer task: initialize from command line() 
protocols.geometry.RB_geometry: [ WARNING ] centroids_by_jump_int called but no interface detected!!
protocols.geometry.RB_geometry: [ WARNING ] calling centroids_by_jump...
core.pack.task: Packer task: initialize from command line() 
protocols.geometry.RB_geometry: [ WARNING ] centroids_by_jump_int called but no interface detected!!
protocols.geometry.RB_geometry: [ WARNING ] calling centroids_by_jump...
core.pack.task: Packer task: initialize from command line() 
core.pack.task: Packer task: initialize from command line() 
core.pack.pack_rotamers: built 0 rotamers at 0 positions.
core.pack.interaction_graph.interaction_graph_factory: Instantiating DensePDInteractionGraph
basic.thread_manager.RosettaThreadManager: [ WARNING ] A work vector of size zero was passed to the RosettaThreadManager!  Duly returning without doing anything.
protocols.geometry.RB_geometry: [ WARNING ] centroids_by_jump_int called but no interface detected!!
protocols.geometry.RB_geometry: [ WARNING ] calling centroids_by_jump...
core.pack.task: Packer task: initialize from command line() 
protocols.geometry.RB_geometry: [ WARNING ] centroids_by_jump_int called but no interface detected!!
protocols.geometry.RB_geometry: [ WARNING ] calling centroids_by_jump...
core.pack.task: Packer task: initialize from command line() 
protocols.geometry.RB_geometry: [ WARNING ] centroids_by_jump_int called but no interface detected!!
protocols.geometry.RB_geometry: [ WARNING ] calling centroids_by_jump...
core.pack.task: Packer task: initialize from command line() 
protocols.geometry.RB_geometry: [ WARNING ] centroids_by_jump_int called but no interface detected!!
protocols.geometry.RB_geometry: [ WARNING ] calling centroids_by_jump...
core.pack.task: Packer task: initialize from command line() 
protocols.geometry.RB_geometry: [ WARNING ] centroids_by_jump_int called but no interface detected!!
protocols.geometry.RB_geometry: [ WARNING ] calling centroids_by_jump...
core.pack.task: Packer task: initialize from command line() 
protocols.geometry.RB_geometry: [ WARNING ] centroids_by_jump_int called but no interface detected!!
protocols.geometry.RB_geometry: [ WARNING ] calling centroids_by_jump...
core.pack.task: Packer task: initialize from command line() 
protocols.geometry.RB_geometry: [ WARNING ] centroids_by_jump_int called but no interface detected!!
protocols.geometry.RB_geometry: [ WARNING ] calling centroids_by_jump...
core.pack.task: Packer task: initialize from command line() 
protocols.geometry.RB_geometry: [ WARNING ] centroids_by_jump_int called but no interface detected!!
protocols.geometry.RB_geometry: [ WARNING ] calling centroids_by_jump...
core.pack.task: Packer task: initialize from command line() 
core.pack.task: Packer task: initialize from command line() 
core.pack.pack_rotamers: built 0 rotamers at 0 positions.
core.pack.interaction_graph.interaction_graph_factory: Instantiating DensePDInteractionGraph
basic.thread_manager.RosettaThreadManager: [ WARNING ] A work vector of size zero was passed to the RosettaThreadManager!  Duly returning without doing anything.
protocols.geometry.RB_geometry: [ WARNING ] centroids_by_jump_int called but no interface detected!!
protocols.geometry.RB_geometry: [ WARNING ] calling centroids_by_jump...
core.pack.task: Packer task: initialize from command line() 
protocols.geometry.RB_geometry: [ WARNING ] centroids_by_jump_int called but no interface detected!!
protocols.geometry.RB_geometry: [ WARNING ] calling centroids_by_jump...
core.pack.task: Packer task: initialize from command line() 
protocols.geometry.RB_geometry: [ WARNING ] centroids_by_jump_int called but no interface detected!!
protocols.geometry.RB_geometry: [ WARNING ] calling centroids_by_jump...
core.pack.task: Packer task: initialize from command line() 
protocols.geometry.RB_geometry: [ WARNING ] centroids_by_jump_int called but no interface detected!!
protocols.geometry.RB_geometry: [ WARNING ] calling centroids_by_jump...
core.pack.task: Packer task: initialize from command line() 
protocols.geometry.RB_geometry: [ WARNING ] centroids_by_jump_int called but no interface detected!!
protocols.geometry.RB_geometry: [ WARNING ] calling centroids_by_jump...
core.pack.task: Packer task: initialize from command line() 
protocols.geometry.RB_geometry: [ WARNING ] centroids_by_jump_int called but no interface detected!!
protocols.geometry.RB_geometry: [ WARNING ] calling centroids_by_jump...
core.pack.task: Packer task: initialize from command line() 
protocols.geometry.RB_geometry: [ WARNING ] centroids_by_jump_int called but no interface detected!!
protocols.geometry.RB_geometry: [ WARNING ] calling centroids_by_jump...
core.pack.task: Packer task: initialize from command line() 
protocols.geometry.RB_geometry: [ WARNING ] centroids_by_jump_int called but no interface detected!!
protocols.geometry.RB_geometry: [ WARNING ] calling centroids_by_jump...
core.pack.task: Packer task: initialize from command line() 
core.pack.task: Packer task: initialize from command line() 
core.pack.pack_rotamers: built 0 rotamers at 0 positions.
core.pack.interaction_graph.interaction_graph_factory: Instantiating DensePDInteractionGraph
basic.thread_manager.RosettaThreadManager: [ WARNING ] A work vector of size zero was passed to the RosettaThreadManager!  Duly returning without doing anything.
protocols.geometry.RB_geometry: [ WARNING ] centroids_by_jump_int called but no interface detected!!
protocols.geometry.RB_geometry: [ WARNING ] calling centroids_by_jump...
core.pack.task: Packer task: initialize from command line() 
protocols.geometry.RB_geometry: [ WARNING ] centroids_by_jump_int called but no interface detected!!
protocols.geometry.RB_geometry: [ WARNING ] calling centroids_by_jump...
core.pack.task: Packer task: initialize from command line() 
protocols.geometry.RB_geometry: [ WARNING ] centroids_by_jump_int called but no interface detected!!
protocols.geometry.RB_geometry: [ WARNING ] calling centroids_by_jump...
core.pack.task: Packer task: initialize from command line() 
protocols.geometry.RB_geometry: [ WARNING ] centroids_by_jump_int called but no interface detected!!
protocols.geometry.RB_geometry: [ WARNING ] calling centroids_by_jump...
core.pack.task: Packer task: initialize from command line() 
protocols.geometry.RB_geometry: [ WARNING ] centroids_by_jump_int called but no interface detected!!
protocols.geometry.RB_geometry: [ WARNING ] calling centroids_by_jump...
core.pack.task: Packer task: initialize from command line() 
protocols.geometry.RB_geometry: [ WARNING ] centroids_by_jump_int called but no interface detected!!
protocols.geometry.RB_geometry: [ WARNING ] calling centroids_by_jump...
core.pack.task: Packer task: initialize from command line() 
protocols.geometry.RB_geometry: [ WARNING ] centroids_by_jump_int called but no interface detected!!
protocols.geometry.RB_geometry: [ WARNING ] calling centroids_by_jump...
core.pack.task: Packer task: initialize from command line() 
protocols.geometry.RB_geometry: [ WARNING ] centroids_by_jump_int called but no interface detected!!
protocols.geometry.RB_geometry: [ WARNING ] calling centroids_by_jump...
core.pack.task: Packer task: initialize from command line() 
core.pack.task: Packer task: initialize from command line() 
core.pack.pack_rotamers: built 0 rotamers at 0 positions.
core.pack.interaction_graph.interaction_graph_factory: Instantiating DensePDInteractionGraph
basic.thread_manager.RosettaThreadManager: [ WARNING ] A work vector of size zero was passed to the RosettaThreadManager!  Duly returning without doing anything.
protocols.geometry.RB_geometry: [ WARNING ] centroids_by_jump_int called but no interface detected!!
protocols.geometry.RB_geometry: [ WARNING ] calling centroids_by_jump...
core.pack.task: Packer task: initialize from command line() 
protocols.geometry.RB_geometry: [ WARNING ] centroids_by_jump_int called but no interface detected!!
protocols.geometry.RB_geometry: [ WARNING ] calling centroids_by_jump...
core.pack.task: Packer task: initialize from command line() 
protocols.geometry.RB_geometry: [ WARNING ] centroids_by_jump_int called but no interface detected!!
protocols.geometry.RB_geometry: [ WARNING ] calling centroids_by_jump...
core.pack.task: Packer task: initialize from command line() 
protocols.geometry.RB_geometry: [ WARNING ] centroids_by_jump_int called but no interface detected!!
protocols.geometry.RB_geometry: [ WARNING ] calling centroids_by_jump...
core.pack.task: Packer task: initialize from command line() 
protocols.geometry.RB_geometry: [ WARNING ] centroids_by_jump_int called but no interface detected!!
protocols.geometry.RB_geometry: [ WARNING ] calling centroids_by_jump...
core.pack.task: Packer task: initialize from command line() 
protocols.geometry.RB_geometry: [ WARNING ] centroids_by_jump_int called but no interface detected!!
protocols.geometry.RB_geometry: [ WARNING ] calling centroids_by_jump...
core.pack.task: Packer task: initialize from command line() 
protocols.geometry.RB_geometry: [ WARNING ] centroids_by_jump_int called but no interface detected!!
protocols.geometry.RB_geometry: [ WARNING ] calling centroids_by_jump...
core.pack.task: Packer task: initialize from command line() 
protocols.geometry.RB_geometry: [ WARNING ] centroids_by_jump_int called but no interface detected!!
protocols.geometry.RB_geometry: [ WARNING ] calling centroids_by_jump...
core.pack.task: Packer task: initialize from command line() 
core.pack.task: Packer task: initialize from command line() 
core.pack.pack_rotamers: built 0 rotamers at 0 positions.
core.pack.interaction_graph.interaction_graph_factory: Instantiating DensePDInteractionGraph
basic.thread_manager.RosettaThreadManager: [ WARNING ] A work vector of size zero was passed to the RosettaThreadManager!  Duly returning without doing anything.
protocols.geometry.RB_geometry: [ WARNING ] centroids_by_jump_int called but no interface detected!!
protocols.geometry.RB_geometry: [ WARNING ] calling centroids_by_jump...
core.pack.task: Packer task: initialize from command line() 
protocols.geometry.RB_geometry: [ WARNING ] centroids_by_jump_int called but no interface detected!!
protocols.geometry.RB_geometry: [ WARNING ] calling centroids_by_jump...
core.pack.task: Packer task: initialize from command line() 
protocols.geometry.RB_geometry: [ WARNING ] centroids_by_jump_int called but no interface detected!!
protocols.geometry.RB_geometry: [ WARNING ] calling centroids_by_jump...
core.pack.task: Packer task: initialize from command line() 
protocols.geometry.RB_geometry: [ WARNING ] centroids_by_jump_int called but no interface detected!!
protocols.geometry.RB_geometry: [ WARNING ] calling centroids_by_jump...
core.pack.task: Packer task: initialize from command line() 
protocols.geometry.RB_geometry: [ WARNING ] centroids_by_jump_int called but no interface detected!!
protocols.geometry.RB_geometry: [ WARNING ] calling centroids_by_jump...
core.pack.task: Packer task: initialize from command line() 
protocols.docking.DockingProtocol.metrics: unbound pose: 
protocols.docking.DockingProtocol.metrics: 
------------------------------------------------------------
 Scores                       Weight   Raw Score Wghtd.Score
------------------------------------------------------------
 fa_atr                       1.000   -6814.833   -6814.833
 fa_rep                       0.550    3983.246    2190.785
 fa_sol                       1.000    4682.917    4682.917
 fa_intra_rep                 0.005    3194.729      15.974
 fa_intra_sol_xover4          1.000     246.907     246.907
 lk_ball_wtd                  1.000    -161.300    -161.300
 fa_elec                      1.000   -1499.849   -1499.849
 ch_bond_bb_bb                0.500      -8.411      -4.206
 pro_close                    1.250     140.227     175.284
 fa_cust_pair_dist            1.000       9.279       9.279
 hbond_sr_bb                  0.500    -592.797    -296.398
 hbond_lr_bb                  1.000     -10.047     -10.047
 hbond_bb_sc                  1.000     -54.883     -54.883
 hbond_sc                     1.000     -59.088     -59.088
 dslf_fa13                    1.250     -29.686     -37.108
 rama                         0.200    -306.444     -61.289
 omega                        0.500      34.363      17.182
 fa_dun                       0.700    5585.591    3909.914
 p_aa_pp                      0.300     -77.468     -23.240
 yhh_planarity                0.625       0.000       0.000
 ref                          1.000     261.134     261.134
 rama_prepro                  0.450     786.808     354.064
---------------------------------------------------
 Total weighted score:                     2841.198
protocols.docking.DockingProtocol.metrics: bound pose: 
protocols.docking.DockingProtocol.metrics: 
------------------------------------------------------------
 Scores                       Weight   Raw Score Wghtd.Score
------------------------------------------------------------
 fa_atr                       1.000   -6814.833   -6814.833
 fa_rep                       0.550    3983.246    2190.785
 fa_sol                       1.000    4682.917    4682.917
 fa_intra_rep                 0.005    3194.729      15.974
 fa_intra_sol_xover4          1.000     246.907     246.907
 lk_ball_wtd                  1.000    -161.300    -161.300
 fa_elec                      1.000   -1499.849   -1499.849
 ch_bond_bb_bb                0.500      -8.411      -4.206
 pro_close                    1.250     140.227     175.284
 fa_cust_pair_dist            1.000       9.279       9.279
 hbond_sr_bb                  0.500    -592.797    -296.398
 hbond_lr_bb                  1.000     -10.047     -10.047
 hbond_bb_sc                  1.000     -54.883     -54.883
 hbond_sc                     1.000     -59.088     -59.088
 dslf_fa13                    1.250     -29.686     -37.108
 rama                         0.200    -306.444     -61.289
 omega                        0.500      34.363      17.182
 fa_dun                       0.700    5585.591    3909.914
 p_aa_pp                      0.300     -77.468     -23.240
 yhh_planarity                0.625       0.000       0.000
 ref                          1.000     261.134     261.134
 rama_prepro                  0.450     786.808     354.064
---------------------------------------------------
 Total weighted score:                     2841.198
protocols.docking.DockingProtocol.metrics: unbound energy: 2841.2
protocols.docking.DockingProtocol.metrics: bound energy: 2841.2
protocols.docking.DockingProtocol.metrics: interaction energy: -2.72848e-12
protocols.docking.DockingProtocol.metrics: rb_jump: 1
protocols.docking.DockingProtocol.metrics: unbound pose: 
protocols.docking.DockingProtocol.metrics: 
------------------------------------------------------------
 Scores                       Weight   Raw Score Wghtd.Score
------------------------------------------------------------
 fa_atr                       1.000   -6814.833   -6814.833
 fa_rep                       0.550    3983.246    2190.785
 fa_sol                       1.000    4682.917    4682.917
 fa_intra_rep                 0.005    3194.729      15.974
 fa_intra_sol_xover4          1.000     246.907     246.907
 lk_ball_wtd                  1.000    -161.300    -161.300
 fa_elec                      1.000   -1499.849   -1499.849
 ch_bond_bb_bb                0.500      -8.411      -4.206
 pro_close                    1.250     140.227     175.284
 fa_cust_pair_dist            1.000       9.279       9.279
 hbond_sr_bb                  0.500    -592.797    -296.398
 hbond_lr_bb                  1.000     -10.047     -10.047
 hbond_bb_sc                  1.000     -54.883     -54.883
 hbond_sc                     1.000     -59.088     -59.088
 dslf_fa13                    1.250     -29.686     -37.108
 rama                         0.200    -306.444     -61.289
 omega                        0.500      34.363      17.182
 fa_dun                       0.700    5585.591    3909.914
 p_aa_pp                      0.300     -77.468     -23.240
 yhh_planarity                0.625       0.000       0.000
 ref                          1.000     261.134     261.134
 rama_prepro                  0.450     786.808     354.064
---------------------------------------------------
 Total weighted score:                     2841.198
protocols.docking.DockingProtocol.metrics: bound pose: 
protocols.docking.DockingProtocol.metrics: 
------------------------------------------------------------
 Scores                       Weight   Raw Score Wghtd.Score
------------------------------------------------------------
 fa_atr                       1.000   -6814.833   -6814.833
 fa_rep                       0.550    3983.246    2190.785
 fa_sol                       1.000    4682.917    4682.917
 fa_intra_rep                 0.005    3194.729      15.974
 fa_intra_sol_xover4          1.000     246.907     246.907
 lk_ball_wtd                  1.000    -161.300    -161.300
 fa_elec                      1.000   -1499.849   -1499.849
 ch_bond_bb_bb                0.500      -8.411      -4.206
 pro_close                    1.250     140.227     175.284
 fa_cust_pair_dist            1.000       9.279       9.279
 hbond_sr_bb                  0.500    -592.797    -296.398
 hbond_lr_bb                  1.000     -10.047     -10.047
 hbond_bb_sc                  1.000     -54.883     -54.883
 hbond_sc                     1.000     -59.088     -59.088
 dslf_fa13                    1.250     -29.686     -37.108
 rama                         0.200    -306.444     -61.289
 omega                        0.500      34.363      17.182
 fa_dun                       0.700    5585.591    3909.914
 p_aa_pp                      0.300     -77.468     -23.240
 yhh_planarity                0.625       0.000       0.000
 ref                          1.000     261.134     261.134
 rama_prepro                  0.450     786.808     354.064
---------------------------------------------------
 Total weighted score:                     2841.198
protocols.docking.DockingProtocol.metrics: unbound energy: 2841.2
protocols.docking.DockingProtocol.metrics: bound energy: 2841.2
protocols.docking.DockingProtocol.metrics: interaction energy: -2.72848e-12
protocols.docking.DockingProtocol.metrics: rb_jump: 1
protocols.jd2.JobDistributor: complex_0003 reported success in 10 seconds
protocols.jd2.PDBJobInputter: PDBJobInputter::pose_from_job
protocols.jd2.PDBJobInputter: filling pose from PDB input/complex.pdb
core.import_pose.import_pose: File 'input/complex.pdb' automatically determined to be of type PDB
core.io.pose_from_sfr.PoseFromSFRBuilder: Adding undetected upper terminus type to residue 1156, 1156 A
core.conformation.Conformation: [ WARNING ] missing heavyatom:  OXT on residue ALA:CtermProteinFull 1156
core.conformation.Conformation: Found disulfide between residues 49 58
core.conformation.Conformation: Found disulfide between residues 71 87
core.conformation.Conformation: Found disulfide between residues 86 97
core.conformation.Conformation: Found disulfide between residues 120 165
core.conformation.Conformation: Found disulfide between residues 164 173
core.conformation.Conformation: Found disulfide between residues 196 242
core.conformation.Conformation: Found disulfide between residues 241 249
core.conformation.Conformation: Found disulfide between residues 261 275
core.conformation.Conformation: Found disulfide between residues 274 285
core.conformation.Conformation: Found disulfide between residues 312 357
core.conformation.Conformation: Found disulfide between residues 356 365
core.conformation.Conformation: Found disulfide between residues 388 434
core.conformation.Conformation: Found disulfide between residues 433 444
core.conformation.Conformation: Found disulfide between residues 457 473
core.conformation.Conformation: Found disulfide between residues 472 483
core.conformation.Conformation: Found disulfide between residues 510 555
core.conformation.Conformation: Found disulfide between residues 554 563
core.conformation.Conformation: Found disulfide between residues 627 636
core.conformation.Conformation: Found disulfide between residues 649 665
core.conformation.Conformation: Found disulfide between residues 664 675
core.conformation.Conformation: Found disulfide between residues 698 743
core.conformation.Conformation: Found disulfide between residues 742 751
core.conformation.Conformation: Found disulfide between residues 774 820
core.conformation.Conformation: Found disulfide between residues 819 827
core.conformation.Conformation: Found disulfide between residues 839 853
core.conformation.Conformation: Found disulfide between residues 852 863
core.conformation.Conformation: Found disulfide between residues 890 935
core.conformation.Conformation: Found disulfide between residues 934 943
core.conformation.Conformation: Found disulfide between residues 966 1012
core.conformation.Conformation: Found disulfide between residues 1011 1022
core.conformation.Conformation: Found disulfide between residues 1035 1051
core.conformation.Conformation: Found disulfide between residues 1050 1061
core.conformation.Conformation: Found disulfide between residues 1088 1133
core.conformation.Conformation: Found disulfide between residues 1132 1141
protocols.docking.DockingProtocol: ////////////////////////////////////////////////////////////////////////////////
protocols.docking.DockingProtocol: ///                     Rosetta 3 Docking Protocol                           ///
protocols.docking.DockingProtocol: ///                                                                          ///
protocols.docking.DockingProtocol: /// Dockable Jumps: 1                                                        ///
protocols.docking.DockingProtocol: /// Low Resolution Docking Protocol:  off                                    ///
protocols.docking.DockingProtocol: /// High Resolution Docking Protocol:  on                                    ///
protocols.docking.DockingProtocol: /// Low Resolution Filter:  off                                              ///
protocols.docking.DockingProtocol: /// High Resolution Filter:  on                                              ///
protocols.docking.DockingProtocol: ////////////////////////////////////////////////////////////////////////////////
protocols.docking.DockMCMProtocol: in DockMCMProtocol.apply
protocols.docking.DockMCMProtocol: Using the DockingTaskFactory.
protocols.docking.DockMCMCycle: Setting up defaults for DockMCMCycle: 
protocols.docking.DockMCMCycle: ////////////////////////////////////////////////////////////////////////////////
protocols.docking.DockMCMCycle: /// Dockable Jumps: 1                                                        ///
protocols.docking.DockMCMCycle: /// Translation: 0.1                                                         ///
protocols.docking.DockMCMCycle: /// Rotation: 5                                                              ///
protocols.docking.DockMCMCycle: /// Scorefunction:                                                           ///
protocols.docking.DockMCMCycle: ScoreFunction::show():
weights: (fa_atr 1) (fa_rep 0.55) (fa_sol 1) (fa_intra_rep 0.005) (fa_intra_sol_xover4 1) (lk_ball_wtd 1) (fa_elec 1) (ch_bond_bb_bb 0.5) (pro_close 1.25) (fa_cust_pair_dist 1) (hbond_sr_bb 0.5) (hbond_lr_bb 1) (hbond_bb_sc 1) (hbond_sc 1) (dslf_fa13 1.25) (rama 0.2) (omega 0.5) (fa_dun 0.7) (p_aa_pp 0.3) (yhh_planarity 0.625) (ref 1) (rama_prepro 0.45)
energy_method_options: EnergyMethodOptions::show: aa_composition_setup_files: 
protocols.docking.DockMCMCycle: EnergyMethodOptions::show: mhc_epitope_setup_files: 
protocols.docking.DockMCMCycle: EnergyMethodOptions::show: netcharge_setup_files: 
protocols.docking.DockMCMCycle: EnergyMethodOptions::show: aspartimide_penalty_value: 25
protocols.docking.DockMCMCycle: EnergyMethodOptions::show: etable_type: FA_STANDARD_DEFAULT
analytic_etable_evaluation: 1
EnergyMethodOptions::show: method_weights: ref 1.32468 3.25479 -2.14574 -2.72453 1.21829 0.79816 -0.30065 2.30374 -0.71458 1.66147 1.65735 -1.34026 -1.64321 -1.45095 -0.09474 -0.28969 1.15175 2.64269 2.26099 0.58223
EnergyMethodOptions::show: method_weights: free_res
EnergyMethodOptions::show: unfolded_energies_type: UNFOLDED_SCORE12
protocols.docking.DockMCMCycle: EnergyMethodOptions::show: split_unfolded_label_type: SPLIT_UNFOLDED_MM
protocols.docking.DockMCMCycle: EnergyMethodOptions::show: split_unfolded_value_type: SPLIT_UNFOLDED_BOLTZ
protocols.docking.DockMCMCycle: EnergyMethodOptions::show: atom_vdw_atom_type_set_name: centroid
protocols.docking.DockMCMCycle: EnergyMethodOptions::show: covalent_labeling_input: 
protocols.docking.DockMCMCycle: EnergyMethodOptions::show: covalent_labeling_fa_input: 
protocols.docking.DockMCMCycle: EnergyMethodOptions::show: hrf_dynamics_input: 
protocols.docking.DockMCMCycle: EnergyMethodOptions::show: depc_ms_input: 
protocols.docking.DockMCMCycle: EnergyMethodOptions::show: exclude_protein_protein_fa_elec: false
protocols.docking.DockMCMCycle: EnergyMethodOptions::show: exclude_RNA_RNA_fa_elec: false
protocols.docking.DockMCMCycle: EnergyMethodOptions::show: exclude_RNA_protein_fa_elec: false
protocols.docking.DockMCMCycle: EnergyMethodOptions::show: exclude_monomer_fa_elec: false
protocols.docking.DockMCMCycle: EnergyMethodOptions::show: elec_max_dis: 5.5
protocols.docking.DockMCMCycle: EnergyMethodOptions::show: elec_min_dis: 1.6
protocols.docking.DockMCMCycle: EnergyMethodOptions::show: elec_die: 10
protocols.docking.DockMCMCycle: EnergyMethodOptions::show: elec_no_dis_dep_die: false
protocols.docking.DockMCMCycle: EnergyMethodOptions::show: elec_sigmoidal_die: true
protocols.docking.DockMCMCycle: EnergyMethodOptions::show: elec_sigmoidal_D: 80
protocols.docking.DockMCMCycle: EnergyMethodOptions::show: elec_sigmoidal_D0: 6
protocols.docking.DockMCMCycle: EnergyMethodOptions::show: elec_sigmoidal_S: 0.4
protocols.docking.DockMCMCycle: EnergyMethodOptions::show: smooth_fa_elec: true
protocols.docking.DockMCMCycle: EnergyMethodOptions::show: grpelec_fade_type: false
protocols.docking.DockMCMCycle: EnergyMethodOptions::show: grpelec_fade_param1: 1
protocols.docking.DockMCMCycle: EnergyMethodOptions::show: grpelec_fade_param2: 1
protocols.docking.DockMCMCycle: EnergyMethodOptions::show: grpelec_fade_hbond: 0
protocols.docking.DockMCMCycle: EnergyMethodOptions::show: grp_cpfxn: 1
protocols.docking.DockMCMCycle: EnergyMethodOptions::show: elec_group_file: /scoring/score_functions/elec_group_def.dat
protocols.docking.DockMCMCycle: EnergyMethodOptions::show: grpelec_context_dependent: 0
protocols.docking.DockMCMCycle: EnergyMethodOptions::show: use_polarization: true
protocols.docking.DockMCMCycle: EnergyMethodOptions::show: use_gen_kirkwood: true
protocols.docking.DockMCMCycle: EnergyMethodOptions::show: protein_dielectric: 1
protocols.docking.DockMCMCycle: EnergyMethodOptions::show: water_dielectric: 78.3
protocols.docking.DockMCMCycle: EnergyMethodOptions::show: exclude_DNA_DNA: false
protocols.docking.DockMCMCycle: EnergyMethodOptions::show: exclude_intra_res_protein: false
protocols.docking.DockMCMCycle: EnergyMethodOptions::show: count_pair_hybrid: false
protocols.docking.DockMCMCycle: EnergyMethodOptions::show: count_pair_full: false
protocols.docking.DockMCMCycle: EnergyMethodOptions::show: put_intra_into_total: false
protocols.docking.DockMCMCycle: EnergyMethodOptions::show: geom_sol_interres_path_distance_cutoff: false
protocols.docking.DockMCMCycle: EnergyMethodOptions::show: geom_sol_intrares_path_distance_cutoff: true
protocols.docking.DockMCMCycle: EnergyMethodOptions::show: eval_intrares_elec_ST_only: false
protocols.docking.DockMCMCycle: EnergyMethodOptions::show: envsmooth_zero_negatives: false
protocols.docking.DockMCMCycle: EnergyMethodOptions::show: cst_max_seq_sep: 18446744073709551615
protocols.docking.DockMCMCycle: EnergyMethodOptions::show: pb_bound_tag: bound
protocols.docking.DockMCMCycle: EnergyMethodOptions::show: pb_unbound_tag: unbound
protocols.docking.DockMCMCycle: EnergyMethodOptions::show: arg_cation_pi_his_can_be_pi: 1
protocols.docking.DockMCMCycle: EnergyMethodOptions::show: ordered_wat_penalty: 1.221
protocols.docking.DockMCMCycle: EnergyMethodOptions::show: ordered_pt_wat_penalty: 2.709
protocols.docking.DockMCMCycle: EnergyMethodOptions::show: nmer_ref_seq_length_: 9
protocols.docking.DockMCMCycle: EnergyMethodOptions::show: nmer_svm_term_length_: 3
protocols.docking.DockMCMCycle: EnergyMethodOptions::show: nmer_svm_pssm_feat_: 1
protocols.docking.DockMCMCycle: EnergyMethodOptions::show: nmer_svm_scorecut_defined_: 0
protocols.docking.DockMCMCycle: EnergyMethodOptions::show: nmer_svm_scorecut_: 0
protocols.docking.DockMCMCycle: EnergyMethodOptions::show: nmer_svm_avg_rank_as_energy_: 0
protocols.docking.DockMCMCycle: EnergyMethodOptions::show: nmer_svm_aa_matrix_defined_: 0
protocols.docking.DockMCMCycle: EnergyMethodOptions::show: nmer_svm_aa_matrix_: 
protocols.docking.DockMCMCycle: EnergyMethodOptions::show: nmer_svm_list_defined_: 0
protocols.docking.DockMCMCycle: EnergyMethodOptions::show: nmer_svm_list_: 
protocols.docking.DockMCMCycle: EnergyMethodOptions::show: nmer_svm_defined_: 0
protocols.docking.DockMCMCycle: EnergyMethodOptions::show: nmer_svm_: 
protocols.docking.DockMCMCycle: EnergyMethodOptions::show: nmer_svm_rank_list_defined_: 0
protocols.docking.DockMCMCycle: EnergyMethodOptions::show: nmer_svm_rank_list_: 
protocols.docking.DockMCMCycle: EnergyMethodOptions::show: nmer_svm_rank_defined_: 0
protocols.docking.DockMCMCycle: EnergyMethodOptions::show: nmer_svm_rank_: 
protocols.docking.DockMCMCycle: EnergyMethodOptions::show: voids_penalty_energy_containing_cones_cutoff_:6
protocols.docking.DockMCMCycle: EnergyMethodOptions::show: voids_penalty_energy_cone_distance_cutoff_: 8
protocols.docking.DockMCMCycle: EnergyMethodOptions::show: voids_penalty_energy_cone_dotproduct_cutoff_: 0.1
protocols.docking.DockMCMCycle: EnergyMethodOptions::show: voids_penalty_energy_voxel_grid_padding_: 1
protocols.docking.DockMCMCycle: EnergyMethodOptions::show: voids_penalty_energy_voxel_size_: 0.5
protocols.docking.DockMCMCycle: EnergyMethodOptions::show: voids_penalty_energy_disabled_except_during_packing_: TRUE
protocols.docking.DockMCMCycle: EnergyMethodOptions::show: hbnet_bonus_ramping_function_: "quadratic"
protocols.docking.DockMCMCycle: EnergyMethodOptions::show: hbnet_max_network_size_: 0
protocols.docking.DockMCMCycle: EnergyMethodOptions::show: approximate_buried_unsat_penalty_hbond_energy_threshold_: -0.25
protocols.docking.DockMCMCycle: EnergyMethodOptions::show: approximate_buried_unsat_penalty_burial_atomic_depth_: 4.5
protocols.docking.DockMCMCycle: EnergyMethodOptions::show: approximate_buried_unsat_penalty_burial_probe_radius_: 2.3
protocols.docking.DockMCMCycle: EnergyMethodOptions::show: approximate_buried_unsat_penalty_burial_resolution_: 0.5
protocols.docking.DockMCMCycle: EnergyMethodOptions::show: approximate_buried_unsat_penalty_oversat_penalty_: 1
protocols.docking.DockMCMCycle: EnergyMethodOptions::show: approximate_buried_unsat_penalty_assume_const_backbone_:1
protocols.docking.DockMCMCycle: EnergyMethodOptions::show: approximate_buried_unsat_penalty_natural_corrections1_:0
protocols.docking.DockMCMCycle: EnergyMethodOptions::show: approximate_buried_unsat_penalty_hbond_bonus_cross_chain_:0
protocols.docking.DockMCMCycle: EnergyMethodOptions::show: approximate_buried_unsat_penalty_hbond_bonus_ser_to_helix_bb_:0
protocols.docking.DockMCMCycle: EnergyMethodOptions::show: approximate_buried_unsat_penalty_lys_ok_with_1_:0
protocols.docking.DockMCMCycle: EnergyMethodOptions::show: target_clash_pdb_:
protocols.docking.DockMCMCycle: EnergyMethodOptions::show: dump_trajectory_prefix_: traj
protocols.docking.DockMCMCycle: EnergyMethodOptions::show: dump_trajectory_gz_: FALSE
protocols.docking.DockMCMCycle: EnergyMethodOptions::show: dump_trajectory_stride_: 1
protocols.docking.DockMCMCycle: EnergyMethodOptions::show: bond_angle_central_atoms_to_score:
protocols.docking.DockMCMCycle: EnergyMethodOptions::show: bond_angle_residue_type_param_set: none
protocols.docking.DockMCMCycle: HBondOptions::show: hb_max_energy: 0
protocols.docking.DockMCMCycle: HBondOptions::show: exclude_DNA_DNA: false
protocols.docking.DockMCMCycle: HBondOptions::show: exclude_intra_res_protein_: false
protocols.docking.DockMCMCycle: HBondOptions::show: exclude_intra_res_RNA_: false
protocols.docking.DockMCMCycle: HBondOptions::show: put_intra_into_total_: false
protocols.docking.DockMCMCycle: HBondOptions::show: exclude_self_hbonds: true
protocols.docking.DockMCMCycle: HBondOptions::show: use_hb_env_dep: false
protocols.docking.DockMCMCycle: HBondOptions::show: use_hb_env_dep_DNA: true
protocols.docking.DockMCMCycle: HBondOptions::show: smooth_hb_env_dep: true
protocols.docking.DockMCMCycle: HBondOptions::show: bb_donor_acceptor_check: true
protocols.docking.DockMCMCycle: HBondOptions::show: decompose_bb_hb_into_pair_energies: false
protocols.docking.DockMCMCycle: HBondOptions::show: params_database_tag_: ref2015_params
protocols.docking.DockMCMCycle: HBondOptions::show: use_sp2_chi_penalty_: true
protocols.docking.DockMCMCycle: HBondOptions::show: sp2_BAH180_rise_: 0.75
protocols.docking.DockMCMCycle: HBondOptions::show: sp2_outer_width_: 0.357
protocols.docking.DockMCMCycle: HBondOptions::show: measure_sp3acc_BAH_from_hvy_: true
protocols.docking.DockMCMCycle: HBondOptions::show: fade_energy_: 1
protocols.docking.DockMCMCycle: HBondOptions::show: exclude_ether_oxygens_: 0
protocols.docking.DockMCMCycle: HBondOptions::show: Mbhbond: false 
protocols.docking.DockMCMCycle: HbondOptions::show: mphbond: false
protocols.docking.DockMCMCycle: HBondOptions::show: hbond_energy_shift: 0
protocols.docking.DockMCMCycle: HBondOptions::show: water_hybrid_sf: false
protocols.docking.DockMCMCycle: RNA_EnergyMethodOptions::show: syn_G_potential_bonus: 0
protocols.docking.DockMCMCycle: RNA_EnergyMethodOptions::show: torsion_potential: ps_04282011
protocols.docking.DockMCMCycle: RNA_EnergyMethodOptions::show: suiteness_bonus: Richardson
protocols.docking.DockMCMCycle: RNA_EnergyMethodOptions::show: rna_base_pair_xy_filename: scoring/rna/rna_base_pair_xy.dat
protocols.docking.DockMCMCycle: FreeDOF_Options::show: free_suite_bonus: -1
protocols.docking.DockMCMCycle: FreeDOF_Options::show: free_2HOprime_bonus: -0.5
protocols.docking.DockMCMCycle: FreeDOF_Options::show: free_sugar_bonus: -1
protocols.docking.DockMCMCycle: FreeDOF_Options::show: pack_phosphate_penalty: 0.25
protocols.docking.DockMCMCycle: FreeDOF_Options::show: free_side_chain_bonus: -0.5
protocols.docking.DockMCMCycle: 
protocols.docking.DockMCMCycle: 
protocols.docking.DockMCMCycle: /// Packing scorefunction:                                                   ///
protocols.docking.DockMCMCycle: ScoreFunction::show():
weights: (fa_atr 1) (fa_rep 0.55) (fa_sol 1) (fa_intra_rep 0.005) (fa_intra_sol_xover4 1) (lk_ball_wtd 1) (fa_elec 1) (ch_bond_bb_bb 0.5) (pro_close 1.25) (fa_cust_pair_dist 1) (hbond_sr_bb 0.5) (hbond_lr_bb 1) (hbond_bb_sc 1) (hbond_sc 1) (dslf_fa13 1.25) (rama 0.2) (omega 0.5) (fa_dun 0.7) (p_aa_pp 0.3) (yhh_planarity 0.625) (ref 1) (rama_prepro 0.45)
energy_method_options: EnergyMethodOptions::show: aa_composition_setup_files: 
protocols.docking.DockMCMCycle: EnergyMethodOptions::show: mhc_epitope_setup_files: 
protocols.docking.DockMCMCycle: EnergyMethodOptions::show: netcharge_setup_files: 
protocols.docking.DockMCMCycle: EnergyMethodOptions::show: aspartimide_penalty_value: 25
protocols.docking.DockMCMCycle: EnergyMethodOptions::show: etable_type: FA_STANDARD_DEFAULT
analytic_etable_evaluation: 1
EnergyMethodOptions::show: method_weights: ref 1.32468 3.25479 -2.14574 -2.72453 1.21829 0.79816 -0.30065 2.30374 -0.71458 1.66147 1.65735 -1.34026 -1.64321 -1.45095 -0.09474 -0.28969 1.15175 2.64269 2.26099 0.58223
EnergyMethodOptions::show: method_weights: free_res
EnergyMethodOptions::show: unfolded_energies_type: UNFOLDED_SCORE12
protocols.docking.DockMCMCycle: EnergyMethodOptions::show: split_unfolded_label_type: SPLIT_UNFOLDED_MM
protocols.docking.DockMCMCycle: EnergyMethodOptions::show: split_unfolded_value_type: SPLIT_UNFOLDED_BOLTZ
protocols.docking.DockMCMCycle: EnergyMethodOptions::show: atom_vdw_atom_type_set_name: centroid
protocols.docking.DockMCMCycle: EnergyMethodOptions::show: covalent_labeling_input: 
protocols.docking.DockMCMCycle: EnergyMethodOptions::show: covalent_labeling_fa_input: 
protocols.docking.DockMCMCycle: EnergyMethodOptions::show: hrf_dynamics_input: 
protocols.docking.DockMCMCycle: EnergyMethodOptions::show: depc_ms_input: 
protocols.docking.DockMCMCycle: EnergyMethodOptions::show: exclude_protein_protein_fa_elec: false
protocols.docking.DockMCMCycle: EnergyMethodOptions::show: exclude_RNA_RNA_fa_elec: false
protocols.docking.DockMCMCycle: EnergyMethodOptions::show: exclude_RNA_protein_fa_elec: false
protocols.docking.DockMCMCycle: EnergyMethodOptions::show: exclude_monomer_fa_elec: false
protocols.docking.DockMCMCycle: EnergyMethodOptions::show: elec_max_dis: 5.5
protocols.docking.DockMCMCycle: EnergyMethodOptions::show: elec_min_dis: 1.6
protocols.docking.DockMCMCycle: EnergyMethodOptions::show: elec_die: 10
protocols.docking.DockMCMCycle: EnergyMethodOptions::show: elec_no_dis_dep_die: false
protocols.docking.DockMCMCycle: EnergyMethodOptions::show: elec_sigmoidal_die: true
protocols.docking.DockMCMCycle: EnergyMethodOptions::show: elec_sigmoidal_D: 80
protocols.docking.DockMCMCycle: EnergyMethodOptions::show: elec_sigmoidal_D0: 6
protocols.docking.DockMCMCycle: EnergyMethodOptions::show: elec_sigmoidal_S: 0.4
protocols.docking.DockMCMCycle: EnergyMethodOptions::show: smooth_fa_elec: true
protocols.docking.DockMCMCycle: EnergyMethodOptions::show: grpelec_fade_type: false
protocols.docking.DockMCMCycle: EnergyMethodOptions::show: grpelec_fade_param1: 1
protocols.docking.DockMCMCycle: EnergyMethodOptions::show: grpelec_fade_param2: 1
protocols.docking.DockMCMCycle: EnergyMethodOptions::show: grpelec_fade_hbond: 0
protocols.docking.DockMCMCycle: EnergyMethodOptions::show: grp_cpfxn: 1
protocols.docking.DockMCMCycle: EnergyMethodOptions::show: elec_group_file: /scoring/score_functions/elec_group_def.dat
protocols.docking.DockMCMCycle: EnergyMethodOptions::show: grpelec_context_dependent: 0
protocols.docking.DockMCMCycle: EnergyMethodOptions::show: use_polarization: true
protocols.docking.DockMCMCycle: EnergyMethodOptions::show: use_gen_kirkwood: true
protocols.docking.DockMCMCycle: EnergyMethodOptions::show: protein_dielectric: 1
protocols.docking.DockMCMCycle: EnergyMethodOptions::show: water_dielectric: 78.3
protocols.docking.DockMCMCycle: EnergyMethodOptions::show: exclude_DNA_DNA: false
protocols.docking.DockMCMCycle: EnergyMethodOptions::show: exclude_intra_res_protein: false
protocols.docking.DockMCMCycle: EnergyMethodOptions::show: count_pair_hybrid: false
protocols.docking.DockMCMCycle: EnergyMethodOptions::show: count_pair_full: false
protocols.docking.DockMCMCycle: EnergyMethodOptions::show: put_intra_into_total: false
protocols.docking.DockMCMCycle: EnergyMethodOptions::show: geom_sol_interres_path_distance_cutoff: false
protocols.docking.DockMCMCycle: EnergyMethodOptions::show: geom_sol_intrares_path_distance_cutoff: true
protocols.docking.DockMCMCycle: EnergyMethodOptions::show: eval_intrares_elec_ST_only: false
protocols.docking.DockMCMCycle: EnergyMethodOptions::show: envsmooth_zero_negatives: false
protocols.docking.DockMCMCycle: EnergyMethodOptions::show: cst_max_seq_sep: 18446744073709551615
protocols.docking.DockMCMCycle: EnergyMethodOptions::show: pb_bound_tag: bound
protocols.docking.DockMCMCycle: EnergyMethodOptions::show: pb_unbound_tag: unbound
protocols.docking.DockMCMCycle: EnergyMethodOptions::show: arg_cation_pi_his_can_be_pi: 1
protocols.docking.DockMCMCycle: EnergyMethodOptions::show: ordered_wat_penalty: 1.221
protocols.docking.DockMCMCycle: EnergyMethodOptions::show: ordered_pt_wat_penalty: 2.709
protocols.docking.DockMCMCycle: EnergyMethodOptions::show: nmer_ref_seq_length_: 9
protocols.docking.DockMCMCycle: EnergyMethodOptions::show: nmer_svm_term_length_: 3
protocols.docking.DockMCMCycle: EnergyMethodOptions::show: nmer_svm_pssm_feat_: 1
protocols.docking.DockMCMCycle: EnergyMethodOptions::show: nmer_svm_scorecut_defined_: 0
protocols.docking.DockMCMCycle: EnergyMethodOptions::show: nmer_svm_scorecut_: 0
protocols.docking.DockMCMCycle: EnergyMethodOptions::show: nmer_svm_avg_rank_as_energy_: 0
protocols.docking.DockMCMCycle: EnergyMethodOptions::show: nmer_svm_aa_matrix_defined_: 0
protocols.docking.DockMCMCycle: EnergyMethodOptions::show: nmer_svm_aa_matrix_: 
protocols.docking.DockMCMCycle: EnergyMethodOptions::show: nmer_svm_list_defined_: 0
protocols.docking.DockMCMCycle: EnergyMethodOptions::show: nmer_svm_list_: 
protocols.docking.DockMCMCycle: EnergyMethodOptions::show: nmer_svm_defined_: 0
protocols.docking.DockMCMCycle: EnergyMethodOptions::show: nmer_svm_: 
protocols.docking.DockMCMCycle: EnergyMethodOptions::show: nmer_svm_rank_list_defined_: 0
protocols.docking.DockMCMCycle: EnergyMethodOptions::show: nmer_svm_rank_list_: 
protocols.docking.DockMCMCycle: EnergyMethodOptions::show: nmer_svm_rank_defined_: 0
protocols.docking.DockMCMCycle: EnergyMethodOptions::show: nmer_svm_rank_: 
protocols.docking.DockMCMCycle: EnergyMethodOptions::show: voids_penalty_energy_containing_cones_cutoff_:6
protocols.docking.DockMCMCycle: EnergyMethodOptions::show: voids_penalty_energy_cone_distance_cutoff_: 8
protocols.docking.DockMCMCycle: EnergyMethodOptions::show: voids_penalty_energy_cone_dotproduct_cutoff_: 0.1
protocols.docking.DockMCMCycle: EnergyMethodOptions::show: voids_penalty_energy_voxel_grid_padding_: 1
protocols.docking.DockMCMCycle: EnergyMethodOptions::show: voids_penalty_energy_voxel_size_: 0.5
protocols.docking.DockMCMCycle: EnergyMethodOptions::show: voids_penalty_energy_disabled_except_during_packing_: TRUE
protocols.docking.DockMCMCycle: EnergyMethodOptions::show: hbnet_bonus_ramping_function_: "quadratic"
protocols.docking.DockMCMCycle: EnergyMethodOptions::show: hbnet_max_network_size_: 0
protocols.docking.DockMCMCycle: EnergyMethodOptions::show: approximate_buried_unsat_penalty_hbond_energy_threshold_: -0.25
protocols.docking.DockMCMCycle: EnergyMethodOptions::show: approximate_buried_unsat_penalty_burial_atomic_depth_: 4.5
protocols.docking.DockMCMCycle: EnergyMethodOptions::show: approximate_buried_unsat_penalty_burial_probe_radius_: 2.3
protocols.docking.DockMCMCycle: EnergyMethodOptions::show: approximate_buried_unsat_penalty_burial_resolution_: 0.5
protocols.docking.DockMCMCycle: EnergyMethodOptions::show: approximate_buried_unsat_penalty_oversat_penalty_: 1
protocols.docking.DockMCMCycle: EnergyMethodOptions::show: approximate_buried_unsat_penalty_assume_const_backbone_:1
protocols.docking.DockMCMCycle: EnergyMethodOptions::show: approximate_buried_unsat_penalty_natural_corrections1_:0
protocols.docking.DockMCMCycle: EnergyMethodOptions::show: approximate_buried_unsat_penalty_hbond_bonus_cross_chain_:0
protocols.docking.DockMCMCycle: EnergyMethodOptions::show: approximate_buried_unsat_penalty_hbond_bonus_ser_to_helix_bb_:0
protocols.docking.DockMCMCycle: EnergyMethodOptions::show: approximate_buried_unsat_penalty_lys_ok_with_1_:0
protocols.docking.DockMCMCycle: EnergyMethodOptions::show: target_clash_pdb_:
protocols.docking.DockMCMCycle: EnergyMethodOptions::show: dump_trajectory_prefix_: traj
protocols.docking.DockMCMCycle: EnergyMethodOptions::show: dump_trajectory_gz_: FALSE
protocols.docking.DockMCMCycle: EnergyMethodOptions::show: dump_trajectory_stride_: 1
protocols.docking.DockMCMCycle: EnergyMethodOptions::show: bond_angle_central_atoms_to_score:
protocols.docking.DockMCMCycle: EnergyMethodOptions::show: bond_angle_residue_type_param_set: none
protocols.docking.DockMCMCycle: HBondOptions::show: hb_max_energy: 0
protocols.docking.DockMCMCycle: HBondOptions::show: exclude_DNA_DNA: false
protocols.docking.DockMCMCycle: HBondOptions::show: exclude_intra_res_protein_: false
protocols.docking.DockMCMCycle: HBondOptions::show: exclude_intra_res_RNA_: false
protocols.docking.DockMCMCycle: HBondOptions::show: put_intra_into_total_: false
protocols.docking.DockMCMCycle: HBondOptions::show: exclude_self_hbonds: true
protocols.docking.DockMCMCycle: HBondOptions::show: use_hb_env_dep: false
protocols.docking.DockMCMCycle: HBondOptions::show: use_hb_env_dep_DNA: true
protocols.docking.DockMCMCycle: HBondOptions::show: smooth_hb_env_dep: true
protocols.docking.DockMCMCycle: HBondOptions::show: bb_donor_acceptor_check: true
protocols.docking.DockMCMCycle: HBondOptions::show: decompose_bb_hb_into_pair_energies: false
protocols.docking.DockMCMCycle: HBondOptions::show: params_database_tag_: ref2015_params
protocols.docking.DockMCMCycle: HBondOptions::show: use_sp2_chi_penalty_: true
protocols.docking.DockMCMCycle: HBondOptions::show: sp2_BAH180_rise_: 0.75
protocols.docking.DockMCMCycle: HBondOptions::show: sp2_outer_width_: 0.357
protocols.docking.DockMCMCycle: HBondOptions::show: measure_sp3acc_BAH_from_hvy_: true
protocols.docking.DockMCMCycle: HBondOptions::show: fade_energy_: 1
protocols.docking.DockMCMCycle: HBondOptions::show: exclude_ether_oxygens_: 0
protocols.docking.DockMCMCycle: HBondOptions::show: Mbhbond: false 
protocols.docking.DockMCMCycle: HbondOptions::show: mphbond: false
protocols.docking.DockMCMCycle: HBondOptions::show: hbond_energy_shift: 0
protocols.docking.DockMCMCycle: HBondOptions::show: water_hybrid_sf: false
protocols.docking.DockMCMCycle: RNA_EnergyMethodOptions::show: syn_G_potential_bonus: 0
protocols.docking.DockMCMCycle: RNA_EnergyMethodOptions::show: torsion_potential: ps_04282011
protocols.docking.DockMCMCycle: RNA_EnergyMethodOptions::show: suiteness_bonus: Richardson
protocols.docking.DockMCMCycle: RNA_EnergyMethodOptions::show: rna_base_pair_xy_filename: scoring/rna/rna_base_pair_xy.dat
protocols.docking.DockMCMCycle: FreeDOF_Options::show: free_suite_bonus: -1
protocols.docking.DockMCMCycle: FreeDOF_Options::show: free_2HOprime_bonus: -0.5
protocols.docking.DockMCMCycle: FreeDOF_Options::show: free_sugar_bonus: -1
protocols.docking.DockMCMCycle: FreeDOF_Options::show: pack_phosphate_penalty: 0.25
protocols.docking.DockMCMCycle: FreeDOF_Options::show: free_side_chain_bonus: -0.5
protocols.docking.DockMCMCycle: 
protocols.docking.DockMCMCycle: 
protocols.docking.DockMCMCycle: ////////////////////////////////////////////////////////////////////////////////
core.pack.task: Packer task: initialize from command line() 
core.pack.pack_rotamers: built 0 rotamers at 0 positions.
core.pack.interaction_graph.interaction_graph_factory: Instantiating DensePDInteractionGraph
basic.thread_manager.RosettaThreadManager: [ WARNING ] A work vector of size zero was passed to the RosettaThreadManager!  Duly returning without doing anything.
protocols.geometry.RB_geometry: [ WARNING ] centroids_by_jump_int called but no interface detected!!
protocols.geometry.RB_geometry: [ WARNING ] calling centroids_by_jump...
core.pack.task: Packer task: initialize from command line() 
protocols.geometry.RB_geometry: [ WARNING ] centroids_by_jump_int called but no interface detected!!
protocols.geometry.RB_geometry: [ WARNING ] calling centroids_by_jump...
core.pack.task: Packer task: initialize from command line() 
protocols.geometry.RB_geometry: [ WARNING ] centroids_by_jump_int called but no interface detected!!
protocols.geometry.RB_geometry: [ WARNING ] calling centroids_by_jump...
core.pack.task: Packer task: initialize from command line() 
protocols.geometry.RB_geometry: [ WARNING ] centroids_by_jump_int called but no interface detected!!
protocols.geometry.RB_geometry: [ WARNING ] calling centroids_by_jump...
core.pack.task: Packer task: initialize from command line() 
protocols.geometry.RB_geometry: [ WARNING ] centroids_by_jump_int called but no interface detected!!
protocols.geometry.RB_geometry: [ WARNING ] calling centroids_by_jump...
core.pack.task: Packer task: initialize from command line() 
protocols.geometry.RB_geometry: [ WARNING ] centroids_by_jump_int called but no interface detected!!
protocols.geometry.RB_geometry: [ WARNING ] calling centroids_by_jump...
core.pack.task: Packer task: initialize from command line() 
protocols.geometry.RB_geometry: [ WARNING ] centroids_by_jump_int called but no interface detected!!
protocols.geometry.RB_geometry: [ WARNING ] calling centroids_by_jump...
core.pack.task: Packer task: initialize from command line() 
protocols.geometry.RB_geometry: [ WARNING ] centroids_by_jump_int called but no interface detected!!
protocols.geometry.RB_geometry: [ WARNING ] calling centroids_by_jump...
core.pack.task: Packer task: initialize from command line() 
protocols.geometry.RB_geometry: [ WARNING ] centroids_by_jump_int called but no interface detected!!
protocols.geometry.RB_geometry: [ WARNING ] calling centroids_by_jump...
core.pack.task: Packer task: initialize from command line() 
protocols.geometry.RB_geometry: [ WARNING ] centroids_by_jump_int called but no interface detected!!
protocols.geometry.RB_geometry: [ WARNING ] calling centroids_by_jump...
core.pack.task: Packer task: initialize from command line() 
protocols.geometry.RB_geometry: [ WARNING ] centroids_by_jump_int called but no interface detected!!
protocols.geometry.RB_geometry: [ WARNING ] calling centroids_by_jump...
core.pack.task: Packer task: initialize from command line() 
protocols.geometry.RB_geometry: [ WARNING ] centroids_by_jump_int called but no interface detected!!
protocols.geometry.RB_geometry: [ WARNING ] calling centroids_by_jump...
core.pack.task: Packer task: initialize from command line() 
core.pack.task: Packer task: initialize from command line() 
core.pack.pack_rotamers: built 0 rotamers at 0 positions.
core.pack.interaction_graph.interaction_graph_factory: Instantiating DensePDInteractionGraph
basic.thread_manager.RosettaThreadManager: [ WARNING ] A work vector of size zero was passed to the RosettaThreadManager!  Duly returning without doing anything.
protocols.geometry.RB_geometry: [ WARNING ] centroids_by_jump_int called but no interface detected!!
protocols.geometry.RB_geometry: [ WARNING ] calling centroids_by_jump...
core.pack.task: Packer task: initialize from command line() 
protocols.geometry.RB_geometry: [ WARNING ] centroids_by_jump_int called but no interface detected!!
protocols.geometry.RB_geometry: [ WARNING ] calling centroids_by_jump...
core.pack.task: Packer task: initialize from command line() 
protocols.geometry.RB_geometry: [ WARNING ] centroids_by_jump_int called but no interface detected!!
protocols.geometry.RB_geometry: [ WARNING ] calling centroids_by_jump...
core.pack.task: Packer task: initialize from command line() 
protocols.geometry.RB_geometry: [ WARNING ] centroids_by_jump_int called but no interface detected!!
protocols.geometry.RB_geometry: [ WARNING ] calling centroids_by_jump...
core.pack.task: Packer task: initialize from command line() 
protocols.geometry.RB_geometry: [ WARNING ] centroids_by_jump_int called but no interface detected!!
protocols.geometry.RB_geometry: [ WARNING ] calling centroids_by_jump...
core.pack.task: Packer task: initialize from command line() 
protocols.geometry.RB_geometry: [ WARNING ] centroids_by_jump_int called but no interface detected!!
protocols.geometry.RB_geometry: [ WARNING ] calling centroids_by_jump...
core.pack.task: Packer task: initialize from command line() 
protocols.geometry.RB_geometry: [ WARNING ] centroids_by_jump_int called but no interface detected!!
protocols.geometry.RB_geometry: [ WARNING ] calling centroids_by_jump...
core.pack.task: Packer task: initialize from command line() 
protocols.geometry.RB_geometry: [ WARNING ] centroids_by_jump_int called but no interface detected!!
protocols.geometry.RB_geometry: [ WARNING ] calling centroids_by_jump...
core.pack.task: Packer task: initialize from command line() 
core.pack.task: Packer task: initialize from command line() 
core.pack.pack_rotamers: built 0 rotamers at 0 positions.
core.pack.interaction_graph.interaction_graph_factory: Instantiating DensePDInteractionGraph
basic.thread_manager.RosettaThreadManager: [ WARNING ] A work vector of size zero was passed to the RosettaThreadManager!  Duly returning without doing anything.
protocols.geometry.RB_geometry: [ WARNING ] centroids_by_jump_int called but no interface detected!!
protocols.geometry.RB_geometry: [ WARNING ] calling centroids_by_jump...
core.pack.task: Packer task: initialize from command line() 
protocols.geometry.RB_geometry: [ WARNING ] centroids_by_jump_int called but no interface detected!!
protocols.geometry.RB_geometry: [ WARNING ] calling centroids_by_jump...
core.pack.task: Packer task: initialize from command line() 
protocols.geometry.RB_geometry: [ WARNING ] centroids_by_jump_int called but no interface detected!!
protocols.geometry.RB_geometry: [ WARNING ] calling centroids_by_jump...
core.pack.task: Packer task: initialize from command line() 
protocols.geometry.RB_geometry: [ WARNING ] centroids_by_jump_int called but no interface detected!!
protocols.geometry.RB_geometry: [ WARNING ] calling centroids_by_jump...
core.pack.task: Packer task: initialize from command line() 
protocols.geometry.RB_geometry: [ WARNING ] centroids_by_jump_int called but no interface detected!!
protocols.geometry.RB_geometry: [ WARNING ] calling centroids_by_jump...
core.pack.task: Packer task: initialize from command line() 
protocols.geometry.RB_geometry: [ WARNING ] centroids_by_jump_int called but no interface detected!!
protocols.geometry.RB_geometry: [ WARNING ] calling centroids_by_jump...
core.pack.task: Packer task: initialize from command line() 
protocols.geometry.RB_geometry: [ WARNING ] centroids_by_jump_int called but no interface detected!!
protocols.geometry.RB_geometry: [ WARNING ] calling centroids_by_jump...
core.pack.task: Packer task: initialize from command line() 
protocols.geometry.RB_geometry: [ WARNING ] centroids_by_jump_int called but no interface detected!!
protocols.geometry.RB_geometry: [ WARNING ] calling centroids_by_jump...
core.pack.task: Packer task: initialize from command line() 
core.pack.task: Packer task: initialize from command line() 
core.pack.pack_rotamers: built 0 rotamers at 0 positions.
core.pack.interaction_graph.interaction_graph_factory: Instantiating DensePDInteractionGraph
basic.thread_manager.RosettaThreadManager: [ WARNING ] A work vector of size zero was passed to the RosettaThreadManager!  Duly returning without doing anything.
protocols.geometry.RB_geometry: [ WARNING ] centroids_by_jump_int called but no interface detected!!
protocols.geometry.RB_geometry: [ WARNING ] calling centroids_by_jump...
core.pack.task: Packer task: initialize from command line() 
protocols.geometry.RB_geometry: [ WARNING ] centroids_by_jump_int called but no interface detected!!
protocols.geometry.RB_geometry: [ WARNING ] calling centroids_by_jump...
core.pack.task: Packer task: initialize from command line() 
protocols.geometry.RB_geometry: [ WARNING ] centroids_by_jump_int called but no interface detected!!
protocols.geometry.RB_geometry: [ WARNING ] calling centroids_by_jump...
core.pack.task: Packer task: initialize from command line() 
protocols.geometry.RB_geometry: [ WARNING ] centroids_by_jump_int called but no interface detected!!
protocols.geometry.RB_geometry: [ WARNING ] calling centroids_by_jump...
core.pack.task: Packer task: initialize from command line() 
protocols.geometry.RB_geometry: [ WARNING ] centroids_by_jump_int called but no interface detected!!
protocols.geometry.RB_geometry: [ WARNING ] calling centroids_by_jump...
core.pack.task: Packer task: initialize from command line() 
protocols.geometry.RB_geometry: [ WARNING ] centroids_by_jump_int called but no interface detected!!
protocols.geometry.RB_geometry: [ WARNING ] calling centroids_by_jump...
core.pack.task: Packer task: initialize from command line() 
protocols.geometry.RB_geometry: [ WARNING ] centroids_by_jump_int called but no interface detected!!
protocols.geometry.RB_geometry: [ WARNING ] calling centroids_by_jump...
core.pack.task: Packer task: initialize from command line() 
protocols.geometry.RB_geometry: [ WARNING ] centroids_by_jump_int called but no interface detected!!
protocols.geometry.RB_geometry: [ WARNING ] calling centroids_by_jump...
core.pack.task: Packer task: initialize from command line() 
core.pack.task: Packer task: initialize from command line() 
core.pack.pack_rotamers: built 0 rotamers at 0 positions.
core.pack.interaction_graph.interaction_graph_factory: Instantiating DensePDInteractionGraph
basic.thread_manager.RosettaThreadManager: [ WARNING ] A work vector of size zero was passed to the RosettaThreadManager!  Duly returning without doing anything.
protocols.geometry.RB_geometry: [ WARNING ] centroids_by_jump_int called but no interface detected!!
protocols.geometry.RB_geometry: [ WARNING ] calling centroids_by_jump...
core.pack.task: Packer task: initialize from command line() 
protocols.geometry.RB_geometry: [ WARNING ] centroids_by_jump_int called but no interface detected!!
protocols.geometry.RB_geometry: [ WARNING ] calling centroids_by_jump...
core.pack.task: Packer task: initialize from command line() 
protocols.geometry.RB_geometry: [ WARNING ] centroids_by_jump_int called but no interface detected!!
protocols.geometry.RB_geometry: [ WARNING ] calling centroids_by_jump...
core.pack.task: Packer task: initialize from command line() 
protocols.geometry.RB_geometry: [ WARNING ] centroids_by_jump_int called but no interface detected!!
protocols.geometry.RB_geometry: [ WARNING ] calling centroids_by_jump...
core.pack.task: Packer task: initialize from command line() 
protocols.geometry.RB_geometry: [ WARNING ] centroids_by_jump_int called but no interface detected!!
protocols.geometry.RB_geometry: [ WARNING ] calling centroids_by_jump...
core.pack.task: Packer task: initialize from command line() 
protocols.geometry.RB_geometry: [ WARNING ] centroids_by_jump_int called but no interface detected!!
protocols.geometry.RB_geometry: [ WARNING ] calling centroids_by_jump...
core.pack.task: Packer task: initialize from command line() 
protocols.geometry.RB_geometry: [ WARNING ] centroids_by_jump_int called but no interface detected!!
protocols.geometry.RB_geometry: [ WARNING ] calling centroids_by_jump...
core.pack.task: Packer task: initialize from command line() 
protocols.geometry.RB_geometry: [ WARNING ] centroids_by_jump_int called but no interface detected!!
protocols.geometry.RB_geometry: [ WARNING ] calling centroids_by_jump...
core.pack.task: Packer task: initialize from command line() 
core.pack.task: Packer task: initialize from command line() 
core.pack.pack_rotamers: built 0 rotamers at 0 positions.
core.pack.interaction_graph.interaction_graph_factory: Instantiating DensePDInteractionGraph
basic.thread_manager.RosettaThreadManager: [ WARNING ] A work vector of size zero was passed to the RosettaThreadManager!  Duly returning without doing anything.
protocols.geometry.RB_geometry: [ WARNING ] centroids_by_jump_int called but no interface detected!!
protocols.geometry.RB_geometry: [ WARNING ] calling centroids_by_jump...
core.pack.task: Packer task: initialize from command line() 
protocols.geometry.RB_geometry: [ WARNING ] centroids_by_jump_int called but no interface detected!!
protocols.geometry.RB_geometry: [ WARNING ] calling centroids_by_jump...
core.pack.task: Packer task: initialize from command line() 
protocols.geometry.RB_geometry: [ WARNING ] centroids_by_jump_int called but no interface detected!!
protocols.geometry.RB_geometry: [ WARNING ] calling centroids_by_jump...
core.pack.task: Packer task: initialize from command line() 
protocols.geometry.RB_geometry: [ WARNING ] centroids_by_jump_int called but no interface detected!!
protocols.geometry.RB_geometry: [ WARNING ] calling centroids_by_jump...
core.pack.task: Packer task: initialize from command line() 
protocols.geometry.RB_geometry: [ WARNING ] centroids_by_jump_int called but no interface detected!!
protocols.geometry.RB_geometry: [ WARNING ] calling centroids_by_jump...
core.pack.task: Packer task: initialize from command line() 
protocols.docking.DockingProtocol.metrics: unbound pose: 
protocols.docking.DockingProtocol.metrics: 
------------------------------------------------------------
 Scores                       Weight   Raw Score Wghtd.Score
------------------------------------------------------------
 fa_atr                       1.000   -6814.833   -6814.833
 fa_rep                       0.550    3983.246    2190.785
 fa_sol                       1.000    4682.917    4682.917
 fa_intra_rep                 0.005    3194.729      15.974
 fa_intra_sol_xover4          1.000     246.907     246.907
 lk_ball_wtd                  1.000    -161.300    -161.300
 fa_elec                      1.000   -1499.849   -1499.849
 ch_bond_bb_bb                0.500      -8.411      -4.206
 pro_close                    1.250     140.227     175.284
 fa_cust_pair_dist            1.000       9.279       9.279
 hbond_sr_bb                  0.500    -592.797    -296.398
 hbond_lr_bb                  1.000     -10.047     -10.047
 hbond_bb_sc                  1.000     -54.883     -54.883
 hbond_sc                     1.000     -59.088     -59.088
 dslf_fa13                    1.250     -29.686     -37.108
 rama                         0.200    -306.444     -61.289
 omega                        0.500      34.363      17.182
 fa_dun                       0.700    5585.591    3909.914
 p_aa_pp                      0.300     -77.468     -23.240
 yhh_planarity                0.625       0.000       0.000
 ref                          1.000     261.134     261.134
 rama_prepro                  0.450     786.808     354.064
---------------------------------------------------
 Total weighted score:                     2841.198
protocols.docking.DockingProtocol.metrics: bound pose: 
protocols.docking.DockingProtocol.metrics: 
------------------------------------------------------------
 Scores                       Weight   Raw Score Wghtd.Score
------------------------------------------------------------
 fa_atr                       1.000   -6814.833   -6814.833
 fa_rep                       0.550    3983.246    2190.785
 fa_sol                       1.000    4682.917    4682.917
 fa_intra_rep                 0.005    3194.729      15.974
 fa_intra_sol_xover4          1.000     246.907     246.907
 lk_ball_wtd                  1.000    -161.300    -161.300
 fa_elec                      1.000   -1499.849   -1499.849
 ch_bond_bb_bb                0.500      -8.411      -4.206
 pro_close                    1.250     140.227     175.284
 fa_cust_pair_dist            1.000       9.279       9.279
 hbond_sr_bb                  0.500    -592.797    -296.398
 hbond_lr_bb                  1.000     -10.047     -10.047
 hbond_bb_sc                  1.000     -54.883     -54.883
 hbond_sc                     1.000     -59.088     -59.088
 dslf_fa13                    1.250     -29.686     -37.108
 rama                         0.200    -306.444     -61.289
 omega                        0.500      34.363      17.182
 fa_dun                       0.700    5585.591    3909.914
 p_aa_pp                      0.300     -77.468     -23.240
 yhh_planarity                0.625       0.000       0.000
 ref                          1.000     261.134     261.134
 rama_prepro                  0.450     786.808     354.064
---------------------------------------------------
 Total weighted score:                     2841.198
protocols.docking.DockingProtocol.metrics: unbound energy: 2841.2
protocols.docking.DockingProtocol.metrics: bound energy: 2841.2
protocols.docking.DockingProtocol.metrics: interaction energy: -2.72848e-12
protocols.docking.DockingProtocol.metrics: rb_jump: 1
protocols.docking.DockingProtocol.metrics: unbound pose: 
protocols.docking.DockingProtocol.metrics: 
------------------------------------------------------------
 Scores                       Weight   Raw Score Wghtd.Score
------------------------------------------------------------
 fa_atr                       1.000   -6814.833   -6814.833
 fa_rep                       0.550    3983.246    2190.785
 fa_sol                       1.000    4682.917    4682.917
 fa_intra_rep                 0.005    3194.729      15.974
 fa_intra_sol_xover4          1.000     246.907     246.907
 lk_ball_wtd                  1.000    -161.300    -161.300
 fa_elec                      1.000   -1499.849   -1499.849
 ch_bond_bb_bb                0.500      -8.411      -4.206
 pro_close                    1.250     140.227     175.284
 fa_cust_pair_dist            1.000       9.279       9.279
 hbond_sr_bb                  0.500    -592.797    -296.398
 hbond_lr_bb                  1.000     -10.047     -10.047
 hbond_bb_sc                  1.000     -54.883     -54.883
 hbond_sc                     1.000     -59.088     -59.088
 dslf_fa13                    1.250     -29.686     -37.108
 rama                         0.200    -306.444     -61.289
 omega                        0.500      34.363      17.182
 fa_dun                       0.700    5585.591    3909.914
 p_aa_pp                      0.300     -77.468     -23.240
 yhh_planarity                0.625       0.000       0.000
 ref                          1.000     261.134     261.134
 rama_prepro                  0.450     786.808     354.064
---------------------------------------------------
 Total weighted score:                     2841.198
protocols.docking.DockingProtocol.metrics: bound pose: 
protocols.docking.DockingProtocol.metrics: 
------------------------------------------------------------
 Scores                       Weight   Raw Score Wghtd.Score
------------------------------------------------------------
 fa_atr                       1.000   -6814.833   -6814.833
 fa_rep                       0.550    3983.246    2190.785
 fa_sol                       1.000    4682.917    4682.917
 fa_intra_rep                 0.005    3194.729      15.974
 fa_intra_sol_xover4          1.000     246.907     246.907
 lk_ball_wtd                  1.000    -161.300    -161.300
 fa_elec                      1.000   -1499.849   -1499.849
 ch_bond_bb_bb                0.500      -8.411      -4.206
 pro_close                    1.250     140.227     175.284
 fa_cust_pair_dist            1.000       9.279       9.279
 hbond_sr_bb                  0.500    -592.797    -296.398
 hbond_lr_bb                  1.000     -10.047     -10.047
 hbond_bb_sc                  1.000     -54.883     -54.883
 hbond_sc                     1.000     -59.088     -59.088
 dslf_fa13                    1.250     -29.686     -37.108
 rama                         0.200    -306.444     -61.289
 omega                        0.500      34.363      17.182
 fa_dun                       0.700    5585.591    3909.914
 p_aa_pp                      0.300     -77.468     -23.240
 yhh_planarity                0.625       0.000       0.000
 ref                          1.000     261.134     261.134
 rama_prepro                  0.450     786.808     354.064
---------------------------------------------------
 Total weighted score:                     2841.198
protocols.docking.DockingProtocol.metrics: unbound energy: 2841.2
protocols.docking.DockingProtocol.metrics: bound energy: 2841.2
protocols.docking.DockingProtocol.metrics: interaction energy: -2.72848e-12
protocols.docking.DockingProtocol.metrics: rb_jump: 1
protocols.jd2.JobDistributor: complex_0004 reported success in 9 seconds
protocols.jd2.PDBJobInputter: PDBJobInputter::pose_from_job
protocols.jd2.PDBJobInputter: filling pose from PDB input/complex.pdb
core.import_pose.import_pose: File 'input/complex.pdb' automatically determined to be of type PDB
core.io.pose_from_sfr.PoseFromSFRBuilder: Adding undetected upper terminus type to residue 1156, 1156 A
core.conformation.Conformation: [ WARNING ] missing heavyatom:  OXT on residue ALA:CtermProteinFull 1156
core.conformation.Conformation: Found disulfide between residues 49 58
core.conformation.Conformation: Found disulfide between residues 71 87
core.conformation.Conformation: Found disulfide between residues 86 97
core.conformation.Conformation: Found disulfide between residues 120 165
core.conformation.Conformation: Found disulfide between residues 164 173
core.conformation.Conformation: Found disulfide between residues 196 242
core.conformation.Conformation: Found disulfide between residues 241 249
core.conformation.Conformation: Found disulfide between residues 261 275
core.conformation.Conformation: Found disulfide between residues 274 285
core.conformation.Conformation: Found disulfide between residues 312 357
core.conformation.Conformation: Found disulfide between residues 356 365
core.conformation.Conformation: Found disulfide between residues 388 434
core.conformation.Conformation: Found disulfide between residues 433 444
core.conformation.Conformation: Found disulfide between residues 457 473
core.conformation.Conformation: Found disulfide between residues 472 483
core.conformation.Conformation: Found disulfide between residues 510 555
core.conformation.Conformation: Found disulfide between residues 554 563
core.conformation.Conformation: Found disulfide between residues 627 636
core.conformation.Conformation: Found disulfide between residues 649 665
core.conformation.Conformation: Found disulfide between residues 664 675
core.conformation.Conformation: Found disulfide between residues 698 743
core.conformation.Conformation: Found disulfide between residues 742 751
core.conformation.Conformation: Found disulfide between residues 774 820
core.conformation.Conformation: Found disulfide between residues 819 827
core.conformation.Conformation: Found disulfide between residues 839 853
core.conformation.Conformation: Found disulfide between residues 852 863
core.conformation.Conformation: Found disulfide between residues 890 935
core.conformation.Conformation: Found disulfide between residues 934 943
core.conformation.Conformation: Found disulfide between residues 966 1012
core.conformation.Conformation: Found disulfide between residues 1011 1022
core.conformation.Conformation: Found disulfide between residues 1035 1051
core.conformation.Conformation: Found disulfide between residues 1050 1061
core.conformation.Conformation: Found disulfide between residues 1088 1133
core.conformation.Conformation: Found disulfide between residues 1132 1141
protocols.docking.DockingProtocol: ////////////////////////////////////////////////////////////////////////////////
protocols.docking.DockingProtocol: ///                     Rosetta 3 Docking Protocol                           ///
protocols.docking.DockingProtocol: ///                                                                          ///
protocols.docking.DockingProtocol: /// Dockable Jumps: 1                                                        ///
protocols.docking.DockingProtocol: /// Low Resolution Docking Protocol:  off                                    ///
protocols.docking.DockingProtocol: /// High Resolution Docking Protocol:  on                                    ///
protocols.docking.DockingProtocol: /// Low Resolution Filter:  off                                              ///
protocols.docking.DockingProtocol: /// High Resolution Filter:  on                                              ///
protocols.docking.DockingProtocol: ////////////////////////////////////////////////////////////////////////////////
protocols.docking.DockMCMProtocol: in DockMCMProtocol.apply
protocols.docking.DockMCMProtocol: Using the DockingTaskFactory.
protocols.docking.DockMCMCycle: Setting up defaults for DockMCMCycle: 
protocols.docking.DockMCMCycle: ////////////////////////////////////////////////////////////////////////////////
protocols.docking.DockMCMCycle: /// Dockable Jumps: 1                                                        ///
protocols.docking.DockMCMCycle: /// Translation: 0.1                                                         ///
protocols.docking.DockMCMCycle: /// Rotation: 5                                                              ///
protocols.docking.DockMCMCycle: /// Scorefunction:                                                           ///
protocols.docking.DockMCMCycle: ScoreFunction::show():
weights: (fa_atr 1) (fa_rep 0.55) (fa_sol 1) (fa_intra_rep 0.005) (fa_intra_sol_xover4 1) (lk_ball_wtd 1) (fa_elec 1) (ch_bond_bb_bb 0.5) (pro_close 1.25) (fa_cust_pair_dist 1) (hbond_sr_bb 0.5) (hbond_lr_bb 1) (hbond_bb_sc 1) (hbond_sc 1) (dslf_fa13 1.25) (rama 0.2) (omega 0.5) (fa_dun 0.7) (p_aa_pp 0.3) (yhh_planarity 0.625) (ref 1) (rama_prepro 0.45)
energy_method_options: EnergyMethodOptions::show: aa_composition_setup_files: 
protocols.docking.DockMCMCycle: EnergyMethodOptions::show: mhc_epitope_setup_files: 
protocols.docking.DockMCMCycle: EnergyMethodOptions::show: netcharge_setup_files: 
protocols.docking.DockMCMCycle: EnergyMethodOptions::show: aspartimide_penalty_value: 25
protocols.docking.DockMCMCycle: EnergyMethodOptions::show: etable_type: FA_STANDARD_DEFAULT
analytic_etable_evaluation: 1
EnergyMethodOptions::show: method_weights: ref 1.32468 3.25479 -2.14574 -2.72453 1.21829 0.79816 -0.30065 2.30374 -0.71458 1.66147 1.65735 -1.34026 -1.64321 -1.45095 -0.09474 -0.28969 1.15175 2.64269 2.26099 0.58223
EnergyMethodOptions::show: method_weights: free_res
EnergyMethodOptions::show: unfolded_energies_type: UNFOLDED_SCORE12
protocols.docking.DockMCMCycle: EnergyMethodOptions::show: split_unfolded_label_type: SPLIT_UNFOLDED_MM
protocols.docking.DockMCMCycle: EnergyMethodOptions::show: split_unfolded_value_type: SPLIT_UNFOLDED_BOLTZ
protocols.docking.DockMCMCycle: EnergyMethodOptions::show: atom_vdw_atom_type_set_name: centroid
protocols.docking.DockMCMCycle: EnergyMethodOptions::show: covalent_labeling_input: 
protocols.docking.DockMCMCycle: EnergyMethodOptions::show: covalent_labeling_fa_input: 
protocols.docking.DockMCMCycle: EnergyMethodOptions::show: hrf_dynamics_input: 
protocols.docking.DockMCMCycle: EnergyMethodOptions::show: depc_ms_input: 
protocols.docking.DockMCMCycle: EnergyMethodOptions::show: exclude_protein_protein_fa_elec: false
protocols.docking.DockMCMCycle: EnergyMethodOptions::show: exclude_RNA_RNA_fa_elec: false
protocols.docking.DockMCMCycle: EnergyMethodOptions::show: exclude_RNA_protein_fa_elec: false
protocols.docking.DockMCMCycle: EnergyMethodOptions::show: exclude_monomer_fa_elec: false
protocols.docking.DockMCMCycle: EnergyMethodOptions::show: elec_max_dis: 5.5
protocols.docking.DockMCMCycle: EnergyMethodOptions::show: elec_min_dis: 1.6
protocols.docking.DockMCMCycle: EnergyMethodOptions::show: elec_die: 10
protocols.docking.DockMCMCycle: EnergyMethodOptions::show: elec_no_dis_dep_die: false
protocols.docking.DockMCMCycle: EnergyMethodOptions::show: elec_sigmoidal_die: true
protocols.docking.DockMCMCycle: EnergyMethodOptions::show: elec_sigmoidal_D: 80
protocols.docking.DockMCMCycle: EnergyMethodOptions::show: elec_sigmoidal_D0: 6
protocols.docking.DockMCMCycle: EnergyMethodOptions::show: elec_sigmoidal_S: 0.4
protocols.docking.DockMCMCycle: EnergyMethodOptions::show: smooth_fa_elec: true
protocols.docking.DockMCMCycle: EnergyMethodOptions::show: grpelec_fade_type: false
protocols.docking.DockMCMCycle: EnergyMethodOptions::show: grpelec_fade_param1: 1
protocols.docking.DockMCMCycle: EnergyMethodOptions::show: grpelec_fade_param2: 1
protocols.docking.DockMCMCycle: EnergyMethodOptions::show: grpelec_fade_hbond: 0
protocols.docking.DockMCMCycle: EnergyMethodOptions::show: grp_cpfxn: 1
protocols.docking.DockMCMCycle: EnergyMethodOptions::show: elec_group_file: /scoring/score_functions/elec_group_def.dat
protocols.docking.DockMCMCycle: EnergyMethodOptions::show: grpelec_context_dependent: 0
protocols.docking.DockMCMCycle: EnergyMethodOptions::show: use_polarization: true
protocols.docking.DockMCMCycle: EnergyMethodOptions::show: use_gen_kirkwood: true
protocols.docking.DockMCMCycle: EnergyMethodOptions::show: protein_dielectric: 1
protocols.docking.DockMCMCycle: EnergyMethodOptions::show: water_dielectric: 78.3
protocols.docking.DockMCMCycle: EnergyMethodOptions::show: exclude_DNA_DNA: false
protocols.docking.DockMCMCycle: EnergyMethodOptions::show: exclude_intra_res_protein: false
protocols.docking.DockMCMCycle: EnergyMethodOptions::show: count_pair_hybrid: false
protocols.docking.DockMCMCycle: EnergyMethodOptions::show: count_pair_full: false
protocols.docking.DockMCMCycle: EnergyMethodOptions::show: put_intra_into_total: false
protocols.docking.DockMCMCycle: EnergyMethodOptions::show: geom_sol_interres_path_distance_cutoff: false
protocols.docking.DockMCMCycle: EnergyMethodOptions::show: geom_sol_intrares_path_distance_cutoff: true
protocols.docking.DockMCMCycle: EnergyMethodOptions::show: eval_intrares_elec_ST_only: false
protocols.docking.DockMCMCycle: EnergyMethodOptions::show: envsmooth_zero_negatives: false
protocols.docking.DockMCMCycle: EnergyMethodOptions::show: cst_max_seq_sep: 18446744073709551615
protocols.docking.DockMCMCycle: EnergyMethodOptions::show: pb_bound_tag: bound
protocols.docking.DockMCMCycle: EnergyMethodOptions::show: pb_unbound_tag: unbound
protocols.docking.DockMCMCycle: EnergyMethodOptions::show: arg_cation_pi_his_can_be_pi: 1
protocols.docking.DockMCMCycle: EnergyMethodOptions::show: ordered_wat_penalty: 1.221
protocols.docking.DockMCMCycle: EnergyMethodOptions::show: ordered_pt_wat_penalty: 2.709
protocols.docking.DockMCMCycle: EnergyMethodOptions::show: nmer_ref_seq_length_: 9
protocols.docking.DockMCMCycle: EnergyMethodOptions::show: nmer_svm_term_length_: 3
protocols.docking.DockMCMCycle: EnergyMethodOptions::show: nmer_svm_pssm_feat_: 1
protocols.docking.DockMCMCycle: EnergyMethodOptions::show: nmer_svm_scorecut_defined_: 0
protocols.docking.DockMCMCycle: EnergyMethodOptions::show: nmer_svm_scorecut_: 0
protocols.docking.DockMCMCycle: EnergyMethodOptions::show: nmer_svm_avg_rank_as_energy_: 0
protocols.docking.DockMCMCycle: EnergyMethodOptions::show: nmer_svm_aa_matrix_defined_: 0
protocols.docking.DockMCMCycle: EnergyMethodOptions::show: nmer_svm_aa_matrix_: 
protocols.docking.DockMCMCycle: EnergyMethodOptions::show: nmer_svm_list_defined_: 0
protocols.docking.DockMCMCycle: EnergyMethodOptions::show: nmer_svm_list_: 
protocols.docking.DockMCMCycle: EnergyMethodOptions::show: nmer_svm_defined_: 0
protocols.docking.DockMCMCycle: EnergyMethodOptions::show: nmer_svm_: 
protocols.docking.DockMCMCycle: EnergyMethodOptions::show: nmer_svm_rank_list_defined_: 0
protocols.docking.DockMCMCycle: EnergyMethodOptions::show: nmer_svm_rank_list_: 
protocols.docking.DockMCMCycle: EnergyMethodOptions::show: nmer_svm_rank_defined_: 0
protocols.docking.DockMCMCycle: EnergyMethodOptions::show: nmer_svm_rank_: 
protocols.docking.DockMCMCycle: EnergyMethodOptions::show: voids_penalty_energy_containing_cones_cutoff_:6
protocols.docking.DockMCMCycle: EnergyMethodOptions::show: voids_penalty_energy_cone_distance_cutoff_: 8
protocols.docking.DockMCMCycle: EnergyMethodOptions::show: voids_penalty_energy_cone_dotproduct_cutoff_: 0.1
protocols.docking.DockMCMCycle: EnergyMethodOptions::show: voids_penalty_energy_voxel_grid_padding_: 1
protocols.docking.DockMCMCycle: EnergyMethodOptions::show: voids_penalty_energy_voxel_size_: 0.5
protocols.docking.DockMCMCycle: EnergyMethodOptions::show: voids_penalty_energy_disabled_except_during_packing_: TRUE
protocols.docking.DockMCMCycle: EnergyMethodOptions::show: hbnet_bonus_ramping_function_: "quadratic"
protocols.docking.DockMCMCycle: EnergyMethodOptions::show: hbnet_max_network_size_: 0
protocols.docking.DockMCMCycle: EnergyMethodOptions::show: approximate_buried_unsat_penalty_hbond_energy_threshold_: -0.25
protocols.docking.DockMCMCycle: EnergyMethodOptions::show: approximate_buried_unsat_penalty_burial_atomic_depth_: 4.5
protocols.docking.DockMCMCycle: EnergyMethodOptions::show: approximate_buried_unsat_penalty_burial_probe_radius_: 2.3
protocols.docking.DockMCMCycle: EnergyMethodOptions::show: approximate_buried_unsat_penalty_burial_resolution_: 0.5
protocols.docking.DockMCMCycle: EnergyMethodOptions::show: approximate_buried_unsat_penalty_oversat_penalty_: 1
protocols.docking.DockMCMCycle: EnergyMethodOptions::show: approximate_buried_unsat_penalty_assume_const_backbone_:1
protocols.docking.DockMCMCycle: EnergyMethodOptions::show: approximate_buried_unsat_penalty_natural_corrections1_:0
protocols.docking.DockMCMCycle: EnergyMethodOptions::show: approximate_buried_unsat_penalty_hbond_bonus_cross_chain_:0
protocols.docking.DockMCMCycle: EnergyMethodOptions::show: approximate_buried_unsat_penalty_hbond_bonus_ser_to_helix_bb_:0
protocols.docking.DockMCMCycle: EnergyMethodOptions::show: approximate_buried_unsat_penalty_lys_ok_with_1_:0
protocols.docking.DockMCMCycle: EnergyMethodOptions::show: target_clash_pdb_:
protocols.docking.DockMCMCycle: EnergyMethodOptions::show: dump_trajectory_prefix_: traj
protocols.docking.DockMCMCycle: EnergyMethodOptions::show: dump_trajectory_gz_: FALSE
protocols.docking.DockMCMCycle: EnergyMethodOptions::show: dump_trajectory_stride_: 1
protocols.docking.DockMCMCycle: EnergyMethodOptions::show: bond_angle_central_atoms_to_score:
protocols.docking.DockMCMCycle: EnergyMethodOptions::show: bond_angle_residue_type_param_set: none
protocols.docking.DockMCMCycle: HBondOptions::show: hb_max_energy: 0
protocols.docking.DockMCMCycle: HBondOptions::show: exclude_DNA_DNA: false
protocols.docking.DockMCMCycle: HBondOptions::show: exclude_intra_res_protein_: false
protocols.docking.DockMCMCycle: HBondOptions::show: exclude_intra_res_RNA_: false
protocols.docking.DockMCMCycle: HBondOptions::show: put_intra_into_total_: false
protocols.docking.DockMCMCycle: HBondOptions::show: exclude_self_hbonds: true
protocols.docking.DockMCMCycle: HBondOptions::show: use_hb_env_dep: false
protocols.docking.DockMCMCycle: HBondOptions::show: use_hb_env_dep_DNA: true
protocols.docking.DockMCMCycle: HBondOptions::show: smooth_hb_env_dep: true
protocols.docking.DockMCMCycle: HBondOptions::show: bb_donor_acceptor_check: true
protocols.docking.DockMCMCycle: HBondOptions::show: decompose_bb_hb_into_pair_energies: false
protocols.docking.DockMCMCycle: HBondOptions::show: params_database_tag_: ref2015_params
protocols.docking.DockMCMCycle: HBondOptions::show: use_sp2_chi_penalty_: true
protocols.docking.DockMCMCycle: HBondOptions::show: sp2_BAH180_rise_: 0.75
protocols.docking.DockMCMCycle: HBondOptions::show: sp2_outer_width_: 0.357
protocols.docking.DockMCMCycle: HBondOptions::show: measure_sp3acc_BAH_from_hvy_: true
protocols.docking.DockMCMCycle: HBondOptions::show: fade_energy_: 1
protocols.docking.DockMCMCycle: HBondOptions::show: exclude_ether_oxygens_: 0
protocols.docking.DockMCMCycle: HBondOptions::show: Mbhbond: false 
protocols.docking.DockMCMCycle: HbondOptions::show: mphbond: false
protocols.docking.DockMCMCycle: HBondOptions::show: hbond_energy_shift: 0
protocols.docking.DockMCMCycle: HBondOptions::show: water_hybrid_sf: false
protocols.docking.DockMCMCycle: RNA_EnergyMethodOptions::show: syn_G_potential_bonus: 0
protocols.docking.DockMCMCycle: RNA_EnergyMethodOptions::show: torsion_potential: ps_04282011
protocols.docking.DockMCMCycle: RNA_EnergyMethodOptions::show: suiteness_bonus: Richardson
protocols.docking.DockMCMCycle: RNA_EnergyMethodOptions::show: rna_base_pair_xy_filename: scoring/rna/rna_base_pair_xy.dat
protocols.docking.DockMCMCycle: FreeDOF_Options::show: free_suite_bonus: -1
protocols.docking.DockMCMCycle: FreeDOF_Options::show: free_2HOprime_bonus: -0.5
protocols.docking.DockMCMCycle: FreeDOF_Options::show: free_sugar_bonus: -1
protocols.docking.DockMCMCycle: FreeDOF_Options::show: pack_phosphate_penalty: 0.25
protocols.docking.DockMCMCycle: FreeDOF_Options::show: free_side_chain_bonus: -0.5
protocols.docking.DockMCMCycle: 
protocols.docking.DockMCMCycle: 
protocols.docking.DockMCMCycle: /// Packing scorefunction:                                                   ///
protocols.docking.DockMCMCycle: ScoreFunction::show():
weights: (fa_atr 1) (fa_rep 0.55) (fa_sol 1) (fa_intra_rep 0.005) (fa_intra_sol_xover4 1) (lk_ball_wtd 1) (fa_elec 1) (ch_bond_bb_bb 0.5) (pro_close 1.25) (fa_cust_pair_dist 1) (hbond_sr_bb 0.5) (hbond_lr_bb 1) (hbond_bb_sc 1) (hbond_sc 1) (dslf_fa13 1.25) (rama 0.2) (omega 0.5) (fa_dun 0.7) (p_aa_pp 0.3) (yhh_planarity 0.625) (ref 1) (rama_prepro 0.45)
energy_method_options: EnergyMethodOptions::show: aa_composition_setup_files: 
protocols.docking.DockMCMCycle: EnergyMethodOptions::show: mhc_epitope_setup_files: 
protocols.docking.DockMCMCycle: EnergyMethodOptions::show: netcharge_setup_files: 
protocols.docking.DockMCMCycle: EnergyMethodOptions::show: aspartimide_penalty_value: 25
protocols.docking.DockMCMCycle: EnergyMethodOptions::show: etable_type: FA_STANDARD_DEFAULT
analytic_etable_evaluation: 1
EnergyMethodOptions::show: method_weights: ref 1.32468 3.25479 -2.14574 -2.72453 1.21829 0.79816 -0.30065 2.30374 -0.71458 1.66147 1.65735 -1.34026 -1.64321 -1.45095 -0.09474 -0.28969 1.15175 2.64269 2.26099 0.58223
EnergyMethodOptions::show: method_weights: free_res
EnergyMethodOptions::show: unfolded_energies_type: UNFOLDED_SCORE12
protocols.docking.DockMCMCycle: EnergyMethodOptions::show: split_unfolded_label_type: SPLIT_UNFOLDED_MM
protocols.docking.DockMCMCycle: EnergyMethodOptions::show: split_unfolded_value_type: SPLIT_UNFOLDED_BOLTZ
protocols.docking.DockMCMCycle: EnergyMethodOptions::show: atom_vdw_atom_type_set_name: centroid
protocols.docking.DockMCMCycle: EnergyMethodOptions::show: covalent_labeling_input: 
protocols.docking.DockMCMCycle: EnergyMethodOptions::show: covalent_labeling_fa_input: 
protocols.docking.DockMCMCycle: EnergyMethodOptions::show: hrf_dynamics_input: 
protocols.docking.DockMCMCycle: EnergyMethodOptions::show: depc_ms_input: 
protocols.docking.DockMCMCycle: EnergyMethodOptions::show: exclude_protein_protein_fa_elec: false
protocols.docking.DockMCMCycle: EnergyMethodOptions::show: exclude_RNA_RNA_fa_elec: false
protocols.docking.DockMCMCycle: EnergyMethodOptions::show: exclude_RNA_protein_fa_elec: false
protocols.docking.DockMCMCycle: EnergyMethodOptions::show: exclude_monomer_fa_elec: false
protocols.docking.DockMCMCycle: EnergyMethodOptions::show: elec_max_dis: 5.5
protocols.docking.DockMCMCycle: EnergyMethodOptions::show: elec_min_dis: 1.6
protocols.docking.DockMCMCycle: EnergyMethodOptions::show: elec_die: 10
protocols.docking.DockMCMCycle: EnergyMethodOptions::show: elec_no_dis_dep_die: false
protocols.docking.DockMCMCycle: EnergyMethodOptions::show: elec_sigmoidal_die: true
protocols.docking.DockMCMCycle: EnergyMethodOptions::show: elec_sigmoidal_D: 80
protocols.docking.DockMCMCycle: EnergyMethodOptions::show: elec_sigmoidal_D0: 6
protocols.docking.DockMCMCycle: EnergyMethodOptions::show: elec_sigmoidal_S: 0.4
protocols.docking.DockMCMCycle: EnergyMethodOptions::show: smooth_fa_elec: true
protocols.docking.DockMCMCycle: EnergyMethodOptions::show: grpelec_fade_type: false
protocols.docking.DockMCMCycle: EnergyMethodOptions::show: grpelec_fade_param1: 1
protocols.docking.DockMCMCycle: EnergyMethodOptions::show: grpelec_fade_param2: 1
protocols.docking.DockMCMCycle: EnergyMethodOptions::show: grpelec_fade_hbond: 0
protocols.docking.DockMCMCycle: EnergyMethodOptions::show: grp_cpfxn: 1
protocols.docking.DockMCMCycle: EnergyMethodOptions::show: elec_group_file: /scoring/score_functions/elec_group_def.dat
protocols.docking.DockMCMCycle: EnergyMethodOptions::show: grpelec_context_dependent: 0
protocols.docking.DockMCMCycle: EnergyMethodOptions::show: use_polarization: true
protocols.docking.DockMCMCycle: EnergyMethodOptions::show: use_gen_kirkwood: true
protocols.docking.DockMCMCycle: EnergyMethodOptions::show: protein_dielectric: 1
protocols.docking.DockMCMCycle: EnergyMethodOptions::show: water_dielectric: 78.3
protocols.docking.DockMCMCycle: EnergyMethodOptions::show: exclude_DNA_DNA: false
protocols.docking.DockMCMCycle: EnergyMethodOptions::show: exclude_intra_res_protein: false
protocols.docking.DockMCMCycle: EnergyMethodOptions::show: count_pair_hybrid: false
protocols.docking.DockMCMCycle: EnergyMethodOptions::show: count_pair_full: false
protocols.docking.DockMCMCycle: EnergyMethodOptions::show: put_intra_into_total: false
protocols.docking.DockMCMCycle: EnergyMethodOptions::show: geom_sol_interres_path_distance_cutoff: false
protocols.docking.DockMCMCycle: EnergyMethodOptions::show: geom_sol_intrares_path_distance_cutoff: true
protocols.docking.DockMCMCycle: EnergyMethodOptions::show: eval_intrares_elec_ST_only: false
protocols.docking.DockMCMCycle: EnergyMethodOptions::show: envsmooth_zero_negatives: false
protocols.docking.DockMCMCycle: EnergyMethodOptions::show: cst_max_seq_sep: 18446744073709551615
protocols.docking.DockMCMCycle: EnergyMethodOptions::show: pb_bound_tag: bound
protocols.docking.DockMCMCycle: EnergyMethodOptions::show: pb_unbound_tag: unbound
protocols.docking.DockMCMCycle: EnergyMethodOptions::show: arg_cation_pi_his_can_be_pi: 1
protocols.docking.DockMCMCycle: EnergyMethodOptions::show: ordered_wat_penalty: 1.221
protocols.docking.DockMCMCycle: EnergyMethodOptions::show: ordered_pt_wat_penalty: 2.709
protocols.docking.DockMCMCycle: EnergyMethodOptions::show: nmer_ref_seq_length_: 9
protocols.docking.DockMCMCycle: EnergyMethodOptions::show: nmer_svm_term_length_: 3
protocols.docking.DockMCMCycle: EnergyMethodOptions::show: nmer_svm_pssm_feat_: 1
protocols.docking.DockMCMCycle: EnergyMethodOptions::show: nmer_svm_scorecut_defined_: 0
protocols.docking.DockMCMCycle: EnergyMethodOptions::show: nmer_svm_scorecut_: 0
protocols.docking.DockMCMCycle: EnergyMethodOptions::show: nmer_svm_avg_rank_as_energy_: 0
protocols.docking.DockMCMCycle: EnergyMethodOptions::show: nmer_svm_aa_matrix_defined_: 0
protocols.docking.DockMCMCycle: EnergyMethodOptions::show: nmer_svm_aa_matrix_: 
protocols.docking.DockMCMCycle: EnergyMethodOptions::show: nmer_svm_list_defined_: 0
protocols.docking.DockMCMCycle: EnergyMethodOptions::show: nmer_svm_list_: 
protocols.docking.DockMCMCycle: EnergyMethodOptions::show: nmer_svm_defined_: 0
protocols.docking.DockMCMCycle: EnergyMethodOptions::show: nmer_svm_: 
protocols.docking.DockMCMCycle: EnergyMethodOptions::show: nmer_svm_rank_list_defined_: 0
protocols.docking.DockMCMCycle: EnergyMethodOptions::show: nmer_svm_rank_list_: 
protocols.docking.DockMCMCycle: EnergyMethodOptions::show: nmer_svm_rank_defined_: 0
protocols.docking.DockMCMCycle: EnergyMethodOptions::show: nmer_svm_rank_: 
protocols.docking.DockMCMCycle: EnergyMethodOptions::show: voids_penalty_energy_containing_cones_cutoff_:6
protocols.docking.DockMCMCycle: EnergyMethodOptions::show: voids_penalty_energy_cone_distance_cutoff_: 8
protocols.docking.DockMCMCycle: EnergyMethodOptions::show: voids_penalty_energy_cone_dotproduct_cutoff_: 0.1
protocols.docking.DockMCMCycle: EnergyMethodOptions::show: voids_penalty_energy_voxel_grid_padding_: 1
protocols.docking.DockMCMCycle: EnergyMethodOptions::show: voids_penalty_energy_voxel_size_: 0.5
protocols.docking.DockMCMCycle: EnergyMethodOptions::show: voids_penalty_energy_disabled_except_during_packing_: TRUE
protocols.docking.DockMCMCycle: EnergyMethodOptions::show: hbnet_bonus_ramping_function_: "quadratic"
protocols.docking.DockMCMCycle: EnergyMethodOptions::show: hbnet_max_network_size_: 0
protocols.docking.DockMCMCycle: EnergyMethodOptions::show: approximate_buried_unsat_penalty_hbond_energy_threshold_: -0.25
protocols.docking.DockMCMCycle: EnergyMethodOptions::show: approximate_buried_unsat_penalty_burial_atomic_depth_: 4.5
protocols.docking.DockMCMCycle: EnergyMethodOptions::show: approximate_buried_unsat_penalty_burial_probe_radius_: 2.3
protocols.docking.DockMCMCycle: EnergyMethodOptions::show: approximate_buried_unsat_penalty_burial_resolution_: 0.5
protocols.docking.DockMCMCycle: EnergyMethodOptions::show: approximate_buried_unsat_penalty_oversat_penalty_: 1
protocols.docking.DockMCMCycle: EnergyMethodOptions::show: approximate_buried_unsat_penalty_assume_const_backbone_:1
protocols.docking.DockMCMCycle: EnergyMethodOptions::show: approximate_buried_unsat_penalty_natural_corrections1_:0
protocols.docking.DockMCMCycle: EnergyMethodOptions::show: approximate_buried_unsat_penalty_hbond_bonus_cross_chain_:0
protocols.docking.DockMCMCycle: EnergyMethodOptions::show: approximate_buried_unsat_penalty_hbond_bonus_ser_to_helix_bb_:0
protocols.docking.DockMCMCycle: EnergyMethodOptions::show: approximate_buried_unsat_penalty_lys_ok_with_1_:0
protocols.docking.DockMCMCycle: EnergyMethodOptions::show: target_clash_pdb_:
protocols.docking.DockMCMCycle: EnergyMethodOptions::show: dump_trajectory_prefix_: traj
protocols.docking.DockMCMCycle: EnergyMethodOptions::show: dump_trajectory_gz_: FALSE
protocols.docking.DockMCMCycle: EnergyMethodOptions::show: dump_trajectory_stride_: 1
protocols.docking.DockMCMCycle: EnergyMethodOptions::show: bond_angle_central_atoms_to_score:
protocols.docking.DockMCMCycle: EnergyMethodOptions::show: bond_angle_residue_type_param_set: none
protocols.docking.DockMCMCycle: HBondOptions::show: hb_max_energy: 0
protocols.docking.DockMCMCycle: HBondOptions::show: exclude_DNA_DNA: false
protocols.docking.DockMCMCycle: HBondOptions::show: exclude_intra_res_protein_: false
protocols.docking.DockMCMCycle: HBondOptions::show: exclude_intra_res_RNA_: false
protocols.docking.DockMCMCycle: HBondOptions::show: put_intra_into_total_: false
protocols.docking.DockMCMCycle: HBondOptions::show: exclude_self_hbonds: true
protocols.docking.DockMCMCycle: HBondOptions::show: use_hb_env_dep: false
protocols.docking.DockMCMCycle: HBondOptions::show: use_hb_env_dep_DNA: true
protocols.docking.DockMCMCycle: HBondOptions::show: smooth_hb_env_dep: true
protocols.docking.DockMCMCycle: HBondOptions::show: bb_donor_acceptor_check: true
protocols.docking.DockMCMCycle: HBondOptions::show: decompose_bb_hb_into_pair_energies: false
protocols.docking.DockMCMCycle: HBondOptions::show: params_database_tag_: ref2015_params
protocols.docking.DockMCMCycle: HBondOptions::show: use_sp2_chi_penalty_: true
protocols.docking.DockMCMCycle: HBondOptions::show: sp2_BAH180_rise_: 0.75
protocols.docking.DockMCMCycle: HBondOptions::show: sp2_outer_width_: 0.357
protocols.docking.DockMCMCycle: HBondOptions::show: measure_sp3acc_BAH_from_hvy_: true
protocols.docking.DockMCMCycle: HBondOptions::show: fade_energy_: 1
protocols.docking.DockMCMCycle: HBondOptions::show: exclude_ether_oxygens_: 0
protocols.docking.DockMCMCycle: HBondOptions::show: Mbhbond: false 
protocols.docking.DockMCMCycle: HbondOptions::show: mphbond: false
protocols.docking.DockMCMCycle: HBondOptions::show: hbond_energy_shift: 0
protocols.docking.DockMCMCycle: HBondOptions::show: water_hybrid_sf: false
protocols.docking.DockMCMCycle: RNA_EnergyMethodOptions::show: syn_G_potential_bonus: 0
protocols.docking.DockMCMCycle: RNA_EnergyMethodOptions::show: torsion_potential: ps_04282011
protocols.docking.DockMCMCycle: RNA_EnergyMethodOptions::show: suiteness_bonus: Richardson
protocols.docking.DockMCMCycle: RNA_EnergyMethodOptions::show: rna_base_pair_xy_filename: scoring/rna/rna_base_pair_xy.dat
protocols.docking.DockMCMCycle: FreeDOF_Options::show: free_suite_bonus: -1
protocols.docking.DockMCMCycle: FreeDOF_Options::show: free_2HOprime_bonus: -0.5
protocols.docking.DockMCMCycle: FreeDOF_Options::show: free_sugar_bonus: -1
protocols.docking.DockMCMCycle: FreeDOF_Options::show: pack_phosphate_penalty: 0.25
protocols.docking.DockMCMCycle: FreeDOF_Options::show: free_side_chain_bonus: -0.5
protocols.docking.DockMCMCycle: 
protocols.docking.DockMCMCycle: 
protocols.docking.DockMCMCycle: ////////////////////////////////////////////////////////////////////////////////
core.pack.task: Packer task: initialize from command line() 
core.pack.pack_rotamers: built 0 rotamers at 0 positions.
core.pack.interaction_graph.interaction_graph_factory: Instantiating DensePDInteractionGraph
basic.thread_manager.RosettaThreadManager: [ WARNING ] A work vector of size zero was passed to the RosettaThreadManager!  Duly returning without doing anything.
protocols.geometry.RB_geometry: [ WARNING ] centroids_by_jump_int called but no interface detected!!
protocols.geometry.RB_geometry: [ WARNING ] calling centroids_by_jump...
core.pack.task: Packer task: initialize from command line() 
protocols.geometry.RB_geometry: [ WARNING ] centroids_by_jump_int called but no interface detected!!
protocols.geometry.RB_geometry: [ WARNING ] calling centroids_by_jump...
core.pack.task: Packer task: initialize from command line() 
protocols.geometry.RB_geometry: [ WARNING ] centroids_by_jump_int called but no interface detected!!
protocols.geometry.RB_geometry: [ WARNING ] calling centroids_by_jump...
core.pack.task: Packer task: initialize from command line() 
protocols.geometry.RB_geometry: [ WARNING ] centroids_by_jump_int called but no interface detected!!
protocols.geometry.RB_geometry: [ WARNING ] calling centroids_by_jump...
core.pack.task: Packer task: initialize from command line() 
protocols.geometry.RB_geometry: [ WARNING ] centroids_by_jump_int called but no interface detected!!
protocols.geometry.RB_geometry: [ WARNING ] calling centroids_by_jump...
core.pack.task: Packer task: initialize from command line() 
protocols.geometry.RB_geometry: [ WARNING ] centroids_by_jump_int called but no interface detected!!
protocols.geometry.RB_geometry: [ WARNING ] calling centroids_by_jump...
core.pack.task: Packer task: initialize from command line() 
protocols.geometry.RB_geometry: [ WARNING ] centroids_by_jump_int called but no interface detected!!
protocols.geometry.RB_geometry: [ WARNING ] calling centroids_by_jump...
core.pack.task: Packer task: initialize from command line() 
protocols.geometry.RB_geometry: [ WARNING ] centroids_by_jump_int called but no interface detected!!
protocols.geometry.RB_geometry: [ WARNING ] calling centroids_by_jump...
core.pack.task: Packer task: initialize from command line() 
protocols.geometry.RB_geometry: [ WARNING ] centroids_by_jump_int called but no interface detected!!
protocols.geometry.RB_geometry: [ WARNING ] calling centroids_by_jump...
core.pack.task: Packer task: initialize from command line() 
protocols.geometry.RB_geometry: [ WARNING ] centroids_by_jump_int called but no interface detected!!
protocols.geometry.RB_geometry: [ WARNING ] calling centroids_by_jump...
core.pack.task: Packer task: initialize from command line() 
protocols.geometry.RB_geometry: [ WARNING ] centroids_by_jump_int called but no interface detected!!
protocols.geometry.RB_geometry: [ WARNING ] calling centroids_by_jump...
core.pack.task: Packer task: initialize from command line() 
protocols.geometry.RB_geometry: [ WARNING ] centroids_by_jump_int called but no interface detected!!
protocols.geometry.RB_geometry: [ WARNING ] calling centroids_by_jump...
core.pack.task: Packer task: initialize from command line() 
core.pack.task: Packer task: initialize from command line() 
core.pack.pack_rotamers: built 0 rotamers at 0 positions.
core.pack.interaction_graph.interaction_graph_factory: Instantiating DensePDInteractionGraph
basic.thread_manager.RosettaThreadManager: [ WARNING ] A work vector of size zero was passed to the RosettaThreadManager!  Duly returning without doing anything.
protocols.geometry.RB_geometry: [ WARNING ] centroids_by_jump_int called but no interface detected!!
protocols.geometry.RB_geometry: [ WARNING ] calling centroids_by_jump...
core.pack.task: Packer task: initialize from command line() 
protocols.geometry.RB_geometry: [ WARNING ] centroids_by_jump_int called but no interface detected!!
protocols.geometry.RB_geometry: [ WARNING ] calling centroids_by_jump...
core.pack.task: Packer task: initialize from command line() 
protocols.geometry.RB_geometry: [ WARNING ] centroids_by_jump_int called but no interface detected!!
protocols.geometry.RB_geometry: [ WARNING ] calling centroids_by_jump...
core.pack.task: Packer task: initialize from command line() 
protocols.geometry.RB_geometry: [ WARNING ] centroids_by_jump_int called but no interface detected!!
protocols.geometry.RB_geometry: [ WARNING ] calling centroids_by_jump...
core.pack.task: Packer task: initialize from command line() 
protocols.geometry.RB_geometry: [ WARNING ] centroids_by_jump_int called but no interface detected!!
protocols.geometry.RB_geometry: [ WARNING ] calling centroids_by_jump...
core.pack.task: Packer task: initialize from command line() 
protocols.geometry.RB_geometry: [ WARNING ] centroids_by_jump_int called but no interface detected!!
protocols.geometry.RB_geometry: [ WARNING ] calling centroids_by_jump...
core.pack.task: Packer task: initialize from command line() 
protocols.geometry.RB_geometry: [ WARNING ] centroids_by_jump_int called but no interface detected!!
protocols.geometry.RB_geometry: [ WARNING ] calling centroids_by_jump...
core.pack.task: Packer task: initialize from command line() 
protocols.geometry.RB_geometry: [ WARNING ] centroids_by_jump_int called but no interface detected!!
protocols.geometry.RB_geometry: [ WARNING ] calling centroids_by_jump...
core.pack.task: Packer task: initialize from command line() 
core.pack.task: Packer task: initialize from command line() 
core.pack.pack_rotamers: built 0 rotamers at 0 positions.
core.pack.interaction_graph.interaction_graph_factory: Instantiating DensePDInteractionGraph
basic.thread_manager.RosettaThreadManager: [ WARNING ] A work vector of size zero was passed to the RosettaThreadManager!  Duly returning without doing anything.
protocols.geometry.RB_geometry: [ WARNING ] centroids_by_jump_int called but no interface detected!!
protocols.geometry.RB_geometry: [ WARNING ] calling centroids_by_jump...
core.pack.task: Packer task: initialize from command line() 
protocols.geometry.RB_geometry: [ WARNING ] centroids_by_jump_int called but no interface detected!!
protocols.geometry.RB_geometry: [ WARNING ] calling centroids_by_jump...
core.pack.task: Packer task: initialize from command line() 
protocols.geometry.RB_geometry: [ WARNING ] centroids_by_jump_int called but no interface detected!!
protocols.geometry.RB_geometry: [ WARNING ] calling centroids_by_jump...
core.pack.task: Packer task: initialize from command line() 
protocols.geometry.RB_geometry: [ WARNING ] centroids_by_jump_int called but no interface detected!!
protocols.geometry.RB_geometry: [ WARNING ] calling centroids_by_jump...
core.pack.task: Packer task: initialize from command line() 
protocols.geometry.RB_geometry: [ WARNING ] centroids_by_jump_int called but no interface detected!!
protocols.geometry.RB_geometry: [ WARNING ] calling centroids_by_jump...
core.pack.task: Packer task: initialize from command line() 
protocols.geometry.RB_geometry: [ WARNING ] centroids_by_jump_int called but no interface detected!!
protocols.geometry.RB_geometry: [ WARNING ] calling centroids_by_jump...
core.pack.task: Packer task: initialize from command line() 
protocols.geometry.RB_geometry: [ WARNING ] centroids_by_jump_int called but no interface detected!!
protocols.geometry.RB_geometry: [ WARNING ] calling centroids_by_jump...
core.pack.task: Packer task: initialize from command line() 
protocols.geometry.RB_geometry: [ WARNING ] centroids_by_jump_int called but no interface detected!!
protocols.geometry.RB_geometry: [ WARNING ] calling centroids_by_jump...
core.pack.task: Packer task: initialize from command line() 
core.pack.task: Packer task: initialize from command line() 
core.pack.pack_rotamers: built 0 rotamers at 0 positions.
core.pack.interaction_graph.interaction_graph_factory: Instantiating DensePDInteractionGraph
basic.thread_manager.RosettaThreadManager: [ WARNING ] A work vector of size zero was passed to the RosettaThreadManager!  Duly returning without doing anything.
protocols.geometry.RB_geometry: [ WARNING ] centroids_by_jump_int called but no interface detected!!
protocols.geometry.RB_geometry: [ WARNING ] calling centroids_by_jump...
core.pack.task: Packer task: initialize from command line() 
protocols.geometry.RB_geometry: [ WARNING ] centroids_by_jump_int called but no interface detected!!
protocols.geometry.RB_geometry: [ WARNING ] calling centroids_by_jump...
core.pack.task: Packer task: initialize from command line() 
protocols.geometry.RB_geometry: [ WARNING ] centroids_by_jump_int called but no interface detected!!
protocols.geometry.RB_geometry: [ WARNING ] calling centroids_by_jump...
core.pack.task: Packer task: initialize from command line() 
protocols.geometry.RB_geometry: [ WARNING ] centroids_by_jump_int called but no interface detected!!
protocols.geometry.RB_geometry: [ WARNING ] calling centroids_by_jump...
core.pack.task: Packer task: initialize from command line() 
protocols.geometry.RB_geometry: [ WARNING ] centroids_by_jump_int called but no interface detected!!
protocols.geometry.RB_geometry: [ WARNING ] calling centroids_by_jump...
core.pack.task: Packer task: initialize from command line() 
protocols.geometry.RB_geometry: [ WARNING ] centroids_by_jump_int called but no interface detected!!
protocols.geometry.RB_geometry: [ WARNING ] calling centroids_by_jump...
core.pack.task: Packer task: initialize from command line() 
protocols.geometry.RB_geometry: [ WARNING ] centroids_by_jump_int called but no interface detected!!
protocols.geometry.RB_geometry: [ WARNING ] calling centroids_by_jump...
core.pack.task: Packer task: initialize from command line() 
protocols.geometry.RB_geometry: [ WARNING ] centroids_by_jump_int called but no interface detected!!
protocols.geometry.RB_geometry: [ WARNING ] calling centroids_by_jump...
core.pack.task: Packer task: initialize from command line() 
core.pack.task: Packer task: initialize from command line() 
core.pack.pack_rotamers: built 0 rotamers at 0 positions.
core.pack.interaction_graph.interaction_graph_factory: Instantiating DensePDInteractionGraph
basic.thread_manager.RosettaThreadManager: [ WARNING ] A work vector of size zero was passed to the RosettaThreadManager!  Duly returning without doing anything.
protocols.geometry.RB_geometry: [ WARNING ] centroids_by_jump_int called but no interface detected!!
protocols.geometry.RB_geometry: [ WARNING ] calling centroids_by_jump...
core.pack.task: Packer task: initialize from command line() 
protocols.geometry.RB_geometry: [ WARNING ] centroids_by_jump_int called but no interface detected!!
protocols.geometry.RB_geometry: [ WARNING ] calling centroids_by_jump...
core.pack.task: Packer task: initialize from command line() 
protocols.geometry.RB_geometry: [ WARNING ] centroids_by_jump_int called but no interface detected!!
protocols.geometry.RB_geometry: [ WARNING ] calling centroids_by_jump...
core.pack.task: Packer task: initialize from command line() 
protocols.geometry.RB_geometry: [ WARNING ] centroids_by_jump_int called but no interface detected!!
protocols.geometry.RB_geometry: [ WARNING ] calling centroids_by_jump...
core.pack.task: Packer task: initialize from command line() 
protocols.geometry.RB_geometry: [ WARNING ] centroids_by_jump_int called but no interface detected!!
protocols.geometry.RB_geometry: [ WARNING ] calling centroids_by_jump...
core.pack.task: Packer task: initialize from command line() 
protocols.geometry.RB_geometry: [ WARNING ] centroids_by_jump_int called but no interface detected!!
protocols.geometry.RB_geometry: [ WARNING ] calling centroids_by_jump...
core.pack.task: Packer task: initialize from command line() 
protocols.geometry.RB_geometry: [ WARNING ] centroids_by_jump_int called but no interface detected!!
protocols.geometry.RB_geometry: [ WARNING ] calling centroids_by_jump...
core.pack.task: Packer task: initialize from command line() 
protocols.geometry.RB_geometry: [ WARNING ] centroids_by_jump_int called but no interface detected!!
protocols.geometry.RB_geometry: [ WARNING ] calling centroids_by_jump...
core.pack.task: Packer task: initialize from command line() 
core.pack.task: Packer task: initialize from command line() 
core.pack.pack_rotamers: built 0 rotamers at 0 positions.
core.pack.interaction_graph.interaction_graph_factory: Instantiating DensePDInteractionGraph
basic.thread_manager.RosettaThreadManager: [ WARNING ] A work vector of size zero was passed to the RosettaThreadManager!  Duly returning without doing anything.
protocols.geometry.RB_geometry: [ WARNING ] centroids_by_jump_int called but no interface detected!!
protocols.geometry.RB_geometry: [ WARNING ] calling centroids_by_jump...
core.pack.task: Packer task: initialize from command line() 
protocols.geometry.RB_geometry: [ WARNING ] centroids_by_jump_int called but no interface detected!!
protocols.geometry.RB_geometry: [ WARNING ] calling centroids_by_jump...
core.pack.task: Packer task: initialize from command line() 
protocols.geometry.RB_geometry: [ WARNING ] centroids_by_jump_int called but no interface detected!!
protocols.geometry.RB_geometry: [ WARNING ] calling centroids_by_jump...
core.pack.task: Packer task: initialize from command line() 
protocols.geometry.RB_geometry: [ WARNING ] centroids_by_jump_int called but no interface detected!!
protocols.geometry.RB_geometry: [ WARNING ] calling centroids_by_jump...
core.pack.task: Packer task: initialize from command line() 
protocols.geometry.RB_geometry: [ WARNING ] centroids_by_jump_int called but no interface detected!!
protocols.geometry.RB_geometry: [ WARNING ] calling centroids_by_jump...
core.pack.task: Packer task: initialize from command line() 
protocols.docking.DockingProtocol.metrics: unbound pose: 
protocols.docking.DockingProtocol.metrics: 
------------------------------------------------------------
 Scores                       Weight   Raw Score Wghtd.Score
------------------------------------------------------------
 fa_atr                       1.000   -6814.833   -6814.833
 fa_rep                       0.550    3983.246    2190.785
 fa_sol                       1.000    4682.917    4682.917
 fa_intra_rep                 0.005    3194.729      15.974
 fa_intra_sol_xover4          1.000     246.907     246.907
 lk_ball_wtd                  1.000    -161.300    -161.300
 fa_elec                      1.000   -1499.849   -1499.849
 ch_bond_bb_bb                0.500      -8.411      -4.206
 pro_close                    1.250     140.227     175.284
 fa_cust_pair_dist            1.000       9.279       9.279
 hbond_sr_bb                  0.500    -592.797    -296.398
 hbond_lr_bb                  1.000     -10.047     -10.047
 hbond_bb_sc                  1.000     -54.883     -54.883
 hbond_sc                     1.000     -59.088     -59.088
 dslf_fa13                    1.250     -29.686     -37.108
 rama                         0.200    -306.444     -61.289
 omega                        0.500      34.363      17.182
 fa_dun                       0.700    5585.591    3909.914
 p_aa_pp                      0.300     -77.468     -23.240
 yhh_planarity                0.625       0.000       0.000
 ref                          1.000     261.134     261.134
 rama_prepro                  0.450     786.808     354.064
---------------------------------------------------
 Total weighted score:                     2841.198
protocols.docking.DockingProtocol.metrics: bound pose: 
protocols.docking.DockingProtocol.metrics: 
------------------------------------------------------------
 Scores                       Weight   Raw Score Wghtd.Score
------------------------------------------------------------
 fa_atr                       1.000   -6814.833   -6814.833
 fa_rep                       0.550    3983.246    2190.785
 fa_sol                       1.000    4682.917    4682.917
 fa_intra_rep                 0.005    3194.729      15.974
 fa_intra_sol_xover4          1.000     246.907     246.907
 lk_ball_wtd                  1.000    -161.300    -161.300
 fa_elec                      1.000   -1499.849   -1499.849
 ch_bond_bb_bb                0.500      -8.411      -4.206
 pro_close                    1.250     140.227     175.284
 fa_cust_pair_dist            1.000       9.279       9.279
 hbond_sr_bb                  0.500    -592.797    -296.398
 hbond_lr_bb                  1.000     -10.047     -10.047
 hbond_bb_sc                  1.000     -54.883     -54.883
 hbond_sc                     1.000     -59.088     -59.088
 dslf_fa13                    1.250     -29.686     -37.108
 rama                         0.200    -306.444     -61.289
 omega                        0.500      34.363      17.182
 fa_dun                       0.700    5585.591    3909.914
 p_aa_pp                      0.300     -77.468     -23.240
 yhh_planarity                0.625       0.000       0.000
 ref                          1.000     261.134     261.134
 rama_prepro                  0.450     786.808     354.064
---------------------------------------------------
 Total weighted score:                     2841.198
protocols.docking.DockingProtocol.metrics: unbound energy: 2841.2
protocols.docking.DockingProtocol.metrics: bound energy: 2841.2
protocols.docking.DockingProtocol.metrics: interaction energy: -2.72848e-12
protocols.docking.DockingProtocol.metrics: rb_jump: 1
protocols.docking.DockingProtocol.metrics: unbound pose: 
protocols.docking.DockingProtocol.metrics: 
------------------------------------------------------------
 Scores                       Weight   Raw Score Wghtd.Score
------------------------------------------------------------
 fa_atr                       1.000   -6814.833   -6814.833
 fa_rep                       0.550    3983.246    2190.785
 fa_sol                       1.000    4682.917    4682.917
 fa_intra_rep                 0.005    3194.729      15.974
 fa_intra_sol_xover4          1.000     246.907     246.907
 lk_ball_wtd                  1.000    -161.300    -161.300
 fa_elec                      1.000   -1499.849   -1499.849
 ch_bond_bb_bb                0.500      -8.411      -4.206
 pro_close                    1.250     140.227     175.284
 fa_cust_pair_dist            1.000       9.279       9.279
 hbond_sr_bb                  0.500    -592.797    -296.398
 hbond_lr_bb                  1.000     -10.047     -10.047
 hbond_bb_sc                  1.000     -54.883     -54.883
 hbond_sc                     1.000     -59.088     -59.088
 dslf_fa13                    1.250     -29.686     -37.108
 rama                         0.200    -306.444     -61.289
 omega                        0.500      34.363      17.182
 fa_dun                       0.700    5585.591    3909.914
 p_aa_pp                      0.300     -77.468     -23.240
 yhh_planarity                0.625       0.000       0.000
 ref                          1.000     261.134     261.134
 rama_prepro                  0.450     786.808     354.064
---------------------------------------------------
 Total weighted score:                     2841.198
protocols.docking.DockingProtocol.metrics: bound pose: 
protocols.docking.DockingProtocol.metrics: 
------------------------------------------------------------
 Scores                       Weight   Raw Score Wghtd.Score
------------------------------------------------------------
 fa_atr                       1.000   -6814.833   -6814.833
 fa_rep                       0.550    3983.246    2190.785
 fa_sol                       1.000    4682.917    4682.917
 fa_intra_rep                 0.005    3194.729      15.974
 fa_intra_sol_xover4          1.000     246.907     246.907
 lk_ball_wtd                  1.000    -161.300    -161.300
 fa_elec                      1.000   -1499.849   -1499.849
 ch_bond_bb_bb                0.500      -8.411      -4.206
 pro_close                    1.250     140.227     175.284
 fa_cust_pair_dist            1.000       9.279       9.279
 hbond_sr_bb                  0.500    -592.797    -296.398
 hbond_lr_bb                  1.000     -10.047     -10.047
 hbond_bb_sc                  1.000     -54.883     -54.883
 hbond_sc                     1.000     -59.088     -59.088
 dslf_fa13                    1.250     -29.686     -37.108
 rama                         0.200    -306.444     -61.289
 omega                        0.500      34.363      17.182
 fa_dun                       0.700    5585.591    3909.914
 p_aa_pp                      0.300     -77.468     -23.240
 yhh_planarity                0.625       0.000       0.000
 ref                          1.000     261.134     261.134
 rama_prepro                  0.450     786.808     354.064
---------------------------------------------------
 Total weighted score:                     2841.198
protocols.docking.DockingProtocol.metrics: unbound energy: 2841.2
protocols.docking.DockingProtocol.metrics: bound energy: 2841.2
protocols.docking.DockingProtocol.metrics: interaction energy: -2.72848e-12
protocols.docking.DockingProtocol.metrics: rb_jump: 1
protocols.jd2.JobDistributor: complex_0005 reported success in 9 seconds
protocols.jd2.PDBJobInputter: PDBJobInputter::pose_from_job
protocols.jd2.PDBJobInputter: filling pose from PDB input/complex.pdb
core.import_pose.import_pose: File 'input/complex.pdb' automatically determined to be of type PDB
core.io.pose_from_sfr.PoseFromSFRBuilder: Adding undetected upper terminus type to residue 1156, 1156 A
core.conformation.Conformation: [ WARNING ] missing heavyatom:  OXT on residue ALA:CtermProteinFull 1156
core.conformation.Conformation: Found disulfide between residues 49 58
core.conformation.Conformation: Found disulfide between residues 71 87
core.conformation.Conformation: Found disulfide between residues 86 97
core.conformation.Conformation: Found disulfide between residues 120 165
core.conformation.Conformation: Found disulfide between residues 164 173
core.conformation.Conformation: Found disulfide between residues 196 242
core.conformation.Conformation: Found disulfide between residues 241 249
core.conformation.Conformation: Found disulfide between residues 261 275
core.conformation.Conformation: Found disulfide between residues 274 285
core.conformation.Conformation: Found disulfide between residues 312 357
core.conformation.Conformation: Found disulfide between residues 356 365
core.conformation.Conformation: Found disulfide between residues 388 434
core.conformation.Conformation: Found disulfide between residues 433 444
core.conformation.Conformation: Found disulfide between residues 457 473
core.conformation.Conformation: Found disulfide between residues 472 483
core.conformation.Conformation: Found disulfide between residues 510 555
core.conformation.Conformation: Found disulfide between residues 554 563
core.conformation.Conformation: Found disulfide between residues 627 636
core.conformation.Conformation: Found disulfide between residues 649 665
core.conformation.Conformation: Found disulfide between residues 664 675
core.conformation.Conformation: Found disulfide between residues 698 743
core.conformation.Conformation: Found disulfide between residues 742 751
core.conformation.Conformation: Found disulfide between residues 774 820
core.conformation.Conformation: Found disulfide between residues 819 827
core.conformation.Conformation: Found disulfide between residues 839 853
core.conformation.Conformation: Found disulfide between residues 852 863
core.conformation.Conformation: Found disulfide between residues 890 935
core.conformation.Conformation: Found disulfide between residues 934 943
core.conformation.Conformation: Found disulfide between residues 966 1012
core.conformation.Conformation: Found disulfide between residues 1011 1022
core.conformation.Conformation: Found disulfide between residues 1035 1051
core.conformation.Conformation: Found disulfide between residues 1050 1061
core.conformation.Conformation: Found disulfide between residues 1088 1133
core.conformation.Conformation: Found disulfide between residues 1132 1141
protocols.docking.DockingProtocol: ////////////////////////////////////////////////////////////////////////////////
protocols.docking.DockingProtocol: ///                     Rosetta 3 Docking Protocol                           ///
protocols.docking.DockingProtocol: ///                                                                          ///
protocols.docking.DockingProtocol: /// Dockable Jumps: 1                                                        ///
protocols.docking.DockingProtocol: /// Low Resolution Docking Protocol:  off                                    ///
protocols.docking.DockingProtocol: /// High Resolution Docking Protocol:  on                                    ///
protocols.docking.DockingProtocol: /// Low Resolution Filter:  off                                              ///
protocols.docking.DockingProtocol: /// High Resolution Filter:  on                                              ///
protocols.docking.DockingProtocol: ////////////////////////////////////////////////////////////////////////////////
protocols.docking.DockMCMProtocol: in DockMCMProtocol.apply
protocols.docking.DockMCMProtocol: Using the DockingTaskFactory.
protocols.docking.DockMCMCycle: Setting up defaults for DockMCMCycle: 
protocols.docking.DockMCMCycle: ////////////////////////////////////////////////////////////////////////////////
protocols.docking.DockMCMCycle: /// Dockable Jumps: 1                                                        ///
protocols.docking.DockMCMCycle: /// Translation: 0.1                                                         ///
protocols.docking.DockMCMCycle: /// Rotation: 5                                                              ///
protocols.docking.DockMCMCycle: /// Scorefunction:                                                           ///
protocols.docking.DockMCMCycle: ScoreFunction::show():
weights: (fa_atr 1) (fa_rep 0.55) (fa_sol 1) (fa_intra_rep 0.005) (fa_intra_sol_xover4 1) (lk_ball_wtd 1) (fa_elec 1) (ch_bond_bb_bb 0.5) (pro_close 1.25) (fa_cust_pair_dist 1) (hbond_sr_bb 0.5) (hbond_lr_bb 1) (hbond_bb_sc 1) (hbond_sc 1) (dslf_fa13 1.25) (rama 0.2) (omega 0.5) (fa_dun 0.7) (p_aa_pp 0.3) (yhh_planarity 0.625) (ref 1) (rama_prepro 0.45)
energy_method_options: EnergyMethodOptions::show: aa_composition_setup_files: 
protocols.docking.DockMCMCycle: EnergyMethodOptions::show: mhc_epitope_setup_files: 
protocols.docking.DockMCMCycle: EnergyMethodOptions::show: netcharge_setup_files: 
protocols.docking.DockMCMCycle: EnergyMethodOptions::show: aspartimide_penalty_value: 25
protocols.docking.DockMCMCycle: EnergyMethodOptions::show: etable_type: FA_STANDARD_DEFAULT
analytic_etable_evaluation: 1
EnergyMethodOptions::show: method_weights: ref 1.32468 3.25479 -2.14574 -2.72453 1.21829 0.79816 -0.30065 2.30374 -0.71458 1.66147 1.65735 -1.34026 -1.64321 -1.45095 -0.09474 -0.28969 1.15175 2.64269 2.26099 0.58223
EnergyMethodOptions::show: method_weights: free_res
EnergyMethodOptions::show: unfolded_energies_type: UNFOLDED_SCORE12
protocols.docking.DockMCMCycle: EnergyMethodOptions::show: split_unfolded_label_type: SPLIT_UNFOLDED_MM
protocols.docking.DockMCMCycle: EnergyMethodOptions::show: split_unfolded_value_type: SPLIT_UNFOLDED_BOLTZ
protocols.docking.DockMCMCycle: EnergyMethodOptions::show: atom_vdw_atom_type_set_name: centroid
protocols.docking.DockMCMCycle: EnergyMethodOptions::show: covalent_labeling_input: 
protocols.docking.DockMCMCycle: EnergyMethodOptions::show: covalent_labeling_fa_input: 
protocols.docking.DockMCMCycle: EnergyMethodOptions::show: hrf_dynamics_input: 
protocols.docking.DockMCMCycle: EnergyMethodOptions::show: depc_ms_input: 
protocols.docking.DockMCMCycle: EnergyMethodOptions::show: exclude_protein_protein_fa_elec: false
protocols.docking.DockMCMCycle: EnergyMethodOptions::show: exclude_RNA_RNA_fa_elec: false
protocols.docking.DockMCMCycle: EnergyMethodOptions::show: exclude_RNA_protein_fa_elec: false
protocols.docking.DockMCMCycle: EnergyMethodOptions::show: exclude_monomer_fa_elec: false
protocols.docking.DockMCMCycle: EnergyMethodOptions::show: elec_max_dis: 5.5
protocols.docking.DockMCMCycle: EnergyMethodOptions::show: elec_min_dis: 1.6
protocols.docking.DockMCMCycle: EnergyMethodOptions::show: elec_die: 10
protocols.docking.DockMCMCycle: EnergyMethodOptions::show: elec_no_dis_dep_die: false
protocols.docking.DockMCMCycle: EnergyMethodOptions::show: elec_sigmoidal_die: true
protocols.docking.DockMCMCycle: EnergyMethodOptions::show: elec_sigmoidal_D: 80
protocols.docking.DockMCMCycle: EnergyMethodOptions::show: elec_sigmoidal_D0: 6
protocols.docking.DockMCMCycle: EnergyMethodOptions::show: elec_sigmoidal_S: 0.4
protocols.docking.DockMCMCycle: EnergyMethodOptions::show: smooth_fa_elec: true
protocols.docking.DockMCMCycle: EnergyMethodOptions::show: grpelec_fade_type: false
protocols.docking.DockMCMCycle: EnergyMethodOptions::show: grpelec_fade_param1: 1
protocols.docking.DockMCMCycle: EnergyMethodOptions::show: grpelec_fade_param2: 1
protocols.docking.DockMCMCycle: EnergyMethodOptions::show: grpelec_fade_hbond: 0
protocols.docking.DockMCMCycle: EnergyMethodOptions::show: grp_cpfxn: 1
protocols.docking.DockMCMCycle: EnergyMethodOptions::show: elec_group_file: /scoring/score_functions/elec_group_def.dat
protocols.docking.DockMCMCycle: EnergyMethodOptions::show: grpelec_context_dependent: 0
protocols.docking.DockMCMCycle: EnergyMethodOptions::show: use_polarization: true
protocols.docking.DockMCMCycle: EnergyMethodOptions::show: use_gen_kirkwood: true
protocols.docking.DockMCMCycle: EnergyMethodOptions::show: protein_dielectric: 1
protocols.docking.DockMCMCycle: EnergyMethodOptions::show: water_dielectric: 78.3
protocols.docking.DockMCMCycle: EnergyMethodOptions::show: exclude_DNA_DNA: false
protocols.docking.DockMCMCycle: EnergyMethodOptions::show: exclude_intra_res_protein: false
protocols.docking.DockMCMCycle: EnergyMethodOptions::show: count_pair_hybrid: false
protocols.docking.DockMCMCycle: EnergyMethodOptions::show: count_pair_full: false
protocols.docking.DockMCMCycle: EnergyMethodOptions::show: put_intra_into_total: false
protocols.docking.DockMCMCycle: EnergyMethodOptions::show: geom_sol_interres_path_distance_cutoff: false
protocols.docking.DockMCMCycle: EnergyMethodOptions::show: geom_sol_intrares_path_distance_cutoff: true
protocols.docking.DockMCMCycle: EnergyMethodOptions::show: eval_intrares_elec_ST_only: false
protocols.docking.DockMCMCycle: EnergyMethodOptions::show: envsmooth_zero_negatives: false
protocols.docking.DockMCMCycle: EnergyMethodOptions::show: cst_max_seq_sep: 18446744073709551615
protocols.docking.DockMCMCycle: EnergyMethodOptions::show: pb_bound_tag: bound
protocols.docking.DockMCMCycle: EnergyMethodOptions::show: pb_unbound_tag: unbound
protocols.docking.DockMCMCycle: EnergyMethodOptions::show: arg_cation_pi_his_can_be_pi: 1
protocols.docking.DockMCMCycle: EnergyMethodOptions::show: ordered_wat_penalty: 1.221
protocols.docking.DockMCMCycle: EnergyMethodOptions::show: ordered_pt_wat_penalty: 2.709
protocols.docking.DockMCMCycle: EnergyMethodOptions::show: nmer_ref_seq_length_: 9
protocols.docking.DockMCMCycle: EnergyMethodOptions::show: nmer_svm_term_length_: 3
protocols.docking.DockMCMCycle: EnergyMethodOptions::show: nmer_svm_pssm_feat_: 1
protocols.docking.DockMCMCycle: EnergyMethodOptions::show: nmer_svm_scorecut_defined_: 0
protocols.docking.DockMCMCycle: EnergyMethodOptions::show: nmer_svm_scorecut_: 0
protocols.docking.DockMCMCycle: EnergyMethodOptions::show: nmer_svm_avg_rank_as_energy_: 0
protocols.docking.DockMCMCycle: EnergyMethodOptions::show: nmer_svm_aa_matrix_defined_: 0
protocols.docking.DockMCMCycle: EnergyMethodOptions::show: nmer_svm_aa_matrix_: 
protocols.docking.DockMCMCycle: EnergyMethodOptions::show: nmer_svm_list_defined_: 0
protocols.docking.DockMCMCycle: EnergyMethodOptions::show: nmer_svm_list_: 
protocols.docking.DockMCMCycle: EnergyMethodOptions::show: nmer_svm_defined_: 0
protocols.docking.DockMCMCycle: EnergyMethodOptions::show: nmer_svm_: 
protocols.docking.DockMCMCycle: EnergyMethodOptions::show: nmer_svm_rank_list_defined_: 0
protocols.docking.DockMCMCycle: EnergyMethodOptions::show: nmer_svm_rank_list_: 
protocols.docking.DockMCMCycle: EnergyMethodOptions::show: nmer_svm_rank_defined_: 0
protocols.docking.DockMCMCycle: EnergyMethodOptions::show: nmer_svm_rank_: 
protocols.docking.DockMCMCycle: EnergyMethodOptions::show: voids_penalty_energy_containing_cones_cutoff_:6
protocols.docking.DockMCMCycle: EnergyMethodOptions::show: voids_penalty_energy_cone_distance_cutoff_: 8
protocols.docking.DockMCMCycle: EnergyMethodOptions::show: voids_penalty_energy_cone_dotproduct_cutoff_: 0.1
protocols.docking.DockMCMCycle: EnergyMethodOptions::show: voids_penalty_energy_voxel_grid_padding_: 1
protocols.docking.DockMCMCycle: EnergyMethodOptions::show: voids_penalty_energy_voxel_size_: 0.5
protocols.docking.DockMCMCycle: EnergyMethodOptions::show: voids_penalty_energy_disabled_except_during_packing_: TRUE
protocols.docking.DockMCMCycle: EnergyMethodOptions::show: hbnet_bonus_ramping_function_: "quadratic"
protocols.docking.DockMCMCycle: EnergyMethodOptions::show: hbnet_max_network_size_: 0
protocols.docking.DockMCMCycle: EnergyMethodOptions::show: approximate_buried_unsat_penalty_hbond_energy_threshold_: -0.25
protocols.docking.DockMCMCycle: EnergyMethodOptions::show: approximate_buried_unsat_penalty_burial_atomic_depth_: 4.5
protocols.docking.DockMCMCycle: EnergyMethodOptions::show: approximate_buried_unsat_penalty_burial_probe_radius_: 2.3
protocols.docking.DockMCMCycle: EnergyMethodOptions::show: approximate_buried_unsat_penalty_burial_resolution_: 0.5
protocols.docking.DockMCMCycle: EnergyMethodOptions::show: approximate_buried_unsat_penalty_oversat_penalty_: 1
protocols.docking.DockMCMCycle: EnergyMethodOptions::show: approximate_buried_unsat_penalty_assume_const_backbone_:1
protocols.docking.DockMCMCycle: EnergyMethodOptions::show: approximate_buried_unsat_penalty_natural_corrections1_:0
protocols.docking.DockMCMCycle: EnergyMethodOptions::show: approximate_buried_unsat_penalty_hbond_bonus_cross_chain_:0
protocols.docking.DockMCMCycle: EnergyMethodOptions::show: approximate_buried_unsat_penalty_hbond_bonus_ser_to_helix_bb_:0
protocols.docking.DockMCMCycle: EnergyMethodOptions::show: approximate_buried_unsat_penalty_lys_ok_with_1_:0
protocols.docking.DockMCMCycle: EnergyMethodOptions::show: target_clash_pdb_:
protocols.docking.DockMCMCycle: EnergyMethodOptions::show: dump_trajectory_prefix_: traj
protocols.docking.DockMCMCycle: EnergyMethodOptions::show: dump_trajectory_gz_: FALSE
protocols.docking.DockMCMCycle: EnergyMethodOptions::show: dump_trajectory_stride_: 1
protocols.docking.DockMCMCycle: EnergyMethodOptions::show: bond_angle_central_atoms_to_score:
protocols.docking.DockMCMCycle: EnergyMethodOptions::show: bond_angle_residue_type_param_set: none
protocols.docking.DockMCMCycle: HBondOptions::show: hb_max_energy: 0
protocols.docking.DockMCMCycle: HBondOptions::show: exclude_DNA_DNA: false
protocols.docking.DockMCMCycle: HBondOptions::show: exclude_intra_res_protein_: false
protocols.docking.DockMCMCycle: HBondOptions::show: exclude_intra_res_RNA_: false
protocols.docking.DockMCMCycle: HBondOptions::show: put_intra_into_total_: false
protocols.docking.DockMCMCycle: HBondOptions::show: exclude_self_hbonds: true
protocols.docking.DockMCMCycle: HBondOptions::show: use_hb_env_dep: false
protocols.docking.DockMCMCycle: HBondOptions::show: use_hb_env_dep_DNA: true
protocols.docking.DockMCMCycle: HBondOptions::show: smooth_hb_env_dep: true
protocols.docking.DockMCMCycle: HBondOptions::show: bb_donor_acceptor_check: true
protocols.docking.DockMCMCycle: HBondOptions::show: decompose_bb_hb_into_pair_energies: false
protocols.docking.DockMCMCycle: HBondOptions::show: params_database_tag_: ref2015_params
protocols.docking.DockMCMCycle: HBondOptions::show: use_sp2_chi_penalty_: true
protocols.docking.DockMCMCycle: HBondOptions::show: sp2_BAH180_rise_: 0.75
protocols.docking.DockMCMCycle: HBondOptions::show: sp2_outer_width_: 0.357
protocols.docking.DockMCMCycle: HBondOptions::show: measure_sp3acc_BAH_from_hvy_: true
protocols.docking.DockMCMCycle: HBondOptions::show: fade_energy_: 1
protocols.docking.DockMCMCycle: HBondOptions::show: exclude_ether_oxygens_: 0
protocols.docking.DockMCMCycle: HBondOptions::show: Mbhbond: false 
protocols.docking.DockMCMCycle: HbondOptions::show: mphbond: false
protocols.docking.DockMCMCycle: HBondOptions::show: hbond_energy_shift: 0
protocols.docking.DockMCMCycle: HBondOptions::show: water_hybrid_sf: false
protocols.docking.DockMCMCycle: RNA_EnergyMethodOptions::show: syn_G_potential_bonus: 0
protocols.docking.DockMCMCycle: RNA_EnergyMethodOptions::show: torsion_potential: ps_04282011
protocols.docking.DockMCMCycle: RNA_EnergyMethodOptions::show: suiteness_bonus: Richardson
protocols.docking.DockMCMCycle: RNA_EnergyMethodOptions::show: rna_base_pair_xy_filename: scoring/rna/rna_base_pair_xy.dat
protocols.docking.DockMCMCycle: FreeDOF_Options::show: free_suite_bonus: -1
protocols.docking.DockMCMCycle: FreeDOF_Options::show: free_2HOprime_bonus: -0.5
protocols.docking.DockMCMCycle: FreeDOF_Options::show: free_sugar_bonus: -1
protocols.docking.DockMCMCycle: FreeDOF_Options::show: pack_phosphate_penalty: 0.25
protocols.docking.DockMCMCycle: FreeDOF_Options::show: free_side_chain_bonus: -0.5
protocols.docking.DockMCMCycle: 
protocols.docking.DockMCMCycle: 
protocols.docking.DockMCMCycle: /// Packing scorefunction:                                                   ///
protocols.docking.DockMCMCycle: ScoreFunction::show():
weights: (fa_atr 1) (fa_rep 0.55) (fa_sol 1) (fa_intra_rep 0.005) (fa_intra_sol_xover4 1) (lk_ball_wtd 1) (fa_elec 1) (ch_bond_bb_bb 0.5) (pro_close 1.25) (fa_cust_pair_dist 1) (hbond_sr_bb 0.5) (hbond_lr_bb 1) (hbond_bb_sc 1) (hbond_sc 1) (dslf_fa13 1.25) (rama 0.2) (omega 0.5) (fa_dun 0.7) (p_aa_pp 0.3) (yhh_planarity 0.625) (ref 1) (rama_prepro 0.45)
energy_method_options: EnergyMethodOptions::show: aa_composition_setup_files: 
protocols.docking.DockMCMCycle: EnergyMethodOptions::show: mhc_epitope_setup_files: 
protocols.docking.DockMCMCycle: EnergyMethodOptions::show: netcharge_setup_files: 
protocols.docking.DockMCMCycle: EnergyMethodOptions::show: aspartimide_penalty_value: 25
protocols.docking.DockMCMCycle: EnergyMethodOptions::show: etable_type: FA_STANDARD_DEFAULT
analytic_etable_evaluation: 1
EnergyMethodOptions::show: method_weights: ref 1.32468 3.25479 -2.14574 -2.72453 1.21829 0.79816 -0.30065 2.30374 -0.71458 1.66147 1.65735 -1.34026 -1.64321 -1.45095 -0.09474 -0.28969 1.15175 2.64269 2.26099 0.58223
EnergyMethodOptions::show: method_weights: free_res
EnergyMethodOptions::show: unfolded_energies_type: UNFOLDED_SCORE12
protocols.docking.DockMCMCycle: EnergyMethodOptions::show: split_unfolded_label_type: SPLIT_UNFOLDED_MM
protocols.docking.DockMCMCycle: EnergyMethodOptions::show: split_unfolded_value_type: SPLIT_UNFOLDED_BOLTZ
protocols.docking.DockMCMCycle: EnergyMethodOptions::show: atom_vdw_atom_type_set_name: centroid
protocols.docking.DockMCMCycle: EnergyMethodOptions::show: covalent_labeling_input: 
protocols.docking.DockMCMCycle: EnergyMethodOptions::show: covalent_labeling_fa_input: 
protocols.docking.DockMCMCycle: EnergyMethodOptions::show: hrf_dynamics_input: 
protocols.docking.DockMCMCycle: EnergyMethodOptions::show: depc_ms_input: 
protocols.docking.DockMCMCycle: EnergyMethodOptions::show: exclude_protein_protein_fa_elec: false
protocols.docking.DockMCMCycle: EnergyMethodOptions::show: exclude_RNA_RNA_fa_elec: false
protocols.docking.DockMCMCycle: EnergyMethodOptions::show: exclude_RNA_protein_fa_elec: false
protocols.docking.DockMCMCycle: EnergyMethodOptions::show: exclude_monomer_fa_elec: false
protocols.docking.DockMCMCycle: EnergyMethodOptions::show: elec_max_dis: 5.5
protocols.docking.DockMCMCycle: EnergyMethodOptions::show: elec_min_dis: 1.6
protocols.docking.DockMCMCycle: EnergyMethodOptions::show: elec_die: 10
protocols.docking.DockMCMCycle: EnergyMethodOptions::show: elec_no_dis_dep_die: false
protocols.docking.DockMCMCycle: EnergyMethodOptions::show: elec_sigmoidal_die: true
protocols.docking.DockMCMCycle: EnergyMethodOptions::show: elec_sigmoidal_D: 80
protocols.docking.DockMCMCycle: EnergyMethodOptions::show: elec_sigmoidal_D0: 6
protocols.docking.DockMCMCycle: EnergyMethodOptions::show: elec_sigmoidal_S: 0.4
protocols.docking.DockMCMCycle: EnergyMethodOptions::show: smooth_fa_elec: true
protocols.docking.DockMCMCycle: EnergyMethodOptions::show: grpelec_fade_type: false
protocols.docking.DockMCMCycle: EnergyMethodOptions::show: grpelec_fade_param1: 1
protocols.docking.DockMCMCycle: EnergyMethodOptions::show: grpelec_fade_param2: 1
protocols.docking.DockMCMCycle: EnergyMethodOptions::show: grpelec_fade_hbond: 0
protocols.docking.DockMCMCycle: EnergyMethodOptions::show: grp_cpfxn: 1
protocols.docking.DockMCMCycle: EnergyMethodOptions::show: elec_group_file: /scoring/score_functions/elec_group_def.dat
protocols.docking.DockMCMCycle: EnergyMethodOptions::show: grpelec_context_dependent: 0
protocols.docking.DockMCMCycle: EnergyMethodOptions::show: use_polarization: true
protocols.docking.DockMCMCycle: EnergyMethodOptions::show: use_gen_kirkwood: true
protocols.docking.DockMCMCycle: EnergyMethodOptions::show: protein_dielectric: 1
protocols.docking.DockMCMCycle: EnergyMethodOptions::show: water_dielectric: 78.3
protocols.docking.DockMCMCycle: EnergyMethodOptions::show: exclude_DNA_DNA: false
protocols.docking.DockMCMCycle: EnergyMethodOptions::show: exclude_intra_res_protein: false
protocols.docking.DockMCMCycle: EnergyMethodOptions::show: count_pair_hybrid: false
protocols.docking.DockMCMCycle: EnergyMethodOptions::show: count_pair_full: false
protocols.docking.DockMCMCycle: EnergyMethodOptions::show: put_intra_into_total: false
protocols.docking.DockMCMCycle: EnergyMethodOptions::show: geom_sol_interres_path_distance_cutoff: false
protocols.docking.DockMCMCycle: EnergyMethodOptions::show: geom_sol_intrares_path_distance_cutoff: true
protocols.docking.DockMCMCycle: EnergyMethodOptions::show: eval_intrares_elec_ST_only: false
protocols.docking.DockMCMCycle: EnergyMethodOptions::show: envsmooth_zero_negatives: false
protocols.docking.DockMCMCycle: EnergyMethodOptions::show: cst_max_seq_sep: 18446744073709551615
protocols.docking.DockMCMCycle: EnergyMethodOptions::show: pb_bound_tag: bound
protocols.docking.DockMCMCycle: EnergyMethodOptions::show: pb_unbound_tag: unbound
protocols.docking.DockMCMCycle: EnergyMethodOptions::show: arg_cation_pi_his_can_be_pi: 1
protocols.docking.DockMCMCycle: EnergyMethodOptions::show: ordered_wat_penalty: 1.221
protocols.docking.DockMCMCycle: EnergyMethodOptions::show: ordered_pt_wat_penalty: 2.709
protocols.docking.DockMCMCycle: EnergyMethodOptions::show: nmer_ref_seq_length_: 9
protocols.docking.DockMCMCycle: EnergyMethodOptions::show: nmer_svm_term_length_: 3
protocols.docking.DockMCMCycle: EnergyMethodOptions::show: nmer_svm_pssm_feat_: 1
protocols.docking.DockMCMCycle: EnergyMethodOptions::show: nmer_svm_scorecut_defined_: 0
protocols.docking.DockMCMCycle: EnergyMethodOptions::show: nmer_svm_scorecut_: 0
protocols.docking.DockMCMCycle: EnergyMethodOptions::show: nmer_svm_avg_rank_as_energy_: 0
protocols.docking.DockMCMCycle: EnergyMethodOptions::show: nmer_svm_aa_matrix_defined_: 0
protocols.docking.DockMCMCycle: EnergyMethodOptions::show: nmer_svm_aa_matrix_: 
protocols.docking.DockMCMCycle: EnergyMethodOptions::show: nmer_svm_list_defined_: 0
protocols.docking.DockMCMCycle: EnergyMethodOptions::show: nmer_svm_list_: 
protocols.docking.DockMCMCycle: EnergyMethodOptions::show: nmer_svm_defined_: 0
protocols.docking.DockMCMCycle: EnergyMethodOptions::show: nmer_svm_: 
protocols.docking.DockMCMCycle: EnergyMethodOptions::show: nmer_svm_rank_list_defined_: 0
protocols.docking.DockMCMCycle: EnergyMethodOptions::show: nmer_svm_rank_list_: 
protocols.docking.DockMCMCycle: EnergyMethodOptions::show: nmer_svm_rank_defined_: 0
protocols.docking.DockMCMCycle: EnergyMethodOptions::show: nmer_svm_rank_: 
protocols.docking.DockMCMCycle: EnergyMethodOptions::show: voids_penalty_energy_containing_cones_cutoff_:6
protocols.docking.DockMCMCycle: EnergyMethodOptions::show: voids_penalty_energy_cone_distance_cutoff_: 8
protocols.docking.DockMCMCycle: EnergyMethodOptions::show: voids_penalty_energy_cone_dotproduct_cutoff_: 0.1
protocols.docking.DockMCMCycle: EnergyMethodOptions::show: voids_penalty_energy_voxel_grid_padding_: 1
protocols.docking.DockMCMCycle: EnergyMethodOptions::show: voids_penalty_energy_voxel_size_: 0.5
protocols.docking.DockMCMCycle: EnergyMethodOptions::show: voids_penalty_energy_disabled_except_during_packing_: TRUE
protocols.docking.DockMCMCycle: EnergyMethodOptions::show: hbnet_bonus_ramping_function_: "quadratic"
protocols.docking.DockMCMCycle: EnergyMethodOptions::show: hbnet_max_network_size_: 0
protocols.docking.DockMCMCycle: EnergyMethodOptions::show: approximate_buried_unsat_penalty_hbond_energy_threshold_: -0.25
protocols.docking.DockMCMCycle: EnergyMethodOptions::show: approximate_buried_unsat_penalty_burial_atomic_depth_: 4.5
protocols.docking.DockMCMCycle: EnergyMethodOptions::show: approximate_buried_unsat_penalty_burial_probe_radius_: 2.3
protocols.docking.DockMCMCycle: EnergyMethodOptions::show: approximate_buried_unsat_penalty_burial_resolution_: 0.5
protocols.docking.DockMCMCycle: EnergyMethodOptions::show: approximate_buried_unsat_penalty_oversat_penalty_: 1
protocols.docking.DockMCMCycle: EnergyMethodOptions::show: approximate_buried_unsat_penalty_assume_const_backbone_:1
protocols.docking.DockMCMCycle: EnergyMethodOptions::show: approximate_buried_unsat_penalty_natural_corrections1_:0
protocols.docking.DockMCMCycle: EnergyMethodOptions::show: approximate_buried_unsat_penalty_hbond_bonus_cross_chain_:0
protocols.docking.DockMCMCycle: EnergyMethodOptions::show: approximate_buried_unsat_penalty_hbond_bonus_ser_to_helix_bb_:0
protocols.docking.DockMCMCycle: EnergyMethodOptions::show: approximate_buried_unsat_penalty_lys_ok_with_1_:0
protocols.docking.DockMCMCycle: EnergyMethodOptions::show: target_clash_pdb_:
protocols.docking.DockMCMCycle: EnergyMethodOptions::show: dump_trajectory_prefix_: traj
protocols.docking.DockMCMCycle: EnergyMethodOptions::show: dump_trajectory_gz_: FALSE
protocols.docking.DockMCMCycle: EnergyMethodOptions::show: dump_trajectory_stride_: 1
protocols.docking.DockMCMCycle: EnergyMethodOptions::show: bond_angle_central_atoms_to_score:
protocols.docking.DockMCMCycle: EnergyMethodOptions::show: bond_angle_residue_type_param_set: none
protocols.docking.DockMCMCycle: HBondOptions::show: hb_max_energy: 0
protocols.docking.DockMCMCycle: HBondOptions::show: exclude_DNA_DNA: false
protocols.docking.DockMCMCycle: HBondOptions::show: exclude_intra_res_protein_: false
protocols.docking.DockMCMCycle: HBondOptions::show: exclude_intra_res_RNA_: false
protocols.docking.DockMCMCycle: HBondOptions::show: put_intra_into_total_: false
protocols.docking.DockMCMCycle: HBondOptions::show: exclude_self_hbonds: true
protocols.docking.DockMCMCycle: HBondOptions::show: use_hb_env_dep: false
protocols.docking.DockMCMCycle: HBondOptions::show: use_hb_env_dep_DNA: true
protocols.docking.DockMCMCycle: HBondOptions::show: smooth_hb_env_dep: true
protocols.docking.DockMCMCycle: HBondOptions::show: bb_donor_acceptor_check: true
protocols.docking.DockMCMCycle: HBondOptions::show: decompose_bb_hb_into_pair_energies: false
protocols.docking.DockMCMCycle: HBondOptions::show: params_database_tag_: ref2015_params
protocols.docking.DockMCMCycle: HBondOptions::show: use_sp2_chi_penalty_: true
protocols.docking.DockMCMCycle: HBondOptions::show: sp2_BAH180_rise_: 0.75
protocols.docking.DockMCMCycle: HBondOptions::show: sp2_outer_width_: 0.357
protocols.docking.DockMCMCycle: HBondOptions::show: measure_sp3acc_BAH_from_hvy_: true
protocols.docking.DockMCMCycle: HBondOptions::show: fade_energy_: 1
protocols.docking.DockMCMCycle: HBondOptions::show: exclude_ether_oxygens_: 0
protocols.docking.DockMCMCycle: HBondOptions::show: Mbhbond: false 
protocols.docking.DockMCMCycle: HbondOptions::show: mphbond: false
protocols.docking.DockMCMCycle: HBondOptions::show: hbond_energy_shift: 0
protocols.docking.DockMCMCycle: HBondOptions::show: water_hybrid_sf: false
protocols.docking.DockMCMCycle: RNA_EnergyMethodOptions::show: syn_G_potential_bonus: 0
protocols.docking.DockMCMCycle: RNA_EnergyMethodOptions::show: torsion_potential: ps_04282011
protocols.docking.DockMCMCycle: RNA_EnergyMethodOptions::show: suiteness_bonus: Richardson
protocols.docking.DockMCMCycle: RNA_EnergyMethodOptions::show: rna_base_pair_xy_filename: scoring/rna/rna_base_pair_xy.dat
protocols.docking.DockMCMCycle: FreeDOF_Options::show: free_suite_bonus: -1
protocols.docking.DockMCMCycle: FreeDOF_Options::show: free_2HOprime_bonus: -0.5
protocols.docking.DockMCMCycle: FreeDOF_Options::show: free_sugar_bonus: -1
protocols.docking.DockMCMCycle: FreeDOF_Options::show: pack_phosphate_penalty: 0.25
protocols.docking.DockMCMCycle: FreeDOF_Options::show: free_side_chain_bonus: -0.5
protocols.docking.DockMCMCycle: 
protocols.docking.DockMCMCycle: 
protocols.docking.DockMCMCycle: ////////////////////////////////////////////////////////////////////////////////
core.pack.task: Packer task: initialize from command line() 
core.pack.pack_rotamers: built 0 rotamers at 0 positions.
core.pack.interaction_graph.interaction_graph_factory: Instantiating DensePDInteractionGraph
basic.thread_manager.RosettaThreadManager: [ WARNING ] A work vector of size zero was passed to the RosettaThreadManager!  Duly returning without doing anything.
protocols.geometry.RB_geometry: [ WARNING ] centroids_by_jump_int called but no interface detected!!
protocols.geometry.RB_geometry: [ WARNING ] calling centroids_by_jump...
core.pack.task: Packer task: initialize from command line() 
protocols.geometry.RB_geometry: [ WARNING ] centroids_by_jump_int called but no interface detected!!
protocols.geometry.RB_geometry: [ WARNING ] calling centroids_by_jump...
core.pack.task: Packer task: initialize from command line() 
protocols.geometry.RB_geometry: [ WARNING ] centroids_by_jump_int called but no interface detected!!
protocols.geometry.RB_geometry: [ WARNING ] calling centroids_by_jump...
core.pack.task: Packer task: initialize from command line() 
protocols.geometry.RB_geometry: [ WARNING ] centroids_by_jump_int called but no interface detected!!
protocols.geometry.RB_geometry: [ WARNING ] calling centroids_by_jump...
core.pack.task: Packer task: initialize from command line() 
protocols.geometry.RB_geometry: [ WARNING ] centroids_by_jump_int called but no interface detected!!
protocols.geometry.RB_geometry: [ WARNING ] calling centroids_by_jump...
core.pack.task: Packer task: initialize from command line() 
protocols.geometry.RB_geometry: [ WARNING ] centroids_by_jump_int called but no interface detected!!
protocols.geometry.RB_geometry: [ WARNING ] calling centroids_by_jump...
core.pack.task: Packer task: initialize from command line() 
protocols.geometry.RB_geometry: [ WARNING ] centroids_by_jump_int called but no interface detected!!
protocols.geometry.RB_geometry: [ WARNING ] calling centroids_by_jump...
core.pack.task: Packer task: initialize from command line() 
protocols.geometry.RB_geometry: [ WARNING ] centroids_by_jump_int called but no interface detected!!
protocols.geometry.RB_geometry: [ WARNING ] calling centroids_by_jump...
core.pack.task: Packer task: initialize from command line() 
protocols.geometry.RB_geometry: [ WARNING ] centroids_by_jump_int called but no interface detected!!
protocols.geometry.RB_geometry: [ WARNING ] calling centroids_by_jump...
core.pack.task: Packer task: initialize from command line() 
protocols.geometry.RB_geometry: [ WARNING ] centroids_by_jump_int called but no interface detected!!
protocols.geometry.RB_geometry: [ WARNING ] calling centroids_by_jump...
core.pack.task: Packer task: initialize from command line() 
protocols.geometry.RB_geometry: [ WARNING ] centroids_by_jump_int called but no interface detected!!
protocols.geometry.RB_geometry: [ WARNING ] calling centroids_by_jump...
core.pack.task: Packer task: initialize from command line() 
protocols.geometry.RB_geometry: [ WARNING ] centroids_by_jump_int called but no interface detected!!
protocols.geometry.RB_geometry: [ WARNING ] calling centroids_by_jump...
core.pack.task: Packer task: initialize from command line() 
core.pack.task: Packer task: initialize from command line() 
core.pack.pack_rotamers: built 0 rotamers at 0 positions.
core.pack.interaction_graph.interaction_graph_factory: Instantiating DensePDInteractionGraph
basic.thread_manager.RosettaThreadManager: [ WARNING ] A work vector of size zero was passed to the RosettaThreadManager!  Duly returning without doing anything.
protocols.geometry.RB_geometry: [ WARNING ] centroids_by_jump_int called but no interface detected!!
protocols.geometry.RB_geometry: [ WARNING ] calling centroids_by_jump...
core.pack.task: Packer task: initialize from command line() 
protocols.geometry.RB_geometry: [ WARNING ] centroids_by_jump_int called but no interface detected!!
protocols.geometry.RB_geometry: [ WARNING ] calling centroids_by_jump...
core.pack.task: Packer task: initialize from command line() 
protocols.geometry.RB_geometry: [ WARNING ] centroids_by_jump_int called but no interface detected!!
protocols.geometry.RB_geometry: [ WARNING ] calling centroids_by_jump...
core.pack.task: Packer task: initialize from command line() 
protocols.geometry.RB_geometry: [ WARNING ] centroids_by_jump_int called but no interface detected!!
protocols.geometry.RB_geometry: [ WARNING ] calling centroids_by_jump...
core.pack.task: Packer task: initialize from command line() 
protocols.geometry.RB_geometry: [ WARNING ] centroids_by_jump_int called but no interface detected!!
protocols.geometry.RB_geometry: [ WARNING ] calling centroids_by_jump...
core.pack.task: Packer task: initialize from command line() 
protocols.geometry.RB_geometry: [ WARNING ] centroids_by_jump_int called but no interface detected!!
protocols.geometry.RB_geometry: [ WARNING ] calling centroids_by_jump...
core.pack.task: Packer task: initialize from command line() 
protocols.geometry.RB_geometry: [ WARNING ] centroids_by_jump_int called but no interface detected!!
protocols.geometry.RB_geometry: [ WARNING ] calling centroids_by_jump...
core.pack.task: Packer task: initialize from command line() 
protocols.geometry.RB_geometry: [ WARNING ] centroids_by_jump_int called but no interface detected!!
protocols.geometry.RB_geometry: [ WARNING ] calling centroids_by_jump...
core.pack.task: Packer task: initialize from command line() 
core.pack.task: Packer task: initialize from command line() 
core.pack.pack_rotamers: built 0 rotamers at 0 positions.
core.pack.interaction_graph.interaction_graph_factory: Instantiating DensePDInteractionGraph
basic.thread_manager.RosettaThreadManager: [ WARNING ] A work vector of size zero was passed to the RosettaThreadManager!  Duly returning without doing anything.
protocols.geometry.RB_geometry: [ WARNING ] centroids_by_jump_int called but no interface detected!!
protocols.geometry.RB_geometry: [ WARNING ] calling centroids_by_jump...
core.pack.task: Packer task: initialize from command line() 
protocols.geometry.RB_geometry: [ WARNING ] centroids_by_jump_int called but no interface detected!!
protocols.geometry.RB_geometry: [ WARNING ] calling centroids_by_jump...
core.pack.task: Packer task: initialize from command line() 
protocols.geometry.RB_geometry: [ WARNING ] centroids_by_jump_int called but no interface detected!!
protocols.geometry.RB_geometry: [ WARNING ] calling centroids_by_jump...
core.pack.task: Packer task: initialize from command line() 
protocols.geometry.RB_geometry: [ WARNING ] centroids_by_jump_int called but no interface detected!!
protocols.geometry.RB_geometry: [ WARNING ] calling centroids_by_jump...
core.pack.task: Packer task: initialize from command line() 
protocols.geometry.RB_geometry: [ WARNING ] centroids_by_jump_int called but no interface detected!!
protocols.geometry.RB_geometry: [ WARNING ] calling centroids_by_jump...
core.pack.task: Packer task: initialize from command line() 
protocols.geometry.RB_geometry: [ WARNING ] centroids_by_jump_int called but no interface detected!!
protocols.geometry.RB_geometry: [ WARNING ] calling centroids_by_jump...
core.pack.task: Packer task: initialize from command line() 
protocols.geometry.RB_geometry: [ WARNING ] centroids_by_jump_int called but no interface detected!!
protocols.geometry.RB_geometry: [ WARNING ] calling centroids_by_jump...
core.pack.task: Packer task: initialize from command line() 
protocols.geometry.RB_geometry: [ WARNING ] centroids_by_jump_int called but no interface detected!!
protocols.geometry.RB_geometry: [ WARNING ] calling centroids_by_jump...
core.pack.task: Packer task: initialize from command line() 
core.pack.task: Packer task: initialize from command line() 
core.pack.pack_rotamers: built 0 rotamers at 0 positions.
core.pack.interaction_graph.interaction_graph_factory: Instantiating DensePDInteractionGraph
basic.thread_manager.RosettaThreadManager: [ WARNING ] A work vector of size zero was passed to the RosettaThreadManager!  Duly returning without doing anything.
protocols.geometry.RB_geometry: [ WARNING ] centroids_by_jump_int called but no interface detected!!
protocols.geometry.RB_geometry: [ WARNING ] calling centroids_by_jump...
core.pack.task: Packer task: initialize from command line() 
protocols.geometry.RB_geometry: [ WARNING ] centroids_by_jump_int called but no interface detected!!
protocols.geometry.RB_geometry: [ WARNING ] calling centroids_by_jump...
core.pack.task: Packer task: initialize from command line() 
protocols.geometry.RB_geometry: [ WARNING ] centroids_by_jump_int called but no interface detected!!
protocols.geometry.RB_geometry: [ WARNING ] calling centroids_by_jump...
core.pack.task: Packer task: initialize from command line() 
protocols.geometry.RB_geometry: [ WARNING ] centroids_by_jump_int called but no interface detected!!
protocols.geometry.RB_geometry: [ WARNING ] calling centroids_by_jump...
core.pack.task: Packer task: initialize from command line() 
protocols.geometry.RB_geometry: [ WARNING ] centroids_by_jump_int called but no interface detected!!
protocols.geometry.RB_geometry: [ WARNING ] calling centroids_by_jump...
core.pack.task: Packer task: initialize from command line() 
protocols.geometry.RB_geometry: [ WARNING ] centroids_by_jump_int called but no interface detected!!
protocols.geometry.RB_geometry: [ WARNING ] calling centroids_by_jump...
core.pack.task: Packer task: initialize from command line() 
protocols.geometry.RB_geometry: [ WARNING ] centroids_by_jump_int called but no interface detected!!
protocols.geometry.RB_geometry: [ WARNING ] calling centroids_by_jump...
core.pack.task: Packer task: initialize from command line() 
protocols.geometry.RB_geometry: [ WARNING ] centroids_by_jump_int called but no interface detected!!
protocols.geometry.RB_geometry: [ WARNING ] calling centroids_by_jump...
core.pack.task: Packer task: initialize from command line() 
core.pack.task: Packer task: initialize from command line() 
core.pack.pack_rotamers: built 0 rotamers at 0 positions.
core.pack.interaction_graph.interaction_graph_factory: Instantiating DensePDInteractionGraph
basic.thread_manager.RosettaThreadManager: [ WARNING ] A work vector of size zero was passed to the RosettaThreadManager!  Duly returning without doing anything.
protocols.geometry.RB_geometry: [ WARNING ] centroids_by_jump_int called but no interface detected!!
protocols.geometry.RB_geometry: [ WARNING ] calling centroids_by_jump...
core.pack.task: Packer task: initialize from command line() 
protocols.geometry.RB_geometry: [ WARNING ] centroids_by_jump_int called but no interface detected!!
protocols.geometry.RB_geometry: [ WARNING ] calling centroids_by_jump...
core.pack.task: Packer task: initialize from command line() 
protocols.geometry.RB_geometry: [ WARNING ] centroids_by_jump_int called but no interface detected!!
protocols.geometry.RB_geometry: [ WARNING ] calling centroids_by_jump...
core.pack.task: Packer task: initialize from command line() 
protocols.geometry.RB_geometry: [ WARNING ] centroids_by_jump_int called but no interface detected!!
protocols.geometry.RB_geometry: [ WARNING ] calling centroids_by_jump...
core.pack.task: Packer task: initialize from command line() 
protocols.geometry.RB_geometry: [ WARNING ] centroids_by_jump_int called but no interface detected!!
protocols.geometry.RB_geometry: [ WARNING ] calling centroids_by_jump...
core.pack.task: Packer task: initialize from command line() 
protocols.geometry.RB_geometry: [ WARNING ] centroids_by_jump_int called but no interface detected!!
protocols.geometry.RB_geometry: [ WARNING ] calling centroids_by_jump...
core.pack.task: Packer task: initialize from command line() 
protocols.geometry.RB_geometry: [ WARNING ] centroids_by_jump_int called but no interface detected!!
protocols.geometry.RB_geometry: [ WARNING ] calling centroids_by_jump...
core.pack.task: Packer task: initialize from command line() 
protocols.geometry.RB_geometry: [ WARNING ] centroids_by_jump_int called but no interface detected!!
protocols.geometry.RB_geometry: [ WARNING ] calling centroids_by_jump...
core.pack.task: Packer task: initialize from command line() 
core.pack.task: Packer task: initialize from command line() 
core.pack.pack_rotamers: built 0 rotamers at 0 positions.
core.pack.interaction_graph.interaction_graph_factory: Instantiating DensePDInteractionGraph
basic.thread_manager.RosettaThreadManager: [ WARNING ] A work vector of size zero was passed to the RosettaThreadManager!  Duly returning without doing anything.
protocols.geometry.RB_geometry: [ WARNING ] centroids_by_jump_int called but no interface detected!!
protocols.geometry.RB_geometry: [ WARNING ] calling centroids_by_jump...
core.pack.task: Packer task: initialize from command line() 
protocols.geometry.RB_geometry: [ WARNING ] centroids_by_jump_int called but no interface detected!!
protocols.geometry.RB_geometry: [ WARNING ] calling centroids_by_jump...
core.pack.task: Packer task: initialize from command line() 
protocols.geometry.RB_geometry: [ WARNING ] centroids_by_jump_int called but no interface detected!!
protocols.geometry.RB_geometry: [ WARNING ] calling centroids_by_jump...
core.pack.task: Packer task: initialize from command line() 
protocols.geometry.RB_geometry: [ WARNING ] centroids_by_jump_int called but no interface detected!!
protocols.geometry.RB_geometry: [ WARNING ] calling centroids_by_jump...
core.pack.task: Packer task: initialize from command line() 
protocols.geometry.RB_geometry: [ WARNING ] centroids_by_jump_int called but no interface detected!!
protocols.geometry.RB_geometry: [ WARNING ] calling centroids_by_jump...
core.pack.task: Packer task: initialize from command line() 
protocols.docking.DockingProtocol.metrics: unbound pose: 
protocols.docking.DockingProtocol.metrics: 
------------------------------------------------------------
 Scores                       Weight   Raw Score Wghtd.Score
------------------------------------------------------------
 fa_atr                       1.000   -6814.833   -6814.833
 fa_rep                       0.550    3983.246    2190.785
 fa_sol                       1.000    4682.917    4682.917
 fa_intra_rep                 0.005    3194.729      15.974
 fa_intra_sol_xover4          1.000     246.907     246.907
 lk_ball_wtd                  1.000    -161.300    -161.300
 fa_elec                      1.000   -1499.849   -1499.849
 ch_bond_bb_bb                0.500      -8.411      -4.206
 pro_close                    1.250     140.227     175.284
 fa_cust_pair_dist            1.000       9.279       9.279
 hbond_sr_bb                  0.500    -592.797    -296.398
 hbond_lr_bb                  1.000     -10.047     -10.047
 hbond_bb_sc                  1.000     -54.883     -54.883
 hbond_sc                     1.000     -59.088     -59.088
 dslf_fa13                    1.250     -29.686     -37.108
 rama                         0.200    -306.444     -61.289
 omega                        0.500      34.363      17.182
 fa_dun                       0.700    5585.591    3909.914
 p_aa_pp                      0.300     -77.468     -23.240
 yhh_planarity                0.625       0.000       0.000
 ref                          1.000     261.134     261.134
 rama_prepro                  0.450     786.808     354.064
---------------------------------------------------
 Total weighted score:                     2841.198
protocols.docking.DockingProtocol.metrics: bound pose: 
protocols.docking.DockingProtocol.metrics: 
------------------------------------------------------------
 Scores                       Weight   Raw Score Wghtd.Score
------------------------------------------------------------
 fa_atr                       1.000   -6814.833   -6814.833
 fa_rep                       0.550    3983.246    2190.785
 fa_sol                       1.000    4682.917    4682.917
 fa_intra_rep                 0.005    3194.729      15.974
 fa_intra_sol_xover4          1.000     246.907     246.907
 lk_ball_wtd                  1.000    -161.300    -161.300
 fa_elec                      1.000   -1499.849   -1499.849
 ch_bond_bb_bb                0.500      -8.411      -4.206
 pro_close                    1.250     140.227     175.284
 fa_cust_pair_dist            1.000       9.279       9.279
 hbond_sr_bb                  0.500    -592.797    -296.398
 hbond_lr_bb                  1.000     -10.047     -10.047
 hbond_bb_sc                  1.000     -54.883     -54.883
 hbond_sc                     1.000     -59.088     -59.088
 dslf_fa13                    1.250     -29.686     -37.108
 rama                         0.200    -306.444     -61.289
 omega                        0.500      34.363      17.182
 fa_dun                       0.700    5585.591    3909.914
 p_aa_pp                      0.300     -77.468     -23.240
 yhh_planarity                0.625       0.000       0.000
 ref                          1.000     261.134     261.134
 rama_prepro                  0.450     786.808     354.064
---------------------------------------------------
 Total weighted score:                     2841.198
protocols.docking.DockingProtocol.metrics: unbound energy: 2841.2
protocols.docking.DockingProtocol.metrics: bound energy: 2841.2
protocols.docking.DockingProtocol.metrics: interaction energy: -2.72848e-12
protocols.docking.DockingProtocol.metrics: rb_jump: 1
protocols.docking.DockingProtocol.metrics: unbound pose: 
protocols.docking.DockingProtocol.metrics: 
------------------------------------------------------------
 Scores                       Weight   Raw Score Wghtd.Score
------------------------------------------------------------
 fa_atr                       1.000   -6814.833   -6814.833
 fa_rep                       0.550    3983.246    2190.785
 fa_sol                       1.000    4682.917    4682.917
 fa_intra_rep                 0.005    3194.729      15.974
 fa_intra_sol_xover4          1.000     246.907     246.907
 lk_ball_wtd                  1.000    -161.300    -161.300
 fa_elec                      1.000   -1499.849   -1499.849
 ch_bond_bb_bb                0.500      -8.411      -4.206
 pro_close                    1.250     140.227     175.284
 fa_cust_pair_dist            1.000       9.279       9.279
 hbond_sr_bb                  0.500    -592.797    -296.398
 hbond_lr_bb                  1.000     -10.047     -10.047
 hbond_bb_sc                  1.000     -54.883     -54.883
 hbond_sc                     1.000     -59.088     -59.088
 dslf_fa13                    1.250     -29.686     -37.108
 rama                         0.200    -306.444     -61.289
 omega                        0.500      34.363      17.182
 fa_dun                       0.700    5585.591    3909.914
 p_aa_pp                      0.300     -77.468     -23.240
 yhh_planarity                0.625       0.000       0.000
 ref                          1.000     261.134     261.134
 rama_prepro                  0.450     786.808     354.064
---------------------------------------------------
 Total weighted score:                     2841.198
protocols.docking.DockingProtocol.metrics: bound pose: 
protocols.docking.DockingProtocol.metrics: 
------------------------------------------------------------
 Scores                       Weight   Raw Score Wghtd.Score
------------------------------------------------------------
 fa_atr                       1.000   -6814.833   -6814.833
 fa_rep                       0.550    3983.246    2190.785
 fa_sol                       1.000    4682.917    4682.917
 fa_intra_rep                 0.005    3194.729      15.974
 fa_intra_sol_xover4          1.000     246.907     246.907
 lk_ball_wtd                  1.000    -161.300    -161.300
 fa_elec                      1.000   -1499.849   -1499.849
 ch_bond_bb_bb                0.500      -8.411      -4.206
 pro_close                    1.250     140.227     175.284
 fa_cust_pair_dist            1.000       9.279       9.279
 hbond_sr_bb                  0.500    -592.797    -296.398
 hbond_lr_bb                  1.000     -10.047     -10.047
 hbond_bb_sc                  1.000     -54.883     -54.883
 hbond_sc                     1.000     -59.088     -59.088
 dslf_fa13                    1.250     -29.686     -37.108
 rama                         0.200    -306.444     -61.289
 omega                        0.500      34.363      17.182
 fa_dun                       0.700    5585.591    3909.914
 p_aa_pp                      0.300     -77.468     -23.240
 yhh_planarity                0.625       0.000       0.000
 ref                          1.000     261.134     261.134
 rama_prepro                  0.450     786.808     354.064
---------------------------------------------------
 Total weighted score:                     2841.198
protocols.docking.DockingProtocol.metrics: unbound energy: 2841.2
protocols.docking.DockingProtocol.metrics: bound energy: 2841.2
protocols.docking.DockingProtocol.metrics: interaction energy: -2.72848e-12
protocols.docking.DockingProtocol.metrics: rb_jump: 1
protocols.jd2.JobDistributor: complex_0006 reported success in 9 seconds
protocols.jd2.PDBJobInputter: PDBJobInputter::pose_from_job
protocols.jd2.PDBJobInputter: filling pose from PDB input/complex.pdb
core.import_pose.import_pose: File 'input/complex.pdb' automatically determined to be of type PDB
core.io.pose_from_sfr.PoseFromSFRBuilder: Adding undetected upper terminus type to residue 1156, 1156 A
core.conformation.Conformation: [ WARNING ] missing heavyatom:  OXT on residue ALA:CtermProteinFull 1156
core.conformation.Conformation: Found disulfide between residues 49 58
core.conformation.Conformation: Found disulfide between residues 71 87
core.conformation.Conformation: Found disulfide between residues 86 97
core.conformation.Conformation: Found disulfide between residues 120 165
core.conformation.Conformation: Found disulfide between residues 164 173
core.conformation.Conformation: Found disulfide between residues 196 242
core.conformation.Conformation: Found disulfide between residues 241 249
core.conformation.Conformation: Found disulfide between residues 261 275
core.conformation.Conformation: Found disulfide between residues 274 285
core.conformation.Conformation: Found disulfide between residues 312 357
core.conformation.Conformation: Found disulfide between residues 356 365
core.conformation.Conformation: Found disulfide between residues 388 434
core.conformation.Conformation: Found disulfide between residues 433 444
core.conformation.Conformation: Found disulfide between residues 457 473
core.conformation.Conformation: Found disulfide between residues 472 483
core.conformation.Conformation: Found disulfide between residues 510 555
core.conformation.Conformation: Found disulfide between residues 554 563
core.conformation.Conformation: Found disulfide between residues 627 636
core.conformation.Conformation: Found disulfide between residues 649 665
core.conformation.Conformation: Found disulfide between residues 664 675
core.conformation.Conformation: Found disulfide between residues 698 743
core.conformation.Conformation: Found disulfide between residues 742 751
core.conformation.Conformation: Found disulfide between residues 774 820
core.conformation.Conformation: Found disulfide between residues 819 827
core.conformation.Conformation: Found disulfide between residues 839 853
core.conformation.Conformation: Found disulfide between residues 852 863
core.conformation.Conformation: Found disulfide between residues 890 935
core.conformation.Conformation: Found disulfide between residues 934 943
core.conformation.Conformation: Found disulfide between residues 966 1012
core.conformation.Conformation: Found disulfide between residues 1011 1022
core.conformation.Conformation: Found disulfide between residues 1035 1051
core.conformation.Conformation: Found disulfide between residues 1050 1061
core.conformation.Conformation: Found disulfide between residues 1088 1133
core.conformation.Conformation: Found disulfide between residues 1132 1141
protocols.docking.DockingProtocol: ////////////////////////////////////////////////////////////////////////////////
protocols.docking.DockingProtocol: ///                     Rosetta 3 Docking Protocol                           ///
protocols.docking.DockingProtocol: ///                                                                          ///
protocols.docking.DockingProtocol: /// Dockable Jumps: 1                                                        ///
protocols.docking.DockingProtocol: /// Low Resolution Docking Protocol:  off                                    ///
protocols.docking.DockingProtocol: /// High Resolution Docking Protocol:  on                                    ///
protocols.docking.DockingProtocol: /// Low Resolution Filter:  off                                              ///
protocols.docking.DockingProtocol: /// High Resolution Filter:  on                                              ///
protocols.docking.DockingProtocol: ////////////////////////////////////////////////////////////////////////////////
protocols.docking.DockMCMProtocol: in DockMCMProtocol.apply
protocols.docking.DockMCMProtocol: Using the DockingTaskFactory.
protocols.docking.DockMCMCycle: Setting up defaults for DockMCMCycle: 
protocols.docking.DockMCMCycle: ////////////////////////////////////////////////////////////////////////////////
protocols.docking.DockMCMCycle: /// Dockable Jumps: 1                                                        ///
protocols.docking.DockMCMCycle: /// Translation: 0.1                                                         ///
protocols.docking.DockMCMCycle: /// Rotation: 5                                                              ///
protocols.docking.DockMCMCycle: /// Scorefunction:                                                           ///
protocols.docking.DockMCMCycle: ScoreFunction::show():
weights: (fa_atr 1) (fa_rep 0.55) (fa_sol 1) (fa_intra_rep 0.005) (fa_intra_sol_xover4 1) (lk_ball_wtd 1) (fa_elec 1) (ch_bond_bb_bb 0.5) (pro_close 1.25) (fa_cust_pair_dist 1) (hbond_sr_bb 0.5) (hbond_lr_bb 1) (hbond_bb_sc 1) (hbond_sc 1) (dslf_fa13 1.25) (rama 0.2) (omega 0.5) (fa_dun 0.7) (p_aa_pp 0.3) (yhh_planarity 0.625) (ref 1) (rama_prepro 0.45)
energy_method_options: EnergyMethodOptions::show: aa_composition_setup_files: 
protocols.docking.DockMCMCycle: EnergyMethodOptions::show: mhc_epitope_setup_files: 
protocols.docking.DockMCMCycle: EnergyMethodOptions::show: netcharge_setup_files: 
protocols.docking.DockMCMCycle: EnergyMethodOptions::show: aspartimide_penalty_value: 25
protocols.docking.DockMCMCycle: EnergyMethodOptions::show: etable_type: FA_STANDARD_DEFAULT
analytic_etable_evaluation: 1
EnergyMethodOptions::show: method_weights: ref 1.32468 3.25479 -2.14574 -2.72453 1.21829 0.79816 -0.30065 2.30374 -0.71458 1.66147 1.65735 -1.34026 -1.64321 -1.45095 -0.09474 -0.28969 1.15175 2.64269 2.26099 0.58223
EnergyMethodOptions::show: method_weights: free_res
EnergyMethodOptions::show: unfolded_energies_type: UNFOLDED_SCORE12
protocols.docking.DockMCMCycle: EnergyMethodOptions::show: split_unfolded_label_type: SPLIT_UNFOLDED_MM
protocols.docking.DockMCMCycle: EnergyMethodOptions::show: split_unfolded_value_type: SPLIT_UNFOLDED_BOLTZ
protocols.docking.DockMCMCycle: EnergyMethodOptions::show: atom_vdw_atom_type_set_name: centroid
protocols.docking.DockMCMCycle: EnergyMethodOptions::show: covalent_labeling_input: 
protocols.docking.DockMCMCycle: EnergyMethodOptions::show: covalent_labeling_fa_input: 
protocols.docking.DockMCMCycle: EnergyMethodOptions::show: hrf_dynamics_input: 
protocols.docking.DockMCMCycle: EnergyMethodOptions::show: depc_ms_input: 
protocols.docking.DockMCMCycle: EnergyMethodOptions::show: exclude_protein_protein_fa_elec: false
protocols.docking.DockMCMCycle: EnergyMethodOptions::show: exclude_RNA_RNA_fa_elec: false
protocols.docking.DockMCMCycle: EnergyMethodOptions::show: exclude_RNA_protein_fa_elec: false
protocols.docking.DockMCMCycle: EnergyMethodOptions::show: exclude_monomer_fa_elec: false
protocols.docking.DockMCMCycle: EnergyMethodOptions::show: elec_max_dis: 5.5
protocols.docking.DockMCMCycle: EnergyMethodOptions::show: elec_min_dis: 1.6
protocols.docking.DockMCMCycle: EnergyMethodOptions::show: elec_die: 10
protocols.docking.DockMCMCycle: EnergyMethodOptions::show: elec_no_dis_dep_die: false
protocols.docking.DockMCMCycle: EnergyMethodOptions::show: elec_sigmoidal_die: true
protocols.docking.DockMCMCycle: EnergyMethodOptions::show: elec_sigmoidal_D: 80
protocols.docking.DockMCMCycle: EnergyMethodOptions::show: elec_sigmoidal_D0: 6
protocols.docking.DockMCMCycle: EnergyMethodOptions::show: elec_sigmoidal_S: 0.4
protocols.docking.DockMCMCycle: EnergyMethodOptions::show: smooth_fa_elec: true
protocols.docking.DockMCMCycle: EnergyMethodOptions::show: grpelec_fade_type: false
protocols.docking.DockMCMCycle: EnergyMethodOptions::show: grpelec_fade_param1: 1
protocols.docking.DockMCMCycle: EnergyMethodOptions::show: grpelec_fade_param2: 1
protocols.docking.DockMCMCycle: EnergyMethodOptions::show: grpelec_fade_hbond: 0
protocols.docking.DockMCMCycle: EnergyMethodOptions::show: grp_cpfxn: 1
protocols.docking.DockMCMCycle: EnergyMethodOptions::show: elec_group_file: /scoring/score_functions/elec_group_def.dat
protocols.docking.DockMCMCycle: EnergyMethodOptions::show: grpelec_context_dependent: 0
protocols.docking.DockMCMCycle: EnergyMethodOptions::show: use_polarization: true
protocols.docking.DockMCMCycle: EnergyMethodOptions::show: use_gen_kirkwood: true
protocols.docking.DockMCMCycle: EnergyMethodOptions::show: protein_dielectric: 1
protocols.docking.DockMCMCycle: EnergyMethodOptions::show: water_dielectric: 78.3
protocols.docking.DockMCMCycle: EnergyMethodOptions::show: exclude_DNA_DNA: false
protocols.docking.DockMCMCycle: EnergyMethodOptions::show: exclude_intra_res_protein: false
protocols.docking.DockMCMCycle: EnergyMethodOptions::show: count_pair_hybrid: false
protocols.docking.DockMCMCycle: EnergyMethodOptions::show: count_pair_full: false
protocols.docking.DockMCMCycle: EnergyMethodOptions::show: put_intra_into_total: false
protocols.docking.DockMCMCycle: EnergyMethodOptions::show: geom_sol_interres_path_distance_cutoff: false
protocols.docking.DockMCMCycle: EnergyMethodOptions::show: geom_sol_intrares_path_distance_cutoff: true
protocols.docking.DockMCMCycle: EnergyMethodOptions::show: eval_intrares_elec_ST_only: false
protocols.docking.DockMCMCycle: EnergyMethodOptions::show: envsmooth_zero_negatives: false
protocols.docking.DockMCMCycle: EnergyMethodOptions::show: cst_max_seq_sep: 18446744073709551615
protocols.docking.DockMCMCycle: EnergyMethodOptions::show: pb_bound_tag: bound
protocols.docking.DockMCMCycle: EnergyMethodOptions::show: pb_unbound_tag: unbound
protocols.docking.DockMCMCycle: EnergyMethodOptions::show: arg_cation_pi_his_can_be_pi: 1
protocols.docking.DockMCMCycle: EnergyMethodOptions::show: ordered_wat_penalty: 1.221
protocols.docking.DockMCMCycle: EnergyMethodOptions::show: ordered_pt_wat_penalty: 2.709
protocols.docking.DockMCMCycle: EnergyMethodOptions::show: nmer_ref_seq_length_: 9
protocols.docking.DockMCMCycle: EnergyMethodOptions::show: nmer_svm_term_length_: 3
protocols.docking.DockMCMCycle: EnergyMethodOptions::show: nmer_svm_pssm_feat_: 1
protocols.docking.DockMCMCycle: EnergyMethodOptions::show: nmer_svm_scorecut_defined_: 0
protocols.docking.DockMCMCycle: EnergyMethodOptions::show: nmer_svm_scorecut_: 0
protocols.docking.DockMCMCycle: EnergyMethodOptions::show: nmer_svm_avg_rank_as_energy_: 0
protocols.docking.DockMCMCycle: EnergyMethodOptions::show: nmer_svm_aa_matrix_defined_: 0
protocols.docking.DockMCMCycle: EnergyMethodOptions::show: nmer_svm_aa_matrix_: 
protocols.docking.DockMCMCycle: EnergyMethodOptions::show: nmer_svm_list_defined_: 0
protocols.docking.DockMCMCycle: EnergyMethodOptions::show: nmer_svm_list_: 
protocols.docking.DockMCMCycle: EnergyMethodOptions::show: nmer_svm_defined_: 0
protocols.docking.DockMCMCycle: EnergyMethodOptions::show: nmer_svm_: 
protocols.docking.DockMCMCycle: EnergyMethodOptions::show: nmer_svm_rank_list_defined_: 0
protocols.docking.DockMCMCycle: EnergyMethodOptions::show: nmer_svm_rank_list_: 
protocols.docking.DockMCMCycle: EnergyMethodOptions::show: nmer_svm_rank_defined_: 0
protocols.docking.DockMCMCycle: EnergyMethodOptions::show: nmer_svm_rank_: 
protocols.docking.DockMCMCycle: EnergyMethodOptions::show: voids_penalty_energy_containing_cones_cutoff_:6
protocols.docking.DockMCMCycle: EnergyMethodOptions::show: voids_penalty_energy_cone_distance_cutoff_: 8
protocols.docking.DockMCMCycle: EnergyMethodOptions::show: voids_penalty_energy_cone_dotproduct_cutoff_: 0.1
protocols.docking.DockMCMCycle: EnergyMethodOptions::show: voids_penalty_energy_voxel_grid_padding_: 1
protocols.docking.DockMCMCycle: EnergyMethodOptions::show: voids_penalty_energy_voxel_size_: 0.5
protocols.docking.DockMCMCycle: EnergyMethodOptions::show: voids_penalty_energy_disabled_except_during_packing_: TRUE
protocols.docking.DockMCMCycle: EnergyMethodOptions::show: hbnet_bonus_ramping_function_: "quadratic"
protocols.docking.DockMCMCycle: EnergyMethodOptions::show: hbnet_max_network_size_: 0
protocols.docking.DockMCMCycle: EnergyMethodOptions::show: approximate_buried_unsat_penalty_hbond_energy_threshold_: -0.25
protocols.docking.DockMCMCycle: EnergyMethodOptions::show: approximate_buried_unsat_penalty_burial_atomic_depth_: 4.5
protocols.docking.DockMCMCycle: EnergyMethodOptions::show: approximate_buried_unsat_penalty_burial_probe_radius_: 2.3
protocols.docking.DockMCMCycle: EnergyMethodOptions::show: approximate_buried_unsat_penalty_burial_resolution_: 0.5
protocols.docking.DockMCMCycle: EnergyMethodOptions::show: approximate_buried_unsat_penalty_oversat_penalty_: 1
protocols.docking.DockMCMCycle: EnergyMethodOptions::show: approximate_buried_unsat_penalty_assume_const_backbone_:1
protocols.docking.DockMCMCycle: EnergyMethodOptions::show: approximate_buried_unsat_penalty_natural_corrections1_:0
protocols.docking.DockMCMCycle: EnergyMethodOptions::show: approximate_buried_unsat_penalty_hbond_bonus_cross_chain_:0
protocols.docking.DockMCMCycle: EnergyMethodOptions::show: approximate_buried_unsat_penalty_hbond_bonus_ser_to_helix_bb_:0
protocols.docking.DockMCMCycle: EnergyMethodOptions::show: approximate_buried_unsat_penalty_lys_ok_with_1_:0
protocols.docking.DockMCMCycle: EnergyMethodOptions::show: target_clash_pdb_:
protocols.docking.DockMCMCycle: EnergyMethodOptions::show: dump_trajectory_prefix_: traj
protocols.docking.DockMCMCycle: EnergyMethodOptions::show: dump_trajectory_gz_: FALSE
protocols.docking.DockMCMCycle: EnergyMethodOptions::show: dump_trajectory_stride_: 1
protocols.docking.DockMCMCycle: EnergyMethodOptions::show: bond_angle_central_atoms_to_score:
protocols.docking.DockMCMCycle: EnergyMethodOptions::show: bond_angle_residue_type_param_set: none
protocols.docking.DockMCMCycle: HBondOptions::show: hb_max_energy: 0
protocols.docking.DockMCMCycle: HBondOptions::show: exclude_DNA_DNA: false
protocols.docking.DockMCMCycle: HBondOptions::show: exclude_intra_res_protein_: false
protocols.docking.DockMCMCycle: HBondOptions::show: exclude_intra_res_RNA_: false
protocols.docking.DockMCMCycle: HBondOptions::show: put_intra_into_total_: false
protocols.docking.DockMCMCycle: HBondOptions::show: exclude_self_hbonds: true
protocols.docking.DockMCMCycle: HBondOptions::show: use_hb_env_dep: false
protocols.docking.DockMCMCycle: HBondOptions::show: use_hb_env_dep_DNA: true
protocols.docking.DockMCMCycle: HBondOptions::show: smooth_hb_env_dep: true
protocols.docking.DockMCMCycle: HBondOptions::show: bb_donor_acceptor_check: true
protocols.docking.DockMCMCycle: HBondOptions::show: decompose_bb_hb_into_pair_energies: false
protocols.docking.DockMCMCycle: HBondOptions::show: params_database_tag_: ref2015_params
protocols.docking.DockMCMCycle: HBondOptions::show: use_sp2_chi_penalty_: true
protocols.docking.DockMCMCycle: HBondOptions::show: sp2_BAH180_rise_: 0.75
protocols.docking.DockMCMCycle: HBondOptions::show: sp2_outer_width_: 0.357
protocols.docking.DockMCMCycle: HBondOptions::show: measure_sp3acc_BAH_from_hvy_: true
protocols.docking.DockMCMCycle: HBondOptions::show: fade_energy_: 1
protocols.docking.DockMCMCycle: HBondOptions::show: exclude_ether_oxygens_: 0
protocols.docking.DockMCMCycle: HBondOptions::show: Mbhbond: false 
protocols.docking.DockMCMCycle: HbondOptions::show: mphbond: false
protocols.docking.DockMCMCycle: HBondOptions::show: hbond_energy_shift: 0
protocols.docking.DockMCMCycle: HBondOptions::show: water_hybrid_sf: false
protocols.docking.DockMCMCycle: RNA_EnergyMethodOptions::show: syn_G_potential_bonus: 0
protocols.docking.DockMCMCycle: RNA_EnergyMethodOptions::show: torsion_potential: ps_04282011
protocols.docking.DockMCMCycle: RNA_EnergyMethodOptions::show: suiteness_bonus: Richardson
protocols.docking.DockMCMCycle: RNA_EnergyMethodOptions::show: rna_base_pair_xy_filename: scoring/rna/rna_base_pair_xy.dat
protocols.docking.DockMCMCycle: FreeDOF_Options::show: free_suite_bonus: -1
protocols.docking.DockMCMCycle: FreeDOF_Options::show: free_2HOprime_bonus: -0.5
protocols.docking.DockMCMCycle: FreeDOF_Options::show: free_sugar_bonus: -1
protocols.docking.DockMCMCycle: FreeDOF_Options::show: pack_phosphate_penalty: 0.25
protocols.docking.DockMCMCycle: FreeDOF_Options::show: free_side_chain_bonus: -0.5
protocols.docking.DockMCMCycle: 
protocols.docking.DockMCMCycle: 
protocols.docking.DockMCMCycle: /// Packing scorefunction:                                                   ///
protocols.docking.DockMCMCycle: ScoreFunction::show():
weights: (fa_atr 1) (fa_rep 0.55) (fa_sol 1) (fa_intra_rep 0.005) (fa_intra_sol_xover4 1) (lk_ball_wtd 1) (fa_elec 1) (ch_bond_bb_bb 0.5) (pro_close 1.25) (fa_cust_pair_dist 1) (hbond_sr_bb 0.5) (hbond_lr_bb 1) (hbond_bb_sc 1) (hbond_sc 1) (dslf_fa13 1.25) (rama 0.2) (omega 0.5) (fa_dun 0.7) (p_aa_pp 0.3) (yhh_planarity 0.625) (ref 1) (rama_prepro 0.45)
energy_method_options: EnergyMethodOptions::show: aa_composition_setup_files: 
protocols.docking.DockMCMCycle: EnergyMethodOptions::show: mhc_epitope_setup_files: 
protocols.docking.DockMCMCycle: EnergyMethodOptions::show: netcharge_setup_files: 
protocols.docking.DockMCMCycle: EnergyMethodOptions::show: aspartimide_penalty_value: 25
protocols.docking.DockMCMCycle: EnergyMethodOptions::show: etable_type: FA_STANDARD_DEFAULT
analytic_etable_evaluation: 1
EnergyMethodOptions::show: method_weights: ref 1.32468 3.25479 -2.14574 -2.72453 1.21829 0.79816 -0.30065 2.30374 -0.71458 1.66147 1.65735 -1.34026 -1.64321 -1.45095 -0.09474 -0.28969 1.15175 2.64269 2.26099 0.58223
EnergyMethodOptions::show: method_weights: free_res
EnergyMethodOptions::show: unfolded_energies_type: UNFOLDED_SCORE12
protocols.docking.DockMCMCycle: EnergyMethodOptions::show: split_unfolded_label_type: SPLIT_UNFOLDED_MM
protocols.docking.DockMCMCycle: EnergyMethodOptions::show: split_unfolded_value_type: SPLIT_UNFOLDED_BOLTZ
protocols.docking.DockMCMCycle: EnergyMethodOptions::show: atom_vdw_atom_type_set_name: centroid
protocols.docking.DockMCMCycle: EnergyMethodOptions::show: covalent_labeling_input: 
protocols.docking.DockMCMCycle: EnergyMethodOptions::show: covalent_labeling_fa_input: 
protocols.docking.DockMCMCycle: EnergyMethodOptions::show: hrf_dynamics_input: 
protocols.docking.DockMCMCycle: EnergyMethodOptions::show: depc_ms_input: 
protocols.docking.DockMCMCycle: EnergyMethodOptions::show: exclude_protein_protein_fa_elec: false
protocols.docking.DockMCMCycle: EnergyMethodOptions::show: exclude_RNA_RNA_fa_elec: false
protocols.docking.DockMCMCycle: EnergyMethodOptions::show: exclude_RNA_protein_fa_elec: false
protocols.docking.DockMCMCycle: EnergyMethodOptions::show: exclude_monomer_fa_elec: false
protocols.docking.DockMCMCycle: EnergyMethodOptions::show: elec_max_dis: 5.5
protocols.docking.DockMCMCycle: EnergyMethodOptions::show: elec_min_dis: 1.6
protocols.docking.DockMCMCycle: EnergyMethodOptions::show: elec_die: 10
protocols.docking.DockMCMCycle: EnergyMethodOptions::show: elec_no_dis_dep_die: false
protocols.docking.DockMCMCycle: EnergyMethodOptions::show: elec_sigmoidal_die: true
protocols.docking.DockMCMCycle: EnergyMethodOptions::show: elec_sigmoidal_D: 80
protocols.docking.DockMCMCycle: EnergyMethodOptions::show: elec_sigmoidal_D0: 6
protocols.docking.DockMCMCycle: EnergyMethodOptions::show: elec_sigmoidal_S: 0.4
protocols.docking.DockMCMCycle: EnergyMethodOptions::show: smooth_fa_elec: true
protocols.docking.DockMCMCycle: EnergyMethodOptions::show: grpelec_fade_type: false
protocols.docking.DockMCMCycle: EnergyMethodOptions::show: grpelec_fade_param1: 1
protocols.docking.DockMCMCycle: EnergyMethodOptions::show: grpelec_fade_param2: 1
protocols.docking.DockMCMCycle: EnergyMethodOptions::show: grpelec_fade_hbond: 0
protocols.docking.DockMCMCycle: EnergyMethodOptions::show: grp_cpfxn: 1
protocols.docking.DockMCMCycle: EnergyMethodOptions::show: elec_group_file: /scoring/score_functions/elec_group_def.dat
protocols.docking.DockMCMCycle: EnergyMethodOptions::show: grpelec_context_dependent: 0
protocols.docking.DockMCMCycle: EnergyMethodOptions::show: use_polarization: true
protocols.docking.DockMCMCycle: EnergyMethodOptions::show: use_gen_kirkwood: true
protocols.docking.DockMCMCycle: EnergyMethodOptions::show: protein_dielectric: 1
protocols.docking.DockMCMCycle: EnergyMethodOptions::show: water_dielectric: 78.3
protocols.docking.DockMCMCycle: EnergyMethodOptions::show: exclude_DNA_DNA: false
protocols.docking.DockMCMCycle: EnergyMethodOptions::show: exclude_intra_res_protein: false
protocols.docking.DockMCMCycle: EnergyMethodOptions::show: count_pair_hybrid: false
protocols.docking.DockMCMCycle: EnergyMethodOptions::show: count_pair_full: false
protocols.docking.DockMCMCycle: EnergyMethodOptions::show: put_intra_into_total: false
protocols.docking.DockMCMCycle: EnergyMethodOptions::show: geom_sol_interres_path_distance_cutoff: false
protocols.docking.DockMCMCycle: EnergyMethodOptions::show: geom_sol_intrares_path_distance_cutoff: true
protocols.docking.DockMCMCycle: EnergyMethodOptions::show: eval_intrares_elec_ST_only: false
protocols.docking.DockMCMCycle: EnergyMethodOptions::show: envsmooth_zero_negatives: false
protocols.docking.DockMCMCycle: EnergyMethodOptions::show: cst_max_seq_sep: 18446744073709551615
protocols.docking.DockMCMCycle: EnergyMethodOptions::show: pb_bound_tag: bound
protocols.docking.DockMCMCycle: EnergyMethodOptions::show: pb_unbound_tag: unbound
protocols.docking.DockMCMCycle: EnergyMethodOptions::show: arg_cation_pi_his_can_be_pi: 1
protocols.docking.DockMCMCycle: EnergyMethodOptions::show: ordered_wat_penalty: 1.221
protocols.docking.DockMCMCycle: EnergyMethodOptions::show: ordered_pt_wat_penalty: 2.709
protocols.docking.DockMCMCycle: EnergyMethodOptions::show: nmer_ref_seq_length_: 9
protocols.docking.DockMCMCycle: EnergyMethodOptions::show: nmer_svm_term_length_: 3
protocols.docking.DockMCMCycle: EnergyMethodOptions::show: nmer_svm_pssm_feat_: 1
protocols.docking.DockMCMCycle: EnergyMethodOptions::show: nmer_svm_scorecut_defined_: 0
protocols.docking.DockMCMCycle: EnergyMethodOptions::show: nmer_svm_scorecut_: 0
protocols.docking.DockMCMCycle: EnergyMethodOptions::show: nmer_svm_avg_rank_as_energy_: 0
protocols.docking.DockMCMCycle: EnergyMethodOptions::show: nmer_svm_aa_matrix_defined_: 0
protocols.docking.DockMCMCycle: EnergyMethodOptions::show: nmer_svm_aa_matrix_: 
protocols.docking.DockMCMCycle: EnergyMethodOptions::show: nmer_svm_list_defined_: 0
protocols.docking.DockMCMCycle: EnergyMethodOptions::show: nmer_svm_list_: 
protocols.docking.DockMCMCycle: EnergyMethodOptions::show: nmer_svm_defined_: 0
protocols.docking.DockMCMCycle: EnergyMethodOptions::show: nmer_svm_: 
protocols.docking.DockMCMCycle: EnergyMethodOptions::show: nmer_svm_rank_list_defined_: 0
protocols.docking.DockMCMCycle: EnergyMethodOptions::show: nmer_svm_rank_list_: 
protocols.docking.DockMCMCycle: EnergyMethodOptions::show: nmer_svm_rank_defined_: 0
protocols.docking.DockMCMCycle: EnergyMethodOptions::show: nmer_svm_rank_: 
protocols.docking.DockMCMCycle: EnergyMethodOptions::show: voids_penalty_energy_containing_cones_cutoff_:6
protocols.docking.DockMCMCycle: EnergyMethodOptions::show: voids_penalty_energy_cone_distance_cutoff_: 8
protocols.docking.DockMCMCycle: EnergyMethodOptions::show: voids_penalty_energy_cone_dotproduct_cutoff_: 0.1
protocols.docking.DockMCMCycle: EnergyMethodOptions::show: voids_penalty_energy_voxel_grid_padding_: 1
protocols.docking.DockMCMCycle: EnergyMethodOptions::show: voids_penalty_energy_voxel_size_: 0.5
protocols.docking.DockMCMCycle: EnergyMethodOptions::show: voids_penalty_energy_disabled_except_during_packing_: TRUE
protocols.docking.DockMCMCycle: EnergyMethodOptions::show: hbnet_bonus_ramping_function_: "quadratic"
protocols.docking.DockMCMCycle: EnergyMethodOptions::show: hbnet_max_network_size_: 0
protocols.docking.DockMCMCycle: EnergyMethodOptions::show: approximate_buried_unsat_penalty_hbond_energy_threshold_: -0.25
protocols.docking.DockMCMCycle: EnergyMethodOptions::show: approximate_buried_unsat_penalty_burial_atomic_depth_: 4.5
protocols.docking.DockMCMCycle: EnergyMethodOptions::show: approximate_buried_unsat_penalty_burial_probe_radius_: 2.3
protocols.docking.DockMCMCycle: EnergyMethodOptions::show: approximate_buried_unsat_penalty_burial_resolution_: 0.5
protocols.docking.DockMCMCycle: EnergyMethodOptions::show: approximate_buried_unsat_penalty_oversat_penalty_: 1
protocols.docking.DockMCMCycle: EnergyMethodOptions::show: approximate_buried_unsat_penalty_assume_const_backbone_:1
protocols.docking.DockMCMCycle: EnergyMethodOptions::show: approximate_buried_unsat_penalty_natural_corrections1_:0
protocols.docking.DockMCMCycle: EnergyMethodOptions::show: approximate_buried_unsat_penalty_hbond_bonus_cross_chain_:0
protocols.docking.DockMCMCycle: EnergyMethodOptions::show: approximate_buried_unsat_penalty_hbond_bonus_ser_to_helix_bb_:0
protocols.docking.DockMCMCycle: EnergyMethodOptions::show: approximate_buried_unsat_penalty_lys_ok_with_1_:0
protocols.docking.DockMCMCycle: EnergyMethodOptions::show: target_clash_pdb_:
protocols.docking.DockMCMCycle: EnergyMethodOptions::show: dump_trajectory_prefix_: traj
protocols.docking.DockMCMCycle: EnergyMethodOptions::show: dump_trajectory_gz_: FALSE
protocols.docking.DockMCMCycle: EnergyMethodOptions::show: dump_trajectory_stride_: 1
protocols.docking.DockMCMCycle: EnergyMethodOptions::show: bond_angle_central_atoms_to_score:
protocols.docking.DockMCMCycle: EnergyMethodOptions::show: bond_angle_residue_type_param_set: none
protocols.docking.DockMCMCycle: HBondOptions::show: hb_max_energy: 0
protocols.docking.DockMCMCycle: HBondOptions::show: exclude_DNA_DNA: false
protocols.docking.DockMCMCycle: HBondOptions::show: exclude_intra_res_protein_: false
protocols.docking.DockMCMCycle: HBondOptions::show: exclude_intra_res_RNA_: false
protocols.docking.DockMCMCycle: HBondOptions::show: put_intra_into_total_: false
protocols.docking.DockMCMCycle: HBondOptions::show: exclude_self_hbonds: true
protocols.docking.DockMCMCycle: HBondOptions::show: use_hb_env_dep: false
protocols.docking.DockMCMCycle: HBondOptions::show: use_hb_env_dep_DNA: true
protocols.docking.DockMCMCycle: HBondOptions::show: smooth_hb_env_dep: true
protocols.docking.DockMCMCycle: HBondOptions::show: bb_donor_acceptor_check: true
protocols.docking.DockMCMCycle: HBondOptions::show: decompose_bb_hb_into_pair_energies: false
protocols.docking.DockMCMCycle: HBondOptions::show: params_database_tag_: ref2015_params
protocols.docking.DockMCMCycle: HBondOptions::show: use_sp2_chi_penalty_: true
protocols.docking.DockMCMCycle: HBondOptions::show: sp2_BAH180_rise_: 0.75
protocols.docking.DockMCMCycle: HBondOptions::show: sp2_outer_width_: 0.357
protocols.docking.DockMCMCycle: HBondOptions::show: measure_sp3acc_BAH_from_hvy_: true
protocols.docking.DockMCMCycle: HBondOptions::show: fade_energy_: 1
protocols.docking.DockMCMCycle: HBondOptions::show: exclude_ether_oxygens_: 0
protocols.docking.DockMCMCycle: HBondOptions::show: Mbhbond: false 
protocols.docking.DockMCMCycle: HbondOptions::show: mphbond: false
protocols.docking.DockMCMCycle: HBondOptions::show: hbond_energy_shift: 0
protocols.docking.DockMCMCycle: HBondOptions::show: water_hybrid_sf: false
protocols.docking.DockMCMCycle: RNA_EnergyMethodOptions::show: syn_G_potential_bonus: 0
protocols.docking.DockMCMCycle: RNA_EnergyMethodOptions::show: torsion_potential: ps_04282011
protocols.docking.DockMCMCycle: RNA_EnergyMethodOptions::show: suiteness_bonus: Richardson
protocols.docking.DockMCMCycle: RNA_EnergyMethodOptions::show: rna_base_pair_xy_filename: scoring/rna/rna_base_pair_xy.dat
protocols.docking.DockMCMCycle: FreeDOF_Options::show: free_suite_bonus: -1
protocols.docking.DockMCMCycle: FreeDOF_Options::show: free_2HOprime_bonus: -0.5
protocols.docking.DockMCMCycle: FreeDOF_Options::show: free_sugar_bonus: -1
protocols.docking.DockMCMCycle: FreeDOF_Options::show: pack_phosphate_penalty: 0.25
protocols.docking.DockMCMCycle: FreeDOF_Options::show: free_side_chain_bonus: -0.5
protocols.docking.DockMCMCycle: 
protocols.docking.DockMCMCycle: 
protocols.docking.DockMCMCycle: ////////////////////////////////////////////////////////////////////////////////
core.pack.task: Packer task: initialize from command line() 
core.pack.pack_rotamers: built 0 rotamers at 0 positions.
core.pack.interaction_graph.interaction_graph_factory: Instantiating DensePDInteractionGraph
basic.thread_manager.RosettaThreadManager: [ WARNING ] A work vector of size zero was passed to the RosettaThreadManager!  Duly returning without doing anything.
protocols.geometry.RB_geometry: [ WARNING ] centroids_by_jump_int called but no interface detected!!
protocols.geometry.RB_geometry: [ WARNING ] calling centroids_by_jump...
core.pack.task: Packer task: initialize from command line() 
protocols.geometry.RB_geometry: [ WARNING ] centroids_by_jump_int called but no interface detected!!
protocols.geometry.RB_geometry: [ WARNING ] calling centroids_by_jump...
core.pack.task: Packer task: initialize from command line() 
protocols.geometry.RB_geometry: [ WARNING ] centroids_by_jump_int called but no interface detected!!
protocols.geometry.RB_geometry: [ WARNING ] calling centroids_by_jump...
core.pack.task: Packer task: initialize from command line() 
protocols.geometry.RB_geometry: [ WARNING ] centroids_by_jump_int called but no interface detected!!
protocols.geometry.RB_geometry: [ WARNING ] calling centroids_by_jump...
core.pack.task: Packer task: initialize from command line() 
protocols.geometry.RB_geometry: [ WARNING ] centroids_by_jump_int called but no interface detected!!
protocols.geometry.RB_geometry: [ WARNING ] calling centroids_by_jump...
core.pack.task: Packer task: initialize from command line() 
protocols.geometry.RB_geometry: [ WARNING ] centroids_by_jump_int called but no interface detected!!
protocols.geometry.RB_geometry: [ WARNING ] calling centroids_by_jump...
core.pack.task: Packer task: initialize from command line() 
protocols.geometry.RB_geometry: [ WARNING ] centroids_by_jump_int called but no interface detected!!
protocols.geometry.RB_geometry: [ WARNING ] calling centroids_by_jump...
core.pack.task: Packer task: initialize from command line() 
protocols.geometry.RB_geometry: [ WARNING ] centroids_by_jump_int called but no interface detected!!
protocols.geometry.RB_geometry: [ WARNING ] calling centroids_by_jump...
core.pack.task: Packer task: initialize from command line() 
protocols.geometry.RB_geometry: [ WARNING ] centroids_by_jump_int called but no interface detected!!
protocols.geometry.RB_geometry: [ WARNING ] calling centroids_by_jump...
core.pack.task: Packer task: initialize from command line() 
protocols.geometry.RB_geometry: [ WARNING ] centroids_by_jump_int called but no interface detected!!
protocols.geometry.RB_geometry: [ WARNING ] calling centroids_by_jump...
core.pack.task: Packer task: initialize from command line() 
protocols.geometry.RB_geometry: [ WARNING ] centroids_by_jump_int called but no interface detected!!
protocols.geometry.RB_geometry: [ WARNING ] calling centroids_by_jump...
core.pack.task: Packer task: initialize from command line() 
protocols.geometry.RB_geometry: [ WARNING ] centroids_by_jump_int called but no interface detected!!
protocols.geometry.RB_geometry: [ WARNING ] calling centroids_by_jump...
core.pack.task: Packer task: initialize from command line() 
core.pack.task: Packer task: initialize from command line() 
core.pack.pack_rotamers: built 0 rotamers at 0 positions.
core.pack.interaction_graph.interaction_graph_factory: Instantiating DensePDInteractionGraph
basic.thread_manager.RosettaThreadManager: [ WARNING ] A work vector of size zero was passed to the RosettaThreadManager!  Duly returning without doing anything.
protocols.geometry.RB_geometry: [ WARNING ] centroids_by_jump_int called but no interface detected!!
protocols.geometry.RB_geometry: [ WARNING ] calling centroids_by_jump...
core.pack.task: Packer task: initialize from command line() 
protocols.geometry.RB_geometry: [ WARNING ] centroids_by_jump_int called but no interface detected!!
protocols.geometry.RB_geometry: [ WARNING ] calling centroids_by_jump...
core.pack.task: Packer task: initialize from command line() 
protocols.geometry.RB_geometry: [ WARNING ] centroids_by_jump_int called but no interface detected!!
protocols.geometry.RB_geometry: [ WARNING ] calling centroids_by_jump...
core.pack.task: Packer task: initialize from command line() 
protocols.geometry.RB_geometry: [ WARNING ] centroids_by_jump_int called but no interface detected!!
protocols.geometry.RB_geometry: [ WARNING ] calling centroids_by_jump...
core.pack.task: Packer task: initialize from command line() 
protocols.geometry.RB_geometry: [ WARNING ] centroids_by_jump_int called but no interface detected!!
protocols.geometry.RB_geometry: [ WARNING ] calling centroids_by_jump...
core.pack.task: Packer task: initialize from command line() 
protocols.geometry.RB_geometry: [ WARNING ] centroids_by_jump_int called but no interface detected!!
protocols.geometry.RB_geometry: [ WARNING ] calling centroids_by_jump...
core.pack.task: Packer task: initialize from command line() 
protocols.geometry.RB_geometry: [ WARNING ] centroids_by_jump_int called but no interface detected!!
protocols.geometry.RB_geometry: [ WARNING ] calling centroids_by_jump...
core.pack.task: Packer task: initialize from command line() 
protocols.geometry.RB_geometry: [ WARNING ] centroids_by_jump_int called but no interface detected!!
protocols.geometry.RB_geometry: [ WARNING ] calling centroids_by_jump...
core.pack.task: Packer task: initialize from command line() 
core.pack.task: Packer task: initialize from command line() 
core.pack.pack_rotamers: built 0 rotamers at 0 positions.
core.pack.interaction_graph.interaction_graph_factory: Instantiating DensePDInteractionGraph
basic.thread_manager.RosettaThreadManager: [ WARNING ] A work vector of size zero was passed to the RosettaThreadManager!  Duly returning without doing anything.
protocols.geometry.RB_geometry: [ WARNING ] centroids_by_jump_int called but no interface detected!!
protocols.geometry.RB_geometry: [ WARNING ] calling centroids_by_jump...
core.pack.task: Packer task: initialize from command line() 
protocols.geometry.RB_geometry: [ WARNING ] centroids_by_jump_int called but no interface detected!!
protocols.geometry.RB_geometry: [ WARNING ] calling centroids_by_jump...
core.pack.task: Packer task: initialize from command line() 
protocols.geometry.RB_geometry: [ WARNING ] centroids_by_jump_int called but no interface detected!!
protocols.geometry.RB_geometry: [ WARNING ] calling centroids_by_jump...
core.pack.task: Packer task: initialize from command line() 
protocols.geometry.RB_geometry: [ WARNING ] centroids_by_jump_int called but no interface detected!!
protocols.geometry.RB_geometry: [ WARNING ] calling centroids_by_jump...
core.pack.task: Packer task: initialize from command line() 
protocols.geometry.RB_geometry: [ WARNING ] centroids_by_jump_int called but no interface detected!!
protocols.geometry.RB_geometry: [ WARNING ] calling centroids_by_jump...
core.pack.task: Packer task: initialize from command line() 
protocols.geometry.RB_geometry: [ WARNING ] centroids_by_jump_int called but no interface detected!!
protocols.geometry.RB_geometry: [ WARNING ] calling centroids_by_jump...
core.pack.task: Packer task: initialize from command line() 
protocols.geometry.RB_geometry: [ WARNING ] centroids_by_jump_int called but no interface detected!!
protocols.geometry.RB_geometry: [ WARNING ] calling centroids_by_jump...
core.pack.task: Packer task: initialize from command line() 
protocols.geometry.RB_geometry: [ WARNING ] centroids_by_jump_int called but no interface detected!!
protocols.geometry.RB_geometry: [ WARNING ] calling centroids_by_jump...
core.pack.task: Packer task: initialize from command line() 
core.pack.task: Packer task: initialize from command line() 
core.pack.pack_rotamers: built 0 rotamers at 0 positions.
core.pack.interaction_graph.interaction_graph_factory: Instantiating DensePDInteractionGraph
basic.thread_manager.RosettaThreadManager: [ WARNING ] A work vector of size zero was passed to the RosettaThreadManager!  Duly returning without doing anything.
protocols.geometry.RB_geometry: [ WARNING ] centroids_by_jump_int called but no interface detected!!
protocols.geometry.RB_geometry: [ WARNING ] calling centroids_by_jump...
core.pack.task: Packer task: initialize from command line() 
protocols.geometry.RB_geometry: [ WARNING ] centroids_by_jump_int called but no interface detected!!
protocols.geometry.RB_geometry: [ WARNING ] calling centroids_by_jump...
core.pack.task: Packer task: initialize from command line() 
protocols.geometry.RB_geometry: [ WARNING ] centroids_by_jump_int called but no interface detected!!
protocols.geometry.RB_geometry: [ WARNING ] calling centroids_by_jump...
core.pack.task: Packer task: initialize from command line() 
protocols.geometry.RB_geometry: [ WARNING ] centroids_by_jump_int called but no interface detected!!
protocols.geometry.RB_geometry: [ WARNING ] calling centroids_by_jump...
core.pack.task: Packer task: initialize from command line() 
protocols.geometry.RB_geometry: [ WARNING ] centroids_by_jump_int called but no interface detected!!
protocols.geometry.RB_geometry: [ WARNING ] calling centroids_by_jump...
core.pack.task: Packer task: initialize from command line() 
protocols.geometry.RB_geometry: [ WARNING ] centroids_by_jump_int called but no interface detected!!
protocols.geometry.RB_geometry: [ WARNING ] calling centroids_by_jump...
core.pack.task: Packer task: initialize from command line() 
protocols.geometry.RB_geometry: [ WARNING ] centroids_by_jump_int called but no interface detected!!
protocols.geometry.RB_geometry: [ WARNING ] calling centroids_by_jump...
core.pack.task: Packer task: initialize from command line() 
protocols.geometry.RB_geometry: [ WARNING ] centroids_by_jump_int called but no interface detected!!
protocols.geometry.RB_geometry: [ WARNING ] calling centroids_by_jump...
core.pack.task: Packer task: initialize from command line() 
core.pack.task: Packer task: initialize from command line() 
core.pack.pack_rotamers: built 0 rotamers at 0 positions.
core.pack.interaction_graph.interaction_graph_factory: Instantiating DensePDInteractionGraph
basic.thread_manager.RosettaThreadManager: [ WARNING ] A work vector of size zero was passed to the RosettaThreadManager!  Duly returning without doing anything.
protocols.geometry.RB_geometry: [ WARNING ] centroids_by_jump_int called but no interface detected!!
protocols.geometry.RB_geometry: [ WARNING ] calling centroids_by_jump...
core.pack.task: Packer task: initialize from command line() 
protocols.geometry.RB_geometry: [ WARNING ] centroids_by_jump_int called but no interface detected!!
protocols.geometry.RB_geometry: [ WARNING ] calling centroids_by_jump...
core.pack.task: Packer task: initialize from command line() 
protocols.geometry.RB_geometry: [ WARNING ] centroids_by_jump_int called but no interface detected!!
protocols.geometry.RB_geometry: [ WARNING ] calling centroids_by_jump...
core.pack.task: Packer task: initialize from command line() 
protocols.geometry.RB_geometry: [ WARNING ] centroids_by_jump_int called but no interface detected!!
protocols.geometry.RB_geometry: [ WARNING ] calling centroids_by_jump...
core.pack.task: Packer task: initialize from command line() 
protocols.geometry.RB_geometry: [ WARNING ] centroids_by_jump_int called but no interface detected!!
protocols.geometry.RB_geometry: [ WARNING ] calling centroids_by_jump...
core.pack.task: Packer task: initialize from command line() 
protocols.geometry.RB_geometry: [ WARNING ] centroids_by_jump_int called but no interface detected!!
protocols.geometry.RB_geometry: [ WARNING ] calling centroids_by_jump...
core.pack.task: Packer task: initialize from command line() 
protocols.geometry.RB_geometry: [ WARNING ] centroids_by_jump_int called but no interface detected!!
protocols.geometry.RB_geometry: [ WARNING ] calling centroids_by_jump...
core.pack.task: Packer task: initialize from command line() 
protocols.geometry.RB_geometry: [ WARNING ] centroids_by_jump_int called but no interface detected!!
protocols.geometry.RB_geometry: [ WARNING ] calling centroids_by_jump...
core.pack.task: Packer task: initialize from command line() 
core.pack.task: Packer task: initialize from command line() 
core.pack.pack_rotamers: built 0 rotamers at 0 positions.
core.pack.interaction_graph.interaction_graph_factory: Instantiating DensePDInteractionGraph
basic.thread_manager.RosettaThreadManager: [ WARNING ] A work vector of size zero was passed to the RosettaThreadManager!  Duly returning without doing anything.
protocols.geometry.RB_geometry: [ WARNING ] centroids_by_jump_int called but no interface detected!!
protocols.geometry.RB_geometry: [ WARNING ] calling centroids_by_jump...
core.pack.task: Packer task: initialize from command line() 
protocols.geometry.RB_geometry: [ WARNING ] centroids_by_jump_int called but no interface detected!!
protocols.geometry.RB_geometry: [ WARNING ] calling centroids_by_jump...
core.pack.task: Packer task: initialize from command line() 
protocols.geometry.RB_geometry: [ WARNING ] centroids_by_jump_int called but no interface detected!!
protocols.geometry.RB_geometry: [ WARNING ] calling centroids_by_jump...
core.pack.task: Packer task: initialize from command line() 
protocols.geometry.RB_geometry: [ WARNING ] centroids_by_jump_int called but no interface detected!!
protocols.geometry.RB_geometry: [ WARNING ] calling centroids_by_jump...
core.pack.task: Packer task: initialize from command line() 
protocols.geometry.RB_geometry: [ WARNING ] centroids_by_jump_int called but no interface detected!!
protocols.geometry.RB_geometry: [ WARNING ] calling centroids_by_jump...
core.pack.task: Packer task: initialize from command line() 
protocols.docking.DockingProtocol.metrics: unbound pose: 
protocols.docking.DockingProtocol.metrics: 
------------------------------------------------------------
 Scores                       Weight   Raw Score Wghtd.Score
------------------------------------------------------------
 fa_atr                       1.000   -6814.833   -6814.833
 fa_rep                       0.550    3983.246    2190.785
 fa_sol                       1.000    4682.917    4682.917
 fa_intra_rep                 0.005    3194.729      15.974
 fa_intra_sol_xover4          1.000     246.907     246.907
 lk_ball_wtd                  1.000    -161.300    -161.300
 fa_elec                      1.000   -1499.849   -1499.849
 ch_bond_bb_bb                0.500      -8.411      -4.206
 pro_close                    1.250     140.227     175.284
 fa_cust_pair_dist            1.000       9.279       9.279
 hbond_sr_bb                  0.500    -592.797    -296.398
 hbond_lr_bb                  1.000     -10.047     -10.047
 hbond_bb_sc                  1.000     -54.883     -54.883
 hbond_sc                     1.000     -59.088     -59.088
 dslf_fa13                    1.250     -29.686     -37.108
 rama                         0.200    -306.444     -61.289
 omega                        0.500      34.363      17.182
 fa_dun                       0.700    5585.591    3909.914
 p_aa_pp                      0.300     -77.468     -23.240
 yhh_planarity                0.625       0.000       0.000
 ref                          1.000     261.134     261.134
 rama_prepro                  0.450     786.808     354.064
---------------------------------------------------
 Total weighted score:                     2841.198
protocols.docking.DockingProtocol.metrics: bound pose: 
protocols.docking.DockingProtocol.metrics: 
------------------------------------------------------------
 Scores                       Weight   Raw Score Wghtd.Score
------------------------------------------------------------
 fa_atr                       1.000   -6814.833   -6814.833
 fa_rep                       0.550    3983.246    2190.785
 fa_sol                       1.000    4682.917    4682.917
 fa_intra_rep                 0.005    3194.729      15.974
 fa_intra_sol_xover4          1.000     246.907     246.907
 lk_ball_wtd                  1.000    -161.300    -161.300
 fa_elec                      1.000   -1499.849   -1499.849
 ch_bond_bb_bb                0.500      -8.411      -4.206
 pro_close                    1.250     140.227     175.284
 fa_cust_pair_dist            1.000       9.279       9.279
 hbond_sr_bb                  0.500    -592.797    -296.398
 hbond_lr_bb                  1.000     -10.047     -10.047
 hbond_bb_sc                  1.000     -54.883     -54.883
 hbond_sc                     1.000     -59.088     -59.088
 dslf_fa13                    1.250     -29.686     -37.108
 rama                         0.200    -306.444     -61.289
 omega                        0.500      34.363      17.182
 fa_dun                       0.700    5585.591    3909.914
 p_aa_pp                      0.300     -77.468     -23.240
 yhh_planarity                0.625       0.000       0.000
 ref                          1.000     261.134     261.134
 rama_prepro                  0.450     786.808     354.064
---------------------------------------------------
 Total weighted score:                     2841.198
protocols.docking.DockingProtocol.metrics: unbound energy: 2841.2
protocols.docking.DockingProtocol.metrics: bound energy: 2841.2
protocols.docking.DockingProtocol.metrics: interaction energy: -2.72848e-12
protocols.docking.DockingProtocol.metrics: rb_jump: 1
protocols.docking.DockingProtocol.metrics: unbound pose: 
protocols.docking.DockingProtocol.metrics: 
------------------------------------------------------------
 Scores                       Weight   Raw Score Wghtd.Score
------------------------------------------------------------
 fa_atr                       1.000   -6814.833   -6814.833
 fa_rep                       0.550    3983.246    2190.785
 fa_sol                       1.000    4682.917    4682.917
 fa_intra_rep                 0.005    3194.729      15.974
 fa_intra_sol_xover4          1.000     246.907     246.907
 lk_ball_wtd                  1.000    -161.300    -161.300
 fa_elec                      1.000   -1499.849   -1499.849
 ch_bond_bb_bb                0.500      -8.411      -4.206
 pro_close                    1.250     140.227     175.284
 fa_cust_pair_dist            1.000       9.279       9.279
 hbond_sr_bb                  0.500    -592.797    -296.398
 hbond_lr_bb                  1.000     -10.047     -10.047
 hbond_bb_sc                  1.000     -54.883     -54.883
 hbond_sc                     1.000     -59.088     -59.088
 dslf_fa13                    1.250     -29.686     -37.108
 rama                         0.200    -306.444     -61.289
 omega                        0.500      34.363      17.182
 fa_dun                       0.700    5585.591    3909.914
 p_aa_pp                      0.300     -77.468     -23.240
 yhh_planarity                0.625       0.000       0.000
 ref                          1.000     261.134     261.134
 rama_prepro                  0.450     786.808     354.064
---------------------------------------------------
 Total weighted score:                     2841.198
protocols.docking.DockingProtocol.metrics: bound pose: 
protocols.docking.DockingProtocol.metrics: 
------------------------------------------------------------
 Scores                       Weight   Raw Score Wghtd.Score
------------------------------------------------------------
 fa_atr                       1.000   -6814.833   -6814.833
 fa_rep                       0.550    3983.246    2190.785
 fa_sol                       1.000    4682.917    4682.917
 fa_intra_rep                 0.005    3194.729      15.974
 fa_intra_sol_xover4          1.000     246.907     246.907
 lk_ball_wtd                  1.000    -161.300    -161.300
 fa_elec                      1.000   -1499.849   -1499.849
 ch_bond_bb_bb                0.500      -8.411      -4.206
 pro_close                    1.250     140.227     175.284
 fa_cust_pair_dist            1.000       9.279       9.279
 hbond_sr_bb                  0.500    -592.797    -296.398
 hbond_lr_bb                  1.000     -10.047     -10.047
 hbond_bb_sc                  1.000     -54.883     -54.883
 hbond_sc                     1.000     -59.088     -59.088
 dslf_fa13                    1.250     -29.686     -37.108
 rama                         0.200    -306.444     -61.289
 omega                        0.500      34.363      17.182
 fa_dun                       0.700    5585.591    3909.914
 p_aa_pp                      0.300     -77.468     -23.240
 yhh_planarity                0.625       0.000       0.000
 ref                          1.000     261.134     261.134
 rama_prepro                  0.450     786.808     354.064
---------------------------------------------------
 Total weighted score:                     2841.198
protocols.docking.DockingProtocol.metrics: unbound energy: 2841.2
protocols.docking.DockingProtocol.metrics: bound energy: 2841.2
protocols.docking.DockingProtocol.metrics: interaction energy: -2.72848e-12
protocols.docking.DockingProtocol.metrics: rb_jump: 1
protocols.jd2.JobDistributor: complex_0007 reported success in 9 seconds
protocols.jd2.PDBJobInputter: PDBJobInputter::pose_from_job
protocols.jd2.PDBJobInputter: filling pose from PDB input/complex.pdb
core.import_pose.import_pose: File 'input/complex.pdb' automatically determined to be of type PDB
core.io.pose_from_sfr.PoseFromSFRBuilder: Adding undetected upper terminus type to residue 1156, 1156 A
core.conformation.Conformation: [ WARNING ] missing heavyatom:  OXT on residue ALA:CtermProteinFull 1156
core.conformation.Conformation: Found disulfide between residues 49 58
core.conformation.Conformation: Found disulfide between residues 71 87
core.conformation.Conformation: Found disulfide between residues 86 97
core.conformation.Conformation: Found disulfide between residues 120 165
core.conformation.Conformation: Found disulfide between residues 164 173
core.conformation.Conformation: Found disulfide between residues 196 242
core.conformation.Conformation: Found disulfide between residues 241 249
core.conformation.Conformation: Found disulfide between residues 261 275
core.conformation.Conformation: Found disulfide between residues 274 285
core.conformation.Conformation: Found disulfide between residues 312 357
core.conformation.Conformation: Found disulfide between residues 356 365
core.conformation.Conformation: Found disulfide between residues 388 434
core.conformation.Conformation: Found disulfide between residues 433 444
core.conformation.Conformation: Found disulfide between residues 457 473
core.conformation.Conformation: Found disulfide between residues 472 483
core.conformation.Conformation: Found disulfide between residues 510 555
core.conformation.Conformation: Found disulfide between residues 554 563
core.conformation.Conformation: Found disulfide between residues 627 636
core.conformation.Conformation: Found disulfide between residues 649 665
core.conformation.Conformation: Found disulfide between residues 664 675
core.conformation.Conformation: Found disulfide between residues 698 743
core.conformation.Conformation: Found disulfide between residues 742 751
core.conformation.Conformation: Found disulfide between residues 774 820
core.conformation.Conformation: Found disulfide between residues 819 827
core.conformation.Conformation: Found disulfide between residues 839 853
core.conformation.Conformation: Found disulfide between residues 852 863
core.conformation.Conformation: Found disulfide between residues 890 935
core.conformation.Conformation: Found disulfide between residues 934 943
core.conformation.Conformation: Found disulfide between residues 966 1012
core.conformation.Conformation: Found disulfide between residues 1011 1022
core.conformation.Conformation: Found disulfide between residues 1035 1051
core.conformation.Conformation: Found disulfide between residues 1050 1061
core.conformation.Conformation: Found disulfide between residues 1088 1133
core.conformation.Conformation: Found disulfide between residues 1132 1141
protocols.docking.DockingProtocol: ////////////////////////////////////////////////////////////////////////////////
protocols.docking.DockingProtocol: ///                     Rosetta 3 Docking Protocol                           ///
protocols.docking.DockingProtocol: ///                                                                          ///
protocols.docking.DockingProtocol: /// Dockable Jumps: 1                                                        ///
protocols.docking.DockingProtocol: /// Low Resolution Docking Protocol:  off                                    ///
protocols.docking.DockingProtocol: /// High Resolution Docking Protocol:  on                                    ///
protocols.docking.DockingProtocol: /// Low Resolution Filter:  off                                              ///
protocols.docking.DockingProtocol: /// High Resolution Filter:  on                                              ///
protocols.docking.DockingProtocol: ////////////////////////////////////////////////////////////////////////////////
protocols.docking.DockMCMProtocol: in DockMCMProtocol.apply
protocols.docking.DockMCMProtocol: Using the DockingTaskFactory.
protocols.docking.DockMCMCycle: Setting up defaults for DockMCMCycle: 
protocols.docking.DockMCMCycle: ////////////////////////////////////////////////////////////////////////////////
protocols.docking.DockMCMCycle: /// Dockable Jumps: 1                                                        ///
protocols.docking.DockMCMCycle: /// Translation: 0.1                                                         ///
protocols.docking.DockMCMCycle: /// Rotation: 5                                                              ///
protocols.docking.DockMCMCycle: /// Scorefunction:                                                           ///
protocols.docking.DockMCMCycle: ScoreFunction::show():
weights: (fa_atr 1) (fa_rep 0.55) (fa_sol 1) (fa_intra_rep 0.005) (fa_intra_sol_xover4 1) (lk_ball_wtd 1) (fa_elec 1) (ch_bond_bb_bb 0.5) (pro_close 1.25) (fa_cust_pair_dist 1) (hbond_sr_bb 0.5) (hbond_lr_bb 1) (hbond_bb_sc 1) (hbond_sc 1) (dslf_fa13 1.25) (rama 0.2) (omega 0.5) (fa_dun 0.7) (p_aa_pp 0.3) (yhh_planarity 0.625) (ref 1) (rama_prepro 0.45)
energy_method_options: EnergyMethodOptions::show: aa_composition_setup_files: 
protocols.docking.DockMCMCycle: EnergyMethodOptions::show: mhc_epitope_setup_files: 
protocols.docking.DockMCMCycle: EnergyMethodOptions::show: netcharge_setup_files: 
protocols.docking.DockMCMCycle: EnergyMethodOptions::show: aspartimide_penalty_value: 25
protocols.docking.DockMCMCycle: EnergyMethodOptions::show: etable_type: FA_STANDARD_DEFAULT
analytic_etable_evaluation: 1
EnergyMethodOptions::show: method_weights: ref 1.32468 3.25479 -2.14574 -2.72453 1.21829 0.79816 -0.30065 2.30374 -0.71458 1.66147 1.65735 -1.34026 -1.64321 -1.45095 -0.09474 -0.28969 1.15175 2.64269 2.26099 0.58223
EnergyMethodOptions::show: method_weights: free_res
EnergyMethodOptions::show: unfolded_energies_type: UNFOLDED_SCORE12
protocols.docking.DockMCMCycle: EnergyMethodOptions::show: split_unfolded_label_type: SPLIT_UNFOLDED_MM
protocols.docking.DockMCMCycle: EnergyMethodOptions::show: split_unfolded_value_type: SPLIT_UNFOLDED_BOLTZ
protocols.docking.DockMCMCycle: EnergyMethodOptions::show: atom_vdw_atom_type_set_name: centroid
protocols.docking.DockMCMCycle: EnergyMethodOptions::show: covalent_labeling_input: 
protocols.docking.DockMCMCycle: EnergyMethodOptions::show: covalent_labeling_fa_input: 
protocols.docking.DockMCMCycle: EnergyMethodOptions::show: hrf_dynamics_input: 
protocols.docking.DockMCMCycle: EnergyMethodOptions::show: depc_ms_input: 
protocols.docking.DockMCMCycle: EnergyMethodOptions::show: exclude_protein_protein_fa_elec: false
protocols.docking.DockMCMCycle: EnergyMethodOptions::show: exclude_RNA_RNA_fa_elec: false
protocols.docking.DockMCMCycle: EnergyMethodOptions::show: exclude_RNA_protein_fa_elec: false
protocols.docking.DockMCMCycle: EnergyMethodOptions::show: exclude_monomer_fa_elec: false
protocols.docking.DockMCMCycle: EnergyMethodOptions::show: elec_max_dis: 5.5
protocols.docking.DockMCMCycle: EnergyMethodOptions::show: elec_min_dis: 1.6
protocols.docking.DockMCMCycle: EnergyMethodOptions::show: elec_die: 10
protocols.docking.DockMCMCycle: EnergyMethodOptions::show: elec_no_dis_dep_die: false
protocols.docking.DockMCMCycle: EnergyMethodOptions::show: elec_sigmoidal_die: true
protocols.docking.DockMCMCycle: EnergyMethodOptions::show: elec_sigmoidal_D: 80
protocols.docking.DockMCMCycle: EnergyMethodOptions::show: elec_sigmoidal_D0: 6
protocols.docking.DockMCMCycle: EnergyMethodOptions::show: elec_sigmoidal_S: 0.4
protocols.docking.DockMCMCycle: EnergyMethodOptions::show: smooth_fa_elec: true
protocols.docking.DockMCMCycle: EnergyMethodOptions::show: grpelec_fade_type: false
protocols.docking.DockMCMCycle: EnergyMethodOptions::show: grpelec_fade_param1: 1
protocols.docking.DockMCMCycle: EnergyMethodOptions::show: grpelec_fade_param2: 1
protocols.docking.DockMCMCycle: EnergyMethodOptions::show: grpelec_fade_hbond: 0
protocols.docking.DockMCMCycle: EnergyMethodOptions::show: grp_cpfxn: 1
protocols.docking.DockMCMCycle: EnergyMethodOptions::show: elec_group_file: /scoring/score_functions/elec_group_def.dat
protocols.docking.DockMCMCycle: EnergyMethodOptions::show: grpelec_context_dependent: 0
protocols.docking.DockMCMCycle: EnergyMethodOptions::show: use_polarization: true
protocols.docking.DockMCMCycle: EnergyMethodOptions::show: use_gen_kirkwood: true
protocols.docking.DockMCMCycle: EnergyMethodOptions::show: protein_dielectric: 1
protocols.docking.DockMCMCycle: EnergyMethodOptions::show: water_dielectric: 78.3
protocols.docking.DockMCMCycle: EnergyMethodOptions::show: exclude_DNA_DNA: false
protocols.docking.DockMCMCycle: EnergyMethodOptions::show: exclude_intra_res_protein: false
protocols.docking.DockMCMCycle: EnergyMethodOptions::show: count_pair_hybrid: false
protocols.docking.DockMCMCycle: EnergyMethodOptions::show: count_pair_full: false
protocols.docking.DockMCMCycle: EnergyMethodOptions::show: put_intra_into_total: false
protocols.docking.DockMCMCycle: EnergyMethodOptions::show: geom_sol_interres_path_distance_cutoff: false
protocols.docking.DockMCMCycle: EnergyMethodOptions::show: geom_sol_intrares_path_distance_cutoff: true
protocols.docking.DockMCMCycle: EnergyMethodOptions::show: eval_intrares_elec_ST_only: false
protocols.docking.DockMCMCycle: EnergyMethodOptions::show: envsmooth_zero_negatives: false
protocols.docking.DockMCMCycle: EnergyMethodOptions::show: cst_max_seq_sep: 18446744073709551615
protocols.docking.DockMCMCycle: EnergyMethodOptions::show: pb_bound_tag: bound
protocols.docking.DockMCMCycle: EnergyMethodOptions::show: pb_unbound_tag: unbound
protocols.docking.DockMCMCycle: EnergyMethodOptions::show: arg_cation_pi_his_can_be_pi: 1
protocols.docking.DockMCMCycle: EnergyMethodOptions::show: ordered_wat_penalty: 1.221
protocols.docking.DockMCMCycle: EnergyMethodOptions::show: ordered_pt_wat_penalty: 2.709
protocols.docking.DockMCMCycle: EnergyMethodOptions::show: nmer_ref_seq_length_: 9
protocols.docking.DockMCMCycle: EnergyMethodOptions::show: nmer_svm_term_length_: 3
protocols.docking.DockMCMCycle: EnergyMethodOptions::show: nmer_svm_pssm_feat_: 1
protocols.docking.DockMCMCycle: EnergyMethodOptions::show: nmer_svm_scorecut_defined_: 0
protocols.docking.DockMCMCycle: EnergyMethodOptions::show: nmer_svm_scorecut_: 0
protocols.docking.DockMCMCycle: EnergyMethodOptions::show: nmer_svm_avg_rank_as_energy_: 0
protocols.docking.DockMCMCycle: EnergyMethodOptions::show: nmer_svm_aa_matrix_defined_: 0
protocols.docking.DockMCMCycle: EnergyMethodOptions::show: nmer_svm_aa_matrix_: 
protocols.docking.DockMCMCycle: EnergyMethodOptions::show: nmer_svm_list_defined_: 0
protocols.docking.DockMCMCycle: EnergyMethodOptions::show: nmer_svm_list_: 
protocols.docking.DockMCMCycle: EnergyMethodOptions::show: nmer_svm_defined_: 0
protocols.docking.DockMCMCycle: EnergyMethodOptions::show: nmer_svm_: 
protocols.docking.DockMCMCycle: EnergyMethodOptions::show: nmer_svm_rank_list_defined_: 0
protocols.docking.DockMCMCycle: EnergyMethodOptions::show: nmer_svm_rank_list_: 
protocols.docking.DockMCMCycle: EnergyMethodOptions::show: nmer_svm_rank_defined_: 0
protocols.docking.DockMCMCycle: EnergyMethodOptions::show: nmer_svm_rank_: 
protocols.docking.DockMCMCycle: EnergyMethodOptions::show: voids_penalty_energy_containing_cones_cutoff_:6
protocols.docking.DockMCMCycle: EnergyMethodOptions::show: voids_penalty_energy_cone_distance_cutoff_: 8
protocols.docking.DockMCMCycle: EnergyMethodOptions::show: voids_penalty_energy_cone_dotproduct_cutoff_: 0.1
protocols.docking.DockMCMCycle: EnergyMethodOptions::show: voids_penalty_energy_voxel_grid_padding_: 1
protocols.docking.DockMCMCycle: EnergyMethodOptions::show: voids_penalty_energy_voxel_size_: 0.5
protocols.docking.DockMCMCycle: EnergyMethodOptions::show: voids_penalty_energy_disabled_except_during_packing_: TRUE
protocols.docking.DockMCMCycle: EnergyMethodOptions::show: hbnet_bonus_ramping_function_: "quadratic"
protocols.docking.DockMCMCycle: EnergyMethodOptions::show: hbnet_max_network_size_: 0
protocols.docking.DockMCMCycle: EnergyMethodOptions::show: approximate_buried_unsat_penalty_hbond_energy_threshold_: -0.25
protocols.docking.DockMCMCycle: EnergyMethodOptions::show: approximate_buried_unsat_penalty_burial_atomic_depth_: 4.5
protocols.docking.DockMCMCycle: EnergyMethodOptions::show: approximate_buried_unsat_penalty_burial_probe_radius_: 2.3
protocols.docking.DockMCMCycle: EnergyMethodOptions::show: approximate_buried_unsat_penalty_burial_resolution_: 0.5
protocols.docking.DockMCMCycle: EnergyMethodOptions::show: approximate_buried_unsat_penalty_oversat_penalty_: 1
protocols.docking.DockMCMCycle: EnergyMethodOptions::show: approximate_buried_unsat_penalty_assume_const_backbone_:1
protocols.docking.DockMCMCycle: EnergyMethodOptions::show: approximate_buried_unsat_penalty_natural_corrections1_:0
protocols.docking.DockMCMCycle: EnergyMethodOptions::show: approximate_buried_unsat_penalty_hbond_bonus_cross_chain_:0
protocols.docking.DockMCMCycle: EnergyMethodOptions::show: approximate_buried_unsat_penalty_hbond_bonus_ser_to_helix_bb_:0
protocols.docking.DockMCMCycle: EnergyMethodOptions::show: approximate_buried_unsat_penalty_lys_ok_with_1_:0
protocols.docking.DockMCMCycle: EnergyMethodOptions::show: target_clash_pdb_:
protocols.docking.DockMCMCycle: EnergyMethodOptions::show: dump_trajectory_prefix_: traj
protocols.docking.DockMCMCycle: EnergyMethodOptions::show: dump_trajectory_gz_: FALSE
protocols.docking.DockMCMCycle: EnergyMethodOptions::show: dump_trajectory_stride_: 1
protocols.docking.DockMCMCycle: EnergyMethodOptions::show: bond_angle_central_atoms_to_score:
protocols.docking.DockMCMCycle: EnergyMethodOptions::show: bond_angle_residue_type_param_set: none
protocols.docking.DockMCMCycle: HBondOptions::show: hb_max_energy: 0
protocols.docking.DockMCMCycle: HBondOptions::show: exclude_DNA_DNA: false
protocols.docking.DockMCMCycle: HBondOptions::show: exclude_intra_res_protein_: false
protocols.docking.DockMCMCycle: HBondOptions::show: exclude_intra_res_RNA_: false
protocols.docking.DockMCMCycle: HBondOptions::show: put_intra_into_total_: false
protocols.docking.DockMCMCycle: HBondOptions::show: exclude_self_hbonds: true
protocols.docking.DockMCMCycle: HBondOptions::show: use_hb_env_dep: false
protocols.docking.DockMCMCycle: HBondOptions::show: use_hb_env_dep_DNA: true
protocols.docking.DockMCMCycle: HBondOptions::show: smooth_hb_env_dep: true
protocols.docking.DockMCMCycle: HBondOptions::show: bb_donor_acceptor_check: true
protocols.docking.DockMCMCycle: HBondOptions::show: decompose_bb_hb_into_pair_energies: false
protocols.docking.DockMCMCycle: HBondOptions::show: params_database_tag_: ref2015_params
protocols.docking.DockMCMCycle: HBondOptions::show: use_sp2_chi_penalty_: true
protocols.docking.DockMCMCycle: HBondOptions::show: sp2_BAH180_rise_: 0.75
protocols.docking.DockMCMCycle: HBondOptions::show: sp2_outer_width_: 0.357
protocols.docking.DockMCMCycle: HBondOptions::show: measure_sp3acc_BAH_from_hvy_: true
protocols.docking.DockMCMCycle: HBondOptions::show: fade_energy_: 1
protocols.docking.DockMCMCycle: HBondOptions::show: exclude_ether_oxygens_: 0
protocols.docking.DockMCMCycle: HBondOptions::show: Mbhbond: false 
protocols.docking.DockMCMCycle: HbondOptions::show: mphbond: false
protocols.docking.DockMCMCycle: HBondOptions::show: hbond_energy_shift: 0
protocols.docking.DockMCMCycle: HBondOptions::show: water_hybrid_sf: false
protocols.docking.DockMCMCycle: RNA_EnergyMethodOptions::show: syn_G_potential_bonus: 0
protocols.docking.DockMCMCycle: RNA_EnergyMethodOptions::show: torsion_potential: ps_04282011
protocols.docking.DockMCMCycle: RNA_EnergyMethodOptions::show: suiteness_bonus: Richardson
protocols.docking.DockMCMCycle: RNA_EnergyMethodOptions::show: rna_base_pair_xy_filename: scoring/rna/rna_base_pair_xy.dat
protocols.docking.DockMCMCycle: FreeDOF_Options::show: free_suite_bonus: -1
protocols.docking.DockMCMCycle: FreeDOF_Options::show: free_2HOprime_bonus: -0.5
protocols.docking.DockMCMCycle: FreeDOF_Options::show: free_sugar_bonus: -1
protocols.docking.DockMCMCycle: FreeDOF_Options::show: pack_phosphate_penalty: 0.25
protocols.docking.DockMCMCycle: FreeDOF_Options::show: free_side_chain_bonus: -0.5
protocols.docking.DockMCMCycle: 
protocols.docking.DockMCMCycle: 
protocols.docking.DockMCMCycle: /// Packing scorefunction:                                                   ///
protocols.docking.DockMCMCycle: ScoreFunction::show():
weights: (fa_atr 1) (fa_rep 0.55) (fa_sol 1) (fa_intra_rep 0.005) (fa_intra_sol_xover4 1) (lk_ball_wtd 1) (fa_elec 1) (ch_bond_bb_bb 0.5) (pro_close 1.25) (fa_cust_pair_dist 1) (hbond_sr_bb 0.5) (hbond_lr_bb 1) (hbond_bb_sc 1) (hbond_sc 1) (dslf_fa13 1.25) (rama 0.2) (omega 0.5) (fa_dun 0.7) (p_aa_pp 0.3) (yhh_planarity 0.625) (ref 1) (rama_prepro 0.45)
energy_method_options: EnergyMethodOptions::show: aa_composition_setup_files: 
protocols.docking.DockMCMCycle: EnergyMethodOptions::show: mhc_epitope_setup_files: 
protocols.docking.DockMCMCycle: EnergyMethodOptions::show: netcharge_setup_files: 
protocols.docking.DockMCMCycle: EnergyMethodOptions::show: aspartimide_penalty_value: 25
protocols.docking.DockMCMCycle: EnergyMethodOptions::show: etable_type: FA_STANDARD_DEFAULT
analytic_etable_evaluation: 1
EnergyMethodOptions::show: method_weights: ref 1.32468 3.25479 -2.14574 -2.72453 1.21829 0.79816 -0.30065 2.30374 -0.71458 1.66147 1.65735 -1.34026 -1.64321 -1.45095 -0.09474 -0.28969 1.15175 2.64269 2.26099 0.58223
EnergyMethodOptions::show: method_weights: free_res
EnergyMethodOptions::show: unfolded_energies_type: UNFOLDED_SCORE12
protocols.docking.DockMCMCycle: EnergyMethodOptions::show: split_unfolded_label_type: SPLIT_UNFOLDED_MM
protocols.docking.DockMCMCycle: EnergyMethodOptions::show: split_unfolded_value_type: SPLIT_UNFOLDED_BOLTZ
protocols.docking.DockMCMCycle: EnergyMethodOptions::show: atom_vdw_atom_type_set_name: centroid
protocols.docking.DockMCMCycle: EnergyMethodOptions::show: covalent_labeling_input: 
protocols.docking.DockMCMCycle: EnergyMethodOptions::show: covalent_labeling_fa_input: 
protocols.docking.DockMCMCycle: EnergyMethodOptions::show: hrf_dynamics_input: 
protocols.docking.DockMCMCycle: EnergyMethodOptions::show: depc_ms_input: 
protocols.docking.DockMCMCycle: EnergyMethodOptions::show: exclude_protein_protein_fa_elec: false
protocols.docking.DockMCMCycle: EnergyMethodOptions::show: exclude_RNA_RNA_fa_elec: false
protocols.docking.DockMCMCycle: EnergyMethodOptions::show: exclude_RNA_protein_fa_elec: false
protocols.docking.DockMCMCycle: EnergyMethodOptions::show: exclude_monomer_fa_elec: false
protocols.docking.DockMCMCycle: EnergyMethodOptions::show: elec_max_dis: 5.5
protocols.docking.DockMCMCycle: EnergyMethodOptions::show: elec_min_dis: 1.6
protocols.docking.DockMCMCycle: EnergyMethodOptions::show: elec_die: 10
protocols.docking.DockMCMCycle: EnergyMethodOptions::show: elec_no_dis_dep_die: false
protocols.docking.DockMCMCycle: EnergyMethodOptions::show: elec_sigmoidal_die: true
protocols.docking.DockMCMCycle: EnergyMethodOptions::show: elec_sigmoidal_D: 80
protocols.docking.DockMCMCycle: EnergyMethodOptions::show: elec_sigmoidal_D0: 6
protocols.docking.DockMCMCycle: EnergyMethodOptions::show: elec_sigmoidal_S: 0.4
protocols.docking.DockMCMCycle: EnergyMethodOptions::show: smooth_fa_elec: true
protocols.docking.DockMCMCycle: EnergyMethodOptions::show: grpelec_fade_type: false
protocols.docking.DockMCMCycle: EnergyMethodOptions::show: grpelec_fade_param1: 1
protocols.docking.DockMCMCycle: EnergyMethodOptions::show: grpelec_fade_param2: 1
protocols.docking.DockMCMCycle: EnergyMethodOptions::show: grpelec_fade_hbond: 0
protocols.docking.DockMCMCycle: EnergyMethodOptions::show: grp_cpfxn: 1
protocols.docking.DockMCMCycle: EnergyMethodOptions::show: elec_group_file: /scoring/score_functions/elec_group_def.dat
protocols.docking.DockMCMCycle: EnergyMethodOptions::show: grpelec_context_dependent: 0
protocols.docking.DockMCMCycle: EnergyMethodOptions::show: use_polarization: true
protocols.docking.DockMCMCycle: EnergyMethodOptions::show: use_gen_kirkwood: true
protocols.docking.DockMCMCycle: EnergyMethodOptions::show: protein_dielectric: 1
protocols.docking.DockMCMCycle: EnergyMethodOptions::show: water_dielectric: 78.3
protocols.docking.DockMCMCycle: EnergyMethodOptions::show: exclude_DNA_DNA: false
protocols.docking.DockMCMCycle: EnergyMethodOptions::show: exclude_intra_res_protein: false
protocols.docking.DockMCMCycle: EnergyMethodOptions::show: count_pair_hybrid: false
protocols.docking.DockMCMCycle: EnergyMethodOptions::show: count_pair_full: false
protocols.docking.DockMCMCycle: EnergyMethodOptions::show: put_intra_into_total: false
protocols.docking.DockMCMCycle: EnergyMethodOptions::show: geom_sol_interres_path_distance_cutoff: false
protocols.docking.DockMCMCycle: EnergyMethodOptions::show: geom_sol_intrares_path_distance_cutoff: true
protocols.docking.DockMCMCycle: EnergyMethodOptions::show: eval_intrares_elec_ST_only: false
protocols.docking.DockMCMCycle: EnergyMethodOptions::show: envsmooth_zero_negatives: false
protocols.docking.DockMCMCycle: EnergyMethodOptions::show: cst_max_seq_sep: 18446744073709551615
protocols.docking.DockMCMCycle: EnergyMethodOptions::show: pb_bound_tag: bound
protocols.docking.DockMCMCycle: EnergyMethodOptions::show: pb_unbound_tag: unbound
protocols.docking.DockMCMCycle: EnergyMethodOptions::show: arg_cation_pi_his_can_be_pi: 1
protocols.docking.DockMCMCycle: EnergyMethodOptions::show: ordered_wat_penalty: 1.221
protocols.docking.DockMCMCycle: EnergyMethodOptions::show: ordered_pt_wat_penalty: 2.709
protocols.docking.DockMCMCycle: EnergyMethodOptions::show: nmer_ref_seq_length_: 9
protocols.docking.DockMCMCycle: EnergyMethodOptions::show: nmer_svm_term_length_: 3
protocols.docking.DockMCMCycle: EnergyMethodOptions::show: nmer_svm_pssm_feat_: 1
protocols.docking.DockMCMCycle: EnergyMethodOptions::show: nmer_svm_scorecut_defined_: 0
protocols.docking.DockMCMCycle: EnergyMethodOptions::show: nmer_svm_scorecut_: 0
protocols.docking.DockMCMCycle: EnergyMethodOptions::show: nmer_svm_avg_rank_as_energy_: 0
protocols.docking.DockMCMCycle: EnergyMethodOptions::show: nmer_svm_aa_matrix_defined_: 0
protocols.docking.DockMCMCycle: EnergyMethodOptions::show: nmer_svm_aa_matrix_: 
protocols.docking.DockMCMCycle: EnergyMethodOptions::show: nmer_svm_list_defined_: 0
protocols.docking.DockMCMCycle: EnergyMethodOptions::show: nmer_svm_list_: 
protocols.docking.DockMCMCycle: EnergyMethodOptions::show: nmer_svm_defined_: 0
protocols.docking.DockMCMCycle: EnergyMethodOptions::show: nmer_svm_: 
protocols.docking.DockMCMCycle: EnergyMethodOptions::show: nmer_svm_rank_list_defined_: 0
protocols.docking.DockMCMCycle: EnergyMethodOptions::show: nmer_svm_rank_list_: 
protocols.docking.DockMCMCycle: EnergyMethodOptions::show: nmer_svm_rank_defined_: 0
protocols.docking.DockMCMCycle: EnergyMethodOptions::show: nmer_svm_rank_: 
protocols.docking.DockMCMCycle: EnergyMethodOptions::show: voids_penalty_energy_containing_cones_cutoff_:6
protocols.docking.DockMCMCycle: EnergyMethodOptions::show: voids_penalty_energy_cone_distance_cutoff_: 8
protocols.docking.DockMCMCycle: EnergyMethodOptions::show: voids_penalty_energy_cone_dotproduct_cutoff_: 0.1
protocols.docking.DockMCMCycle: EnergyMethodOptions::show: voids_penalty_energy_voxel_grid_padding_: 1
protocols.docking.DockMCMCycle: EnergyMethodOptions::show: voids_penalty_energy_voxel_size_: 0.5
protocols.docking.DockMCMCycle: EnergyMethodOptions::show: voids_penalty_energy_disabled_except_during_packing_: TRUE
protocols.docking.DockMCMCycle: EnergyMethodOptions::show: hbnet_bonus_ramping_function_: "quadratic"
protocols.docking.DockMCMCycle: EnergyMethodOptions::show: hbnet_max_network_size_: 0
protocols.docking.DockMCMCycle: EnergyMethodOptions::show: approximate_buried_unsat_penalty_hbond_energy_threshold_: -0.25
protocols.docking.DockMCMCycle: EnergyMethodOptions::show: approximate_buried_unsat_penalty_burial_atomic_depth_: 4.5
protocols.docking.DockMCMCycle: EnergyMethodOptions::show: approximate_buried_unsat_penalty_burial_probe_radius_: 2.3
protocols.docking.DockMCMCycle: EnergyMethodOptions::show: approximate_buried_unsat_penalty_burial_resolution_: 0.5
protocols.docking.DockMCMCycle: EnergyMethodOptions::show: approximate_buried_unsat_penalty_oversat_penalty_: 1
protocols.docking.DockMCMCycle: EnergyMethodOptions::show: approximate_buried_unsat_penalty_assume_const_backbone_:1
protocols.docking.DockMCMCycle: EnergyMethodOptions::show: approximate_buried_unsat_penalty_natural_corrections1_:0
protocols.docking.DockMCMCycle: EnergyMethodOptions::show: approximate_buried_unsat_penalty_hbond_bonus_cross_chain_:0
protocols.docking.DockMCMCycle: EnergyMethodOptions::show: approximate_buried_unsat_penalty_hbond_bonus_ser_to_helix_bb_:0
protocols.docking.DockMCMCycle: EnergyMethodOptions::show: approximate_buried_unsat_penalty_lys_ok_with_1_:0
protocols.docking.DockMCMCycle: EnergyMethodOptions::show: target_clash_pdb_:
protocols.docking.DockMCMCycle: EnergyMethodOptions::show: dump_trajectory_prefix_: traj
protocols.docking.DockMCMCycle: EnergyMethodOptions::show: dump_trajectory_gz_: FALSE
protocols.docking.DockMCMCycle: EnergyMethodOptions::show: dump_trajectory_stride_: 1
protocols.docking.DockMCMCycle: EnergyMethodOptions::show: bond_angle_central_atoms_to_score:
protocols.docking.DockMCMCycle: EnergyMethodOptions::show: bond_angle_residue_type_param_set: none
protocols.docking.DockMCMCycle: HBondOptions::show: hb_max_energy: 0
protocols.docking.DockMCMCycle: HBondOptions::show: exclude_DNA_DNA: false
protocols.docking.DockMCMCycle: HBondOptions::show: exclude_intra_res_protein_: false
protocols.docking.DockMCMCycle: HBondOptions::show: exclude_intra_res_RNA_: false
protocols.docking.DockMCMCycle: HBondOptions::show: put_intra_into_total_: false
protocols.docking.DockMCMCycle: HBondOptions::show: exclude_self_hbonds: true
protocols.docking.DockMCMCycle: HBondOptions::show: use_hb_env_dep: false
protocols.docking.DockMCMCycle: HBondOptions::show: use_hb_env_dep_DNA: true
protocols.docking.DockMCMCycle: HBondOptions::show: smooth_hb_env_dep: true
protocols.docking.DockMCMCycle: HBondOptions::show: bb_donor_acceptor_check: true
protocols.docking.DockMCMCycle: HBondOptions::show: decompose_bb_hb_into_pair_energies: false
protocols.docking.DockMCMCycle: HBondOptions::show: params_database_tag_: ref2015_params
protocols.docking.DockMCMCycle: HBondOptions::show: use_sp2_chi_penalty_: true
protocols.docking.DockMCMCycle: HBondOptions::show: sp2_BAH180_rise_: 0.75
protocols.docking.DockMCMCycle: HBondOptions::show: sp2_outer_width_: 0.357
protocols.docking.DockMCMCycle: HBondOptions::show: measure_sp3acc_BAH_from_hvy_: true
protocols.docking.DockMCMCycle: HBondOptions::show: fade_energy_: 1
protocols.docking.DockMCMCycle: HBondOptions::show: exclude_ether_oxygens_: 0
protocols.docking.DockMCMCycle: HBondOptions::show: Mbhbond: false 
protocols.docking.DockMCMCycle: HbondOptions::show: mphbond: false
protocols.docking.DockMCMCycle: HBondOptions::show: hbond_energy_shift: 0
protocols.docking.DockMCMCycle: HBondOptions::show: water_hybrid_sf: false
protocols.docking.DockMCMCycle: RNA_EnergyMethodOptions::show: syn_G_potential_bonus: 0
protocols.docking.DockMCMCycle: RNA_EnergyMethodOptions::show: torsion_potential: ps_04282011
protocols.docking.DockMCMCycle: RNA_EnergyMethodOptions::show: suiteness_bonus: Richardson
protocols.docking.DockMCMCycle: RNA_EnergyMethodOptions::show: rna_base_pair_xy_filename: scoring/rna/rna_base_pair_xy.dat
protocols.docking.DockMCMCycle: FreeDOF_Options::show: free_suite_bonus: -1
protocols.docking.DockMCMCycle: FreeDOF_Options::show: free_2HOprime_bonus: -0.5
protocols.docking.DockMCMCycle: FreeDOF_Options::show: free_sugar_bonus: -1
protocols.docking.DockMCMCycle: FreeDOF_Options::show: pack_phosphate_penalty: 0.25
protocols.docking.DockMCMCycle: FreeDOF_Options::show: free_side_chain_bonus: -0.5
protocols.docking.DockMCMCycle: 
protocols.docking.DockMCMCycle: 
protocols.docking.DockMCMCycle: ////////////////////////////////////////////////////////////////////////////////
core.pack.task: Packer task: initialize from command line() 
core.pack.pack_rotamers: built 0 rotamers at 0 positions.
core.pack.interaction_graph.interaction_graph_factory: Instantiating DensePDInteractionGraph
basic.thread_manager.RosettaThreadManager: [ WARNING ] A work vector of size zero was passed to the RosettaThreadManager!  Duly returning without doing anything.
protocols.geometry.RB_geometry: [ WARNING ] centroids_by_jump_int called but no interface detected!!
protocols.geometry.RB_geometry: [ WARNING ] calling centroids_by_jump...
core.pack.task: Packer task: initialize from command line() 
protocols.geometry.RB_geometry: [ WARNING ] centroids_by_jump_int called but no interface detected!!
protocols.geometry.RB_geometry: [ WARNING ] calling centroids_by_jump...
core.pack.task: Packer task: initialize from command line() 
protocols.geometry.RB_geometry: [ WARNING ] centroids_by_jump_int called but no interface detected!!
protocols.geometry.RB_geometry: [ WARNING ] calling centroids_by_jump...
core.pack.task: Packer task: initialize from command line() 
protocols.geometry.RB_geometry: [ WARNING ] centroids_by_jump_int called but no interface detected!!
protocols.geometry.RB_geometry: [ WARNING ] calling centroids_by_jump...
core.pack.task: Packer task: initialize from command line() 
protocols.geometry.RB_geometry: [ WARNING ] centroids_by_jump_int called but no interface detected!!
protocols.geometry.RB_geometry: [ WARNING ] calling centroids_by_jump...
core.pack.task: Packer task: initialize from command line() 
protocols.geometry.RB_geometry: [ WARNING ] centroids_by_jump_int called but no interface detected!!
protocols.geometry.RB_geometry: [ WARNING ] calling centroids_by_jump...
core.pack.task: Packer task: initialize from command line() 
protocols.geometry.RB_geometry: [ WARNING ] centroids_by_jump_int called but no interface detected!!
protocols.geometry.RB_geometry: [ WARNING ] calling centroids_by_jump...
core.pack.task: Packer task: initialize from command line() 
protocols.geometry.RB_geometry: [ WARNING ] centroids_by_jump_int called but no interface detected!!
protocols.geometry.RB_geometry: [ WARNING ] calling centroids_by_jump...
core.pack.task: Packer task: initialize from command line() 
protocols.geometry.RB_geometry: [ WARNING ] centroids_by_jump_int called but no interface detected!!
protocols.geometry.RB_geometry: [ WARNING ] calling centroids_by_jump...
core.pack.task: Packer task: initialize from command line() 
protocols.geometry.RB_geometry: [ WARNING ] centroids_by_jump_int called but no interface detected!!
protocols.geometry.RB_geometry: [ WARNING ] calling centroids_by_jump...
core.pack.task: Packer task: initialize from command line() 
protocols.geometry.RB_geometry: [ WARNING ] centroids_by_jump_int called but no interface detected!!
protocols.geometry.RB_geometry: [ WARNING ] calling centroids_by_jump...
core.pack.task: Packer task: initialize from command line() 
protocols.geometry.RB_geometry: [ WARNING ] centroids_by_jump_int called but no interface detected!!
protocols.geometry.RB_geometry: [ WARNING ] calling centroids_by_jump...
core.pack.task: Packer task: initialize from command line() 
core.pack.task: Packer task: initialize from command line() 
core.pack.pack_rotamers: built 0 rotamers at 0 positions.
core.pack.interaction_graph.interaction_graph_factory: Instantiating DensePDInteractionGraph
basic.thread_manager.RosettaThreadManager: [ WARNING ] A work vector of size zero was passed to the RosettaThreadManager!  Duly returning without doing anything.
protocols.geometry.RB_geometry: [ WARNING ] centroids_by_jump_int called but no interface detected!!
protocols.geometry.RB_geometry: [ WARNING ] calling centroids_by_jump...
core.pack.task: Packer task: initialize from command line() 
protocols.geometry.RB_geometry: [ WARNING ] centroids_by_jump_int called but no interface detected!!
protocols.geometry.RB_geometry: [ WARNING ] calling centroids_by_jump...
core.pack.task: Packer task: initialize from command line() 
protocols.geometry.RB_geometry: [ WARNING ] centroids_by_jump_int called but no interface detected!!
protocols.geometry.RB_geometry: [ WARNING ] calling centroids_by_jump...
core.pack.task: Packer task: initialize from command line() 
protocols.geometry.RB_geometry: [ WARNING ] centroids_by_jump_int called but no interface detected!!
protocols.geometry.RB_geometry: [ WARNING ] calling centroids_by_jump...
core.pack.task: Packer task: initialize from command line() 
protocols.geometry.RB_geometry: [ WARNING ] centroids_by_jump_int called but no interface detected!!
protocols.geometry.RB_geometry: [ WARNING ] calling centroids_by_jump...
core.pack.task: Packer task: initialize from command line() 
protocols.geometry.RB_geometry: [ WARNING ] centroids_by_jump_int called but no interface detected!!
protocols.geometry.RB_geometry: [ WARNING ] calling centroids_by_jump...
core.pack.task: Packer task: initialize from command line() 
protocols.geometry.RB_geometry: [ WARNING ] centroids_by_jump_int called but no interface detected!!
protocols.geometry.RB_geometry: [ WARNING ] calling centroids_by_jump...
core.pack.task: Packer task: initialize from command line() 
protocols.geometry.RB_geometry: [ WARNING ] centroids_by_jump_int called but no interface detected!!
protocols.geometry.RB_geometry: [ WARNING ] calling centroids_by_jump...
core.pack.task: Packer task: initialize from command line() 
core.pack.task: Packer task: initialize from command line() 
core.pack.pack_rotamers: built 0 rotamers at 0 positions.
core.pack.interaction_graph.interaction_graph_factory: Instantiating DensePDInteractionGraph
basic.thread_manager.RosettaThreadManager: [ WARNING ] A work vector of size zero was passed to the RosettaThreadManager!  Duly returning without doing anything.
protocols.geometry.RB_geometry: [ WARNING ] centroids_by_jump_int called but no interface detected!!
protocols.geometry.RB_geometry: [ WARNING ] calling centroids_by_jump...
core.pack.task: Packer task: initialize from command line() 
protocols.geometry.RB_geometry: [ WARNING ] centroids_by_jump_int called but no interface detected!!
protocols.geometry.RB_geometry: [ WARNING ] calling centroids_by_jump...
core.pack.task: Packer task: initialize from command line() 
protocols.geometry.RB_geometry: [ WARNING ] centroids_by_jump_int called but no interface detected!!
protocols.geometry.RB_geometry: [ WARNING ] calling centroids_by_jump...
core.pack.task: Packer task: initialize from command line() 
protocols.geometry.RB_geometry: [ WARNING ] centroids_by_jump_int called but no interface detected!!
protocols.geometry.RB_geometry: [ WARNING ] calling centroids_by_jump...
core.pack.task: Packer task: initialize from command line() 
protocols.geometry.RB_geometry: [ WARNING ] centroids_by_jump_int called but no interface detected!!
protocols.geometry.RB_geometry: [ WARNING ] calling centroids_by_jump...
core.pack.task: Packer task: initialize from command line() 
protocols.geometry.RB_geometry: [ WARNING ] centroids_by_jump_int called but no interface detected!!
protocols.geometry.RB_geometry: [ WARNING ] calling centroids_by_jump...
core.pack.task: Packer task: initialize from command line() 
protocols.geometry.RB_geometry: [ WARNING ] centroids_by_jump_int called but no interface detected!!
protocols.geometry.RB_geometry: [ WARNING ] calling centroids_by_jump...
core.pack.task: Packer task: initialize from command line() 
protocols.geometry.RB_geometry: [ WARNING ] centroids_by_jump_int called but no interface detected!!
protocols.geometry.RB_geometry: [ WARNING ] calling centroids_by_jump...
core.pack.task: Packer task: initialize from command line() 
core.pack.task: Packer task: initialize from command line() 
core.pack.pack_rotamers: built 0 rotamers at 0 positions.
core.pack.interaction_graph.interaction_graph_factory: Instantiating DensePDInteractionGraph
basic.thread_manager.RosettaThreadManager: [ WARNING ] A work vector of size zero was passed to the RosettaThreadManager!  Duly returning without doing anything.
protocols.geometry.RB_geometry: [ WARNING ] centroids_by_jump_int called but no interface detected!!
protocols.geometry.RB_geometry: [ WARNING ] calling centroids_by_jump...
core.pack.task: Packer task: initialize from command line() 
protocols.geometry.RB_geometry: [ WARNING ] centroids_by_jump_int called but no interface detected!!
protocols.geometry.RB_geometry: [ WARNING ] calling centroids_by_jump...
core.pack.task: Packer task: initialize from command line() 
protocols.geometry.RB_geometry: [ WARNING ] centroids_by_jump_int called but no interface detected!!
protocols.geometry.RB_geometry: [ WARNING ] calling centroids_by_jump...
core.pack.task: Packer task: initialize from command line() 
protocols.geometry.RB_geometry: [ WARNING ] centroids_by_jump_int called but no interface detected!!
protocols.geometry.RB_geometry: [ WARNING ] calling centroids_by_jump...
core.pack.task: Packer task: initialize from command line() 
protocols.geometry.RB_geometry: [ WARNING ] centroids_by_jump_int called but no interface detected!!
protocols.geometry.RB_geometry: [ WARNING ] calling centroids_by_jump...
core.pack.task: Packer task: initialize from command line() 
protocols.geometry.RB_geometry: [ WARNING ] centroids_by_jump_int called but no interface detected!!
protocols.geometry.RB_geometry: [ WARNING ] calling centroids_by_jump...
core.pack.task: Packer task: initialize from command line() 
protocols.geometry.RB_geometry: [ WARNING ] centroids_by_jump_int called but no interface detected!!
protocols.geometry.RB_geometry: [ WARNING ] calling centroids_by_jump...
core.pack.task: Packer task: initialize from command line() 
protocols.geometry.RB_geometry: [ WARNING ] centroids_by_jump_int called but no interface detected!!
protocols.geometry.RB_geometry: [ WARNING ] calling centroids_by_jump...
core.pack.task: Packer task: initialize from command line() 
core.pack.task: Packer task: initialize from command line() 
core.pack.pack_rotamers: built 0 rotamers at 0 positions.
core.pack.interaction_graph.interaction_graph_factory: Instantiating DensePDInteractionGraph
basic.thread_manager.RosettaThreadManager: [ WARNING ] A work vector of size zero was passed to the RosettaThreadManager!  Duly returning without doing anything.
protocols.geometry.RB_geometry: [ WARNING ] centroids_by_jump_int called but no interface detected!!
protocols.geometry.RB_geometry: [ WARNING ] calling centroids_by_jump...
core.pack.task: Packer task: initialize from command line() 
protocols.geometry.RB_geometry: [ WARNING ] centroids_by_jump_int called but no interface detected!!
protocols.geometry.RB_geometry: [ WARNING ] calling centroids_by_jump...
core.pack.task: Packer task: initialize from command line() 
protocols.geometry.RB_geometry: [ WARNING ] centroids_by_jump_int called but no interface detected!!
protocols.geometry.RB_geometry: [ WARNING ] calling centroids_by_jump...
core.pack.task: Packer task: initialize from command line() 
protocols.geometry.RB_geometry: [ WARNING ] centroids_by_jump_int called but no interface detected!!
protocols.geometry.RB_geometry: [ WARNING ] calling centroids_by_jump...
core.pack.task: Packer task: initialize from command line() 
protocols.geometry.RB_geometry: [ WARNING ] centroids_by_jump_int called but no interface detected!!
protocols.geometry.RB_geometry: [ WARNING ] calling centroids_by_jump...
core.pack.task: Packer task: initialize from command line() 
protocols.geometry.RB_geometry: [ WARNING ] centroids_by_jump_int called but no interface detected!!
protocols.geometry.RB_geometry: [ WARNING ] calling centroids_by_jump...
core.pack.task: Packer task: initialize from command line() 
protocols.geometry.RB_geometry: [ WARNING ] centroids_by_jump_int called but no interface detected!!
protocols.geometry.RB_geometry: [ WARNING ] calling centroids_by_jump...
core.pack.task: Packer task: initialize from command line() 
protocols.geometry.RB_geometry: [ WARNING ] centroids_by_jump_int called but no interface detected!!
protocols.geometry.RB_geometry: [ WARNING ] calling centroids_by_jump...
core.pack.task: Packer task: initialize from command line() 
core.pack.task: Packer task: initialize from command line() 
core.pack.pack_rotamers: built 0 rotamers at 0 positions.
core.pack.interaction_graph.interaction_graph_factory: Instantiating DensePDInteractionGraph
basic.thread_manager.RosettaThreadManager: [ WARNING ] A work vector of size zero was passed to the RosettaThreadManager!  Duly returning without doing anything.
protocols.geometry.RB_geometry: [ WARNING ] centroids_by_jump_int called but no interface detected!!
protocols.geometry.RB_geometry: [ WARNING ] calling centroids_by_jump...
core.pack.task: Packer task: initialize from command line() 
protocols.geometry.RB_geometry: [ WARNING ] centroids_by_jump_int called but no interface detected!!
protocols.geometry.RB_geometry: [ WARNING ] calling centroids_by_jump...
core.pack.task: Packer task: initialize from command line() 
protocols.geometry.RB_geometry: [ WARNING ] centroids_by_jump_int called but no interface detected!!
protocols.geometry.RB_geometry: [ WARNING ] calling centroids_by_jump...
core.pack.task: Packer task: initialize from command line() 
protocols.geometry.RB_geometry: [ WARNING ] centroids_by_jump_int called but no interface detected!!
protocols.geometry.RB_geometry: [ WARNING ] calling centroids_by_jump...
core.pack.task: Packer task: initialize from command line() 
protocols.geometry.RB_geometry: [ WARNING ] centroids_by_jump_int called but no interface detected!!
protocols.geometry.RB_geometry: [ WARNING ] calling centroids_by_jump...
core.pack.task: Packer task: initialize from command line() 
protocols.docking.DockingProtocol.metrics: unbound pose: 
protocols.docking.DockingProtocol.metrics: 
------------------------------------------------------------
 Scores                       Weight   Raw Score Wghtd.Score
------------------------------------------------------------
 fa_atr                       1.000   -6814.833   -6814.833
 fa_rep                       0.550    3983.246    2190.785
 fa_sol                       1.000    4682.917    4682.917
 fa_intra_rep                 0.005    3194.729      15.974
 fa_intra_sol_xover4          1.000     246.907     246.907
 lk_ball_wtd                  1.000    -161.300    -161.300
 fa_elec                      1.000   -1499.849   -1499.849
 ch_bond_bb_bb                0.500      -8.411      -4.206
 pro_close                    1.250     140.227     175.284
 fa_cust_pair_dist            1.000       9.279       9.279
 hbond_sr_bb                  0.500    -592.797    -296.398
 hbond_lr_bb                  1.000     -10.047     -10.047
 hbond_bb_sc                  1.000     -54.883     -54.883
 hbond_sc                     1.000     -59.088     -59.088
 dslf_fa13                    1.250     -29.686     -37.108
 rama                         0.200    -306.444     -61.289
 omega                        0.500      34.363      17.182
 fa_dun                       0.700    5585.591    3909.914
 p_aa_pp                      0.300     -77.468     -23.240
 yhh_planarity                0.625       0.000       0.000
 ref                          1.000     261.134     261.134
 rama_prepro                  0.450     786.808     354.064
---------------------------------------------------
 Total weighted score:                     2841.198
protocols.docking.DockingProtocol.metrics: bound pose: 
protocols.docking.DockingProtocol.metrics: 
------------------------------------------------------------
 Scores                       Weight   Raw Score Wghtd.Score
------------------------------------------------------------
 fa_atr                       1.000   -6814.833   -6814.833
 fa_rep                       0.550    3983.246    2190.785
 fa_sol                       1.000    4682.917    4682.917
 fa_intra_rep                 0.005    3194.729      15.974
 fa_intra_sol_xover4          1.000     246.907     246.907
 lk_ball_wtd                  1.000    -161.300    -161.300
 fa_elec                      1.000   -1499.849   -1499.849
 ch_bond_bb_bb                0.500      -8.411      -4.206
 pro_close                    1.250     140.227     175.284
 fa_cust_pair_dist            1.000       9.279       9.279
 hbond_sr_bb                  0.500    -592.797    -296.398
 hbond_lr_bb                  1.000     -10.047     -10.047
 hbond_bb_sc                  1.000     -54.883     -54.883
 hbond_sc                     1.000     -59.088     -59.088
 dslf_fa13                    1.250     -29.686     -37.108
 rama                         0.200    -306.444     -61.289
 omega                        0.500      34.363      17.182
 fa_dun                       0.700    5585.591    3909.914
 p_aa_pp                      0.300     -77.468     -23.240
 yhh_planarity                0.625       0.000       0.000
 ref                          1.000     261.134     261.134
 rama_prepro                  0.450     786.808     354.064
---------------------------------------------------
 Total weighted score:                     2841.198
protocols.docking.DockingProtocol.metrics: unbound energy: 2841.2
protocols.docking.DockingProtocol.metrics: bound energy: 2841.2
protocols.docking.DockingProtocol.metrics: interaction energy: -2.72848e-12
protocols.docking.DockingProtocol.metrics: rb_jump: 1
protocols.docking.DockingProtocol.metrics: unbound pose: 
protocols.docking.DockingProtocol.metrics: 
------------------------------------------------------------
 Scores                       Weight   Raw Score Wghtd.Score
------------------------------------------------------------
 fa_atr                       1.000   -6814.833   -6814.833
 fa_rep                       0.550    3983.246    2190.785
 fa_sol                       1.000    4682.917    4682.917
 fa_intra_rep                 0.005    3194.729      15.974
 fa_intra_sol_xover4          1.000     246.907     246.907
 lk_ball_wtd                  1.000    -161.300    -161.300
 fa_elec                      1.000   -1499.849   -1499.849
 ch_bond_bb_bb                0.500      -8.411      -4.206
 pro_close                    1.250     140.227     175.284
 fa_cust_pair_dist            1.000       9.279       9.279
 hbond_sr_bb                  0.500    -592.797    -296.398
 hbond_lr_bb                  1.000     -10.047     -10.047
 hbond_bb_sc                  1.000     -54.883     -54.883
 hbond_sc                     1.000     -59.088     -59.088
 dslf_fa13                    1.250     -29.686     -37.108
 rama                         0.200    -306.444     -61.289
 omega                        0.500      34.363      17.182
 fa_dun                       0.700    5585.591    3909.914
 p_aa_pp                      0.300     -77.468     -23.240
 yhh_planarity                0.625       0.000       0.000
 ref                          1.000     261.134     261.134
 rama_prepro                  0.450     786.808     354.064
---------------------------------------------------
 Total weighted score:                     2841.198
protocols.docking.DockingProtocol.metrics: bound pose: 
protocols.docking.DockingProtocol.metrics: 
------------------------------------------------------------
 Scores                       Weight   Raw Score Wghtd.Score
------------------------------------------------------------
 fa_atr                       1.000   -6814.833   -6814.833
 fa_rep                       0.550    3983.246    2190.785
 fa_sol                       1.000    4682.917    4682.917
 fa_intra_rep                 0.005    3194.729      15.974
 fa_intra_sol_xover4          1.000     246.907     246.907
 lk_ball_wtd                  1.000    -161.300    -161.300
 fa_elec                      1.000   -1499.849   -1499.849
 ch_bond_bb_bb                0.500      -8.411      -4.206
 pro_close                    1.250     140.227     175.284
 fa_cust_pair_dist            1.000       9.279       9.279
 hbond_sr_bb                  0.500    -592.797    -296.398
 hbond_lr_bb                  1.000     -10.047     -10.047
 hbond_bb_sc                  1.000     -54.883     -54.883
 hbond_sc                     1.000     -59.088     -59.088
 dslf_fa13                    1.250     -29.686     -37.108
 rama                         0.200    -306.444     -61.289
 omega                        0.500      34.363      17.182
 fa_dun                       0.700    5585.591    3909.914
 p_aa_pp                      0.300     -77.468     -23.240
 yhh_planarity                0.625       0.000       0.000
 ref                          1.000     261.134     261.134
 rama_prepro                  0.450     786.808     354.064
---------------------------------------------------
 Total weighted score:                     2841.198
protocols.docking.DockingProtocol.metrics: unbound energy: 2841.2
protocols.docking.DockingProtocol.metrics: bound energy: 2841.2
protocols.docking.DockingProtocol.metrics: interaction energy: -2.72848e-12
protocols.docking.DockingProtocol.metrics: rb_jump: 1
protocols.jd2.JobDistributor: complex_0008 reported success in 9 seconds
protocols.jd2.PDBJobInputter: PDBJobInputter::pose_from_job
protocols.jd2.PDBJobInputter: filling pose from PDB input/complex.pdb
core.import_pose.import_pose: File 'input/complex.pdb' automatically determined to be of type PDB
core.io.pose_from_sfr.PoseFromSFRBuilder: Adding undetected upper terminus type to residue 1156, 1156 A
core.conformation.Conformation: [ WARNING ] missing heavyatom:  OXT on residue ALA:CtermProteinFull 1156
core.conformation.Conformation: Found disulfide between residues 49 58
core.conformation.Conformation: Found disulfide between residues 71 87
core.conformation.Conformation: Found disulfide between residues 86 97
core.conformation.Conformation: Found disulfide between residues 120 165
core.conformation.Conformation: Found disulfide between residues 164 173
core.conformation.Conformation: Found disulfide between residues 196 242
core.conformation.Conformation: Found disulfide between residues 241 249
core.conformation.Conformation: Found disulfide between residues 261 275
core.conformation.Conformation: Found disulfide between residues 274 285
core.conformation.Conformation: Found disulfide between residues 312 357
core.conformation.Conformation: Found disulfide between residues 356 365
core.conformation.Conformation: Found disulfide between residues 388 434
core.conformation.Conformation: Found disulfide between residues 433 444
core.conformation.Conformation: Found disulfide between residues 457 473
core.conformation.Conformation: Found disulfide between residues 472 483
core.conformation.Conformation: Found disulfide between residues 510 555
core.conformation.Conformation: Found disulfide between residues 554 563
core.conformation.Conformation: Found disulfide between residues 627 636
core.conformation.Conformation: Found disulfide between residues 649 665
core.conformation.Conformation: Found disulfide between residues 664 675
core.conformation.Conformation: Found disulfide between residues 698 743
core.conformation.Conformation: Found disulfide between residues 742 751
core.conformation.Conformation: Found disulfide between residues 774 820
core.conformation.Conformation: Found disulfide between residues 819 827
core.conformation.Conformation: Found disulfide between residues 839 853
core.conformation.Conformation: Found disulfide between residues 852 863
core.conformation.Conformation: Found disulfide between residues 890 935
core.conformation.Conformation: Found disulfide between residues 934 943
core.conformation.Conformation: Found disulfide between residues 966 1012
core.conformation.Conformation: Found disulfide between residues 1011 1022
core.conformation.Conformation: Found disulfide between residues 1035 1051
core.conformation.Conformation: Found disulfide between residues 1050 1061
core.conformation.Conformation: Found disulfide between residues 1088 1133
core.conformation.Conformation: Found disulfide between residues 1132 1141
protocols.docking.DockingProtocol: ////////////////////////////////////////////////////////////////////////////////
protocols.docking.DockingProtocol: ///                     Rosetta 3 Docking Protocol                           ///
protocols.docking.DockingProtocol: ///                                                                          ///
protocols.docking.DockingProtocol: /// Dockable Jumps: 1                                                        ///
protocols.docking.DockingProtocol: /// Low Resolution Docking Protocol:  off                                    ///
protocols.docking.DockingProtocol: /// High Resolution Docking Protocol:  on                                    ///
protocols.docking.DockingProtocol: /// Low Resolution Filter:  off                                              ///
protocols.docking.DockingProtocol: /// High Resolution Filter:  on                                              ///
protocols.docking.DockingProtocol: ////////////////////////////////////////////////////////////////////////////////
protocols.docking.DockMCMProtocol: in DockMCMProtocol.apply
protocols.docking.DockMCMProtocol: Using the DockingTaskFactory.
protocols.docking.DockMCMCycle: Setting up defaults for DockMCMCycle: 
protocols.docking.DockMCMCycle: ////////////////////////////////////////////////////////////////////////////////
protocols.docking.DockMCMCycle: /// Dockable Jumps: 1                                                        ///
protocols.docking.DockMCMCycle: /// Translation: 0.1                                                         ///
protocols.docking.DockMCMCycle: /// Rotation: 5                                                              ///
protocols.docking.DockMCMCycle: /// Scorefunction:                                                           ///
protocols.docking.DockMCMCycle: ScoreFunction::show():
weights: (fa_atr 1) (fa_rep 0.55) (fa_sol 1) (fa_intra_rep 0.005) (fa_intra_sol_xover4 1) (lk_ball_wtd 1) (fa_elec 1) (ch_bond_bb_bb 0.5) (pro_close 1.25) (fa_cust_pair_dist 1) (hbond_sr_bb 0.5) (hbond_lr_bb 1) (hbond_bb_sc 1) (hbond_sc 1) (dslf_fa13 1.25) (rama 0.2) (omega 0.5) (fa_dun 0.7) (p_aa_pp 0.3) (yhh_planarity 0.625) (ref 1) (rama_prepro 0.45)
energy_method_options: EnergyMethodOptions::show: aa_composition_setup_files: 
protocols.docking.DockMCMCycle: EnergyMethodOptions::show: mhc_epitope_setup_files: 
protocols.docking.DockMCMCycle: EnergyMethodOptions::show: netcharge_setup_files: 
protocols.docking.DockMCMCycle: EnergyMethodOptions::show: aspartimide_penalty_value: 25
protocols.docking.DockMCMCycle: EnergyMethodOptions::show: etable_type: FA_STANDARD_DEFAULT
analytic_etable_evaluation: 1
EnergyMethodOptions::show: method_weights: ref 1.32468 3.25479 -2.14574 -2.72453 1.21829 0.79816 -0.30065 2.30374 -0.71458 1.66147 1.65735 -1.34026 -1.64321 -1.45095 -0.09474 -0.28969 1.15175 2.64269 2.26099 0.58223
EnergyMethodOptions::show: method_weights: free_res
EnergyMethodOptions::show: unfolded_energies_type: UNFOLDED_SCORE12
protocols.docking.DockMCMCycle: EnergyMethodOptions::show: split_unfolded_label_type: SPLIT_UNFOLDED_MM
protocols.docking.DockMCMCycle: EnergyMethodOptions::show: split_unfolded_value_type: SPLIT_UNFOLDED_BOLTZ
protocols.docking.DockMCMCycle: EnergyMethodOptions::show: atom_vdw_atom_type_set_name: centroid
protocols.docking.DockMCMCycle: EnergyMethodOptions::show: covalent_labeling_input: 
protocols.docking.DockMCMCycle: EnergyMethodOptions::show: covalent_labeling_fa_input: 
protocols.docking.DockMCMCycle: EnergyMethodOptions::show: hrf_dynamics_input: 
protocols.docking.DockMCMCycle: EnergyMethodOptions::show: depc_ms_input: 
protocols.docking.DockMCMCycle: EnergyMethodOptions::show: exclude_protein_protein_fa_elec: false
protocols.docking.DockMCMCycle: EnergyMethodOptions::show: exclude_RNA_RNA_fa_elec: false
protocols.docking.DockMCMCycle: EnergyMethodOptions::show: exclude_RNA_protein_fa_elec: false
protocols.docking.DockMCMCycle: EnergyMethodOptions::show: exclude_monomer_fa_elec: false
protocols.docking.DockMCMCycle: EnergyMethodOptions::show: elec_max_dis: 5.5
protocols.docking.DockMCMCycle: EnergyMethodOptions::show: elec_min_dis: 1.6
protocols.docking.DockMCMCycle: EnergyMethodOptions::show: elec_die: 10
protocols.docking.DockMCMCycle: EnergyMethodOptions::show: elec_no_dis_dep_die: false
protocols.docking.DockMCMCycle: EnergyMethodOptions::show: elec_sigmoidal_die: true
protocols.docking.DockMCMCycle: EnergyMethodOptions::show: elec_sigmoidal_D: 80
protocols.docking.DockMCMCycle: EnergyMethodOptions::show: elec_sigmoidal_D0: 6
protocols.docking.DockMCMCycle: EnergyMethodOptions::show: elec_sigmoidal_S: 0.4
protocols.docking.DockMCMCycle: EnergyMethodOptions::show: smooth_fa_elec: true
protocols.docking.DockMCMCycle: EnergyMethodOptions::show: grpelec_fade_type: false
protocols.docking.DockMCMCycle: EnergyMethodOptions::show: grpelec_fade_param1: 1
protocols.docking.DockMCMCycle: EnergyMethodOptions::show: grpelec_fade_param2: 1
protocols.docking.DockMCMCycle: EnergyMethodOptions::show: grpelec_fade_hbond: 0
protocols.docking.DockMCMCycle: EnergyMethodOptions::show: grp_cpfxn: 1
protocols.docking.DockMCMCycle: EnergyMethodOptions::show: elec_group_file: /scoring/score_functions/elec_group_def.dat
protocols.docking.DockMCMCycle: EnergyMethodOptions::show: grpelec_context_dependent: 0
protocols.docking.DockMCMCycle: EnergyMethodOptions::show: use_polarization: true
protocols.docking.DockMCMCycle: EnergyMethodOptions::show: use_gen_kirkwood: true
protocols.docking.DockMCMCycle: EnergyMethodOptions::show: protein_dielectric: 1
protocols.docking.DockMCMCycle: EnergyMethodOptions::show: water_dielectric: 78.3
protocols.docking.DockMCMCycle: EnergyMethodOptions::show: exclude_DNA_DNA: false
protocols.docking.DockMCMCycle: EnergyMethodOptions::show: exclude_intra_res_protein: false
protocols.docking.DockMCMCycle: EnergyMethodOptions::show: count_pair_hybrid: false
protocols.docking.DockMCMCycle: EnergyMethodOptions::show: count_pair_full: false
protocols.docking.DockMCMCycle: EnergyMethodOptions::show: put_intra_into_total: false
protocols.docking.DockMCMCycle: EnergyMethodOptions::show: geom_sol_interres_path_distance_cutoff: false
protocols.docking.DockMCMCycle: EnergyMethodOptions::show: geom_sol_intrares_path_distance_cutoff: true
protocols.docking.DockMCMCycle: EnergyMethodOptions::show: eval_intrares_elec_ST_only: false
protocols.docking.DockMCMCycle: EnergyMethodOptions::show: envsmooth_zero_negatives: false
protocols.docking.DockMCMCycle: EnergyMethodOptions::show: cst_max_seq_sep: 18446744073709551615
protocols.docking.DockMCMCycle: EnergyMethodOptions::show: pb_bound_tag: bound
protocols.docking.DockMCMCycle: EnergyMethodOptions::show: pb_unbound_tag: unbound
protocols.docking.DockMCMCycle: EnergyMethodOptions::show: arg_cation_pi_his_can_be_pi: 1
protocols.docking.DockMCMCycle: EnergyMethodOptions::show: ordered_wat_penalty: 1.221
protocols.docking.DockMCMCycle: EnergyMethodOptions::show: ordered_pt_wat_penalty: 2.709
protocols.docking.DockMCMCycle: EnergyMethodOptions::show: nmer_ref_seq_length_: 9
protocols.docking.DockMCMCycle: EnergyMethodOptions::show: nmer_svm_term_length_: 3
protocols.docking.DockMCMCycle: EnergyMethodOptions::show: nmer_svm_pssm_feat_: 1
protocols.docking.DockMCMCycle: EnergyMethodOptions::show: nmer_svm_scorecut_defined_: 0
protocols.docking.DockMCMCycle: EnergyMethodOptions::show: nmer_svm_scorecut_: 0
protocols.docking.DockMCMCycle: EnergyMethodOptions::show: nmer_svm_avg_rank_as_energy_: 0
protocols.docking.DockMCMCycle: EnergyMethodOptions::show: nmer_svm_aa_matrix_defined_: 0
protocols.docking.DockMCMCycle: EnergyMethodOptions::show: nmer_svm_aa_matrix_: 
protocols.docking.DockMCMCycle: EnergyMethodOptions::show: nmer_svm_list_defined_: 0
protocols.docking.DockMCMCycle: EnergyMethodOptions::show: nmer_svm_list_: 
protocols.docking.DockMCMCycle: EnergyMethodOptions::show: nmer_svm_defined_: 0
protocols.docking.DockMCMCycle: EnergyMethodOptions::show: nmer_svm_: 
protocols.docking.DockMCMCycle: EnergyMethodOptions::show: nmer_svm_rank_list_defined_: 0
protocols.docking.DockMCMCycle: EnergyMethodOptions::show: nmer_svm_rank_list_: 
protocols.docking.DockMCMCycle: EnergyMethodOptions::show: nmer_svm_rank_defined_: 0
protocols.docking.DockMCMCycle: EnergyMethodOptions::show: nmer_svm_rank_: 
protocols.docking.DockMCMCycle: EnergyMethodOptions::show: voids_penalty_energy_containing_cones_cutoff_:6
protocols.docking.DockMCMCycle: EnergyMethodOptions::show: voids_penalty_energy_cone_distance_cutoff_: 8
protocols.docking.DockMCMCycle: EnergyMethodOptions::show: voids_penalty_energy_cone_dotproduct_cutoff_: 0.1
protocols.docking.DockMCMCycle: EnergyMethodOptions::show: voids_penalty_energy_voxel_grid_padding_: 1
protocols.docking.DockMCMCycle: EnergyMethodOptions::show: voids_penalty_energy_voxel_size_: 0.5
protocols.docking.DockMCMCycle: EnergyMethodOptions::show: voids_penalty_energy_disabled_except_during_packing_: TRUE
protocols.docking.DockMCMCycle: EnergyMethodOptions::show: hbnet_bonus_ramping_function_: "quadratic"
protocols.docking.DockMCMCycle: EnergyMethodOptions::show: hbnet_max_network_size_: 0
protocols.docking.DockMCMCycle: EnergyMethodOptions::show: approximate_buried_unsat_penalty_hbond_energy_threshold_: -0.25
protocols.docking.DockMCMCycle: EnergyMethodOptions::show: approximate_buried_unsat_penalty_burial_atomic_depth_: 4.5
protocols.docking.DockMCMCycle: EnergyMethodOptions::show: approximate_buried_unsat_penalty_burial_probe_radius_: 2.3
protocols.docking.DockMCMCycle: EnergyMethodOptions::show: approximate_buried_unsat_penalty_burial_resolution_: 0.5
protocols.docking.DockMCMCycle: EnergyMethodOptions::show: approximate_buried_unsat_penalty_oversat_penalty_: 1
protocols.docking.DockMCMCycle: EnergyMethodOptions::show: approximate_buried_unsat_penalty_assume_const_backbone_:1
protocols.docking.DockMCMCycle: EnergyMethodOptions::show: approximate_buried_unsat_penalty_natural_corrections1_:0
protocols.docking.DockMCMCycle: EnergyMethodOptions::show: approximate_buried_unsat_penalty_hbond_bonus_cross_chain_:0
protocols.docking.DockMCMCycle: EnergyMethodOptions::show: approximate_buried_unsat_penalty_hbond_bonus_ser_to_helix_bb_:0
protocols.docking.DockMCMCycle: EnergyMethodOptions::show: approximate_buried_unsat_penalty_lys_ok_with_1_:0
protocols.docking.DockMCMCycle: EnergyMethodOptions::show: target_clash_pdb_:
protocols.docking.DockMCMCycle: EnergyMethodOptions::show: dump_trajectory_prefix_: traj
protocols.docking.DockMCMCycle: EnergyMethodOptions::show: dump_trajectory_gz_: FALSE
protocols.docking.DockMCMCycle: EnergyMethodOptions::show: dump_trajectory_stride_: 1
protocols.docking.DockMCMCycle: EnergyMethodOptions::show: bond_angle_central_atoms_to_score:
protocols.docking.DockMCMCycle: EnergyMethodOptions::show: bond_angle_residue_type_param_set: none
protocols.docking.DockMCMCycle: HBondOptions::show: hb_max_energy: 0
protocols.docking.DockMCMCycle: HBondOptions::show: exclude_DNA_DNA: false
protocols.docking.DockMCMCycle: HBondOptions::show: exclude_intra_res_protein_: false
protocols.docking.DockMCMCycle: HBondOptions::show: exclude_intra_res_RNA_: false
protocols.docking.DockMCMCycle: HBondOptions::show: put_intra_into_total_: false
protocols.docking.DockMCMCycle: HBondOptions::show: exclude_self_hbonds: true
protocols.docking.DockMCMCycle: HBondOptions::show: use_hb_env_dep: false
protocols.docking.DockMCMCycle: HBondOptions::show: use_hb_env_dep_DNA: true
protocols.docking.DockMCMCycle: HBondOptions::show: smooth_hb_env_dep: true
protocols.docking.DockMCMCycle: HBondOptions::show: bb_donor_acceptor_check: true
protocols.docking.DockMCMCycle: HBondOptions::show: decompose_bb_hb_into_pair_energies: false
protocols.docking.DockMCMCycle: HBondOptions::show: params_database_tag_: ref2015_params
protocols.docking.DockMCMCycle: HBondOptions::show: use_sp2_chi_penalty_: true
protocols.docking.DockMCMCycle: HBondOptions::show: sp2_BAH180_rise_: 0.75
protocols.docking.DockMCMCycle: HBondOptions::show: sp2_outer_width_: 0.357
protocols.docking.DockMCMCycle: HBondOptions::show: measure_sp3acc_BAH_from_hvy_: true
protocols.docking.DockMCMCycle: HBondOptions::show: fade_energy_: 1
protocols.docking.DockMCMCycle: HBondOptions::show: exclude_ether_oxygens_: 0
protocols.docking.DockMCMCycle: HBondOptions::show: Mbhbond: false 
protocols.docking.DockMCMCycle: HbondOptions::show: mphbond: false
protocols.docking.DockMCMCycle: HBondOptions::show: hbond_energy_shift: 0
protocols.docking.DockMCMCycle: HBondOptions::show: water_hybrid_sf: false
protocols.docking.DockMCMCycle: RNA_EnergyMethodOptions::show: syn_G_potential_bonus: 0
protocols.docking.DockMCMCycle: RNA_EnergyMethodOptions::show: torsion_potential: ps_04282011
protocols.docking.DockMCMCycle: RNA_EnergyMethodOptions::show: suiteness_bonus: Richardson
protocols.docking.DockMCMCycle: RNA_EnergyMethodOptions::show: rna_base_pair_xy_filename: scoring/rna/rna_base_pair_xy.dat
protocols.docking.DockMCMCycle: FreeDOF_Options::show: free_suite_bonus: -1
protocols.docking.DockMCMCycle: FreeDOF_Options::show: free_2HOprime_bonus: -0.5
protocols.docking.DockMCMCycle: FreeDOF_Options::show: free_sugar_bonus: -1
protocols.docking.DockMCMCycle: FreeDOF_Options::show: pack_phosphate_penalty: 0.25
protocols.docking.DockMCMCycle: FreeDOF_Options::show: free_side_chain_bonus: -0.5
protocols.docking.DockMCMCycle: 
protocols.docking.DockMCMCycle: 
protocols.docking.DockMCMCycle: /// Packing scorefunction:                                                   ///
protocols.docking.DockMCMCycle: ScoreFunction::show():
weights: (fa_atr 1) (fa_rep 0.55) (fa_sol 1) (fa_intra_rep 0.005) (fa_intra_sol_xover4 1) (lk_ball_wtd 1) (fa_elec 1) (ch_bond_bb_bb 0.5) (pro_close 1.25) (fa_cust_pair_dist 1) (hbond_sr_bb 0.5) (hbond_lr_bb 1) (hbond_bb_sc 1) (hbond_sc 1) (dslf_fa13 1.25) (rama 0.2) (omega 0.5) (fa_dun 0.7) (p_aa_pp 0.3) (yhh_planarity 0.625) (ref 1) (rama_prepro 0.45)
energy_method_options: EnergyMethodOptions::show: aa_composition_setup_files: 
protocols.docking.DockMCMCycle: EnergyMethodOptions::show: mhc_epitope_setup_files: 
protocols.docking.DockMCMCycle: EnergyMethodOptions::show: netcharge_setup_files: 
protocols.docking.DockMCMCycle: EnergyMethodOptions::show: aspartimide_penalty_value: 25
protocols.docking.DockMCMCycle: EnergyMethodOptions::show: etable_type: FA_STANDARD_DEFAULT
analytic_etable_evaluation: 1
EnergyMethodOptions::show: method_weights: ref 1.32468 3.25479 -2.14574 -2.72453 1.21829 0.79816 -0.30065 2.30374 -0.71458 1.66147 1.65735 -1.34026 -1.64321 -1.45095 -0.09474 -0.28969 1.15175 2.64269 2.26099 0.58223
EnergyMethodOptions::show: method_weights: free_res
EnergyMethodOptions::show: unfolded_energies_type: UNFOLDED_SCORE12
protocols.docking.DockMCMCycle: EnergyMethodOptions::show: split_unfolded_label_type: SPLIT_UNFOLDED_MM
protocols.docking.DockMCMCycle: EnergyMethodOptions::show: split_unfolded_value_type: SPLIT_UNFOLDED_BOLTZ
protocols.docking.DockMCMCycle: EnergyMethodOptions::show: atom_vdw_atom_type_set_name: centroid
protocols.docking.DockMCMCycle: EnergyMethodOptions::show: covalent_labeling_input: 
protocols.docking.DockMCMCycle: EnergyMethodOptions::show: covalent_labeling_fa_input: 
protocols.docking.DockMCMCycle: EnergyMethodOptions::show: hrf_dynamics_input: 
protocols.docking.DockMCMCycle: EnergyMethodOptions::show: depc_ms_input: 
protocols.docking.DockMCMCycle: EnergyMethodOptions::show: exclude_protein_protein_fa_elec: false
protocols.docking.DockMCMCycle: EnergyMethodOptions::show: exclude_RNA_RNA_fa_elec: false
protocols.docking.DockMCMCycle: EnergyMethodOptions::show: exclude_RNA_protein_fa_elec: false
protocols.docking.DockMCMCycle: EnergyMethodOptions::show: exclude_monomer_fa_elec: false
protocols.docking.DockMCMCycle: EnergyMethodOptions::show: elec_max_dis: 5.5
protocols.docking.DockMCMCycle: EnergyMethodOptions::show: elec_min_dis: 1.6
protocols.docking.DockMCMCycle: EnergyMethodOptions::show: elec_die: 10
protocols.docking.DockMCMCycle: EnergyMethodOptions::show: elec_no_dis_dep_die: false
protocols.docking.DockMCMCycle: EnergyMethodOptions::show: elec_sigmoidal_die: true
protocols.docking.DockMCMCycle: EnergyMethodOptions::show: elec_sigmoidal_D: 80
protocols.docking.DockMCMCycle: EnergyMethodOptions::show: elec_sigmoidal_D0: 6
protocols.docking.DockMCMCycle: EnergyMethodOptions::show: elec_sigmoidal_S: 0.4
protocols.docking.DockMCMCycle: EnergyMethodOptions::show: smooth_fa_elec: true
protocols.docking.DockMCMCycle: EnergyMethodOptions::show: grpelec_fade_type: false
protocols.docking.DockMCMCycle: EnergyMethodOptions::show: grpelec_fade_param1: 1
protocols.docking.DockMCMCycle: EnergyMethodOptions::show: grpelec_fade_param2: 1
protocols.docking.DockMCMCycle: EnergyMethodOptions::show: grpelec_fade_hbond: 0
protocols.docking.DockMCMCycle: EnergyMethodOptions::show: grp_cpfxn: 1
protocols.docking.DockMCMCycle: EnergyMethodOptions::show: elec_group_file: /scoring/score_functions/elec_group_def.dat
protocols.docking.DockMCMCycle: EnergyMethodOptions::show: grpelec_context_dependent: 0
protocols.docking.DockMCMCycle: EnergyMethodOptions::show: use_polarization: true
protocols.docking.DockMCMCycle: EnergyMethodOptions::show: use_gen_kirkwood: true
protocols.docking.DockMCMCycle: EnergyMethodOptions::show: protein_dielectric: 1
protocols.docking.DockMCMCycle: EnergyMethodOptions::show: water_dielectric: 78.3
protocols.docking.DockMCMCycle: EnergyMethodOptions::show: exclude_DNA_DNA: false
protocols.docking.DockMCMCycle: EnergyMethodOptions::show: exclude_intra_res_protein: false
protocols.docking.DockMCMCycle: EnergyMethodOptions::show: count_pair_hybrid: false
protocols.docking.DockMCMCycle: EnergyMethodOptions::show: count_pair_full: false
protocols.docking.DockMCMCycle: EnergyMethodOptions::show: put_intra_into_total: false
protocols.docking.DockMCMCycle: EnergyMethodOptions::show: geom_sol_interres_path_distance_cutoff: false
protocols.docking.DockMCMCycle: EnergyMethodOptions::show: geom_sol_intrares_path_distance_cutoff: true
protocols.docking.DockMCMCycle: EnergyMethodOptions::show: eval_intrares_elec_ST_only: false
protocols.docking.DockMCMCycle: EnergyMethodOptions::show: envsmooth_zero_negatives: false
protocols.docking.DockMCMCycle: EnergyMethodOptions::show: cst_max_seq_sep: 18446744073709551615
protocols.docking.DockMCMCycle: EnergyMethodOptions::show: pb_bound_tag: bound
protocols.docking.DockMCMCycle: EnergyMethodOptions::show: pb_unbound_tag: unbound
protocols.docking.DockMCMCycle: EnergyMethodOptions::show: arg_cation_pi_his_can_be_pi: 1
protocols.docking.DockMCMCycle: EnergyMethodOptions::show: ordered_wat_penalty: 1.221
protocols.docking.DockMCMCycle: EnergyMethodOptions::show: ordered_pt_wat_penalty: 2.709
protocols.docking.DockMCMCycle: EnergyMethodOptions::show: nmer_ref_seq_length_: 9
protocols.docking.DockMCMCycle: EnergyMethodOptions::show: nmer_svm_term_length_: 3
protocols.docking.DockMCMCycle: EnergyMethodOptions::show: nmer_svm_pssm_feat_: 1
protocols.docking.DockMCMCycle: EnergyMethodOptions::show: nmer_svm_scorecut_defined_: 0
protocols.docking.DockMCMCycle: EnergyMethodOptions::show: nmer_svm_scorecut_: 0
protocols.docking.DockMCMCycle: EnergyMethodOptions::show: nmer_svm_avg_rank_as_energy_: 0
protocols.docking.DockMCMCycle: EnergyMethodOptions::show: nmer_svm_aa_matrix_defined_: 0
protocols.docking.DockMCMCycle: EnergyMethodOptions::show: nmer_svm_aa_matrix_: 
protocols.docking.DockMCMCycle: EnergyMethodOptions::show: nmer_svm_list_defined_: 0
protocols.docking.DockMCMCycle: EnergyMethodOptions::show: nmer_svm_list_: 
protocols.docking.DockMCMCycle: EnergyMethodOptions::show: nmer_svm_defined_: 0
protocols.docking.DockMCMCycle: EnergyMethodOptions::show: nmer_svm_: 
protocols.docking.DockMCMCycle: EnergyMethodOptions::show: nmer_svm_rank_list_defined_: 0
protocols.docking.DockMCMCycle: EnergyMethodOptions::show: nmer_svm_rank_list_: 
protocols.docking.DockMCMCycle: EnergyMethodOptions::show: nmer_svm_rank_defined_: 0
protocols.docking.DockMCMCycle: EnergyMethodOptions::show: nmer_svm_rank_: 
protocols.docking.DockMCMCycle: EnergyMethodOptions::show: voids_penalty_energy_containing_cones_cutoff_:6
protocols.docking.DockMCMCycle: EnergyMethodOptions::show: voids_penalty_energy_cone_distance_cutoff_: 8
protocols.docking.DockMCMCycle: EnergyMethodOptions::show: voids_penalty_energy_cone_dotproduct_cutoff_: 0.1
protocols.docking.DockMCMCycle: EnergyMethodOptions::show: voids_penalty_energy_voxel_grid_padding_: 1
protocols.docking.DockMCMCycle: EnergyMethodOptions::show: voids_penalty_energy_voxel_size_: 0.5
protocols.docking.DockMCMCycle: EnergyMethodOptions::show: voids_penalty_energy_disabled_except_during_packing_: TRUE
protocols.docking.DockMCMCycle: EnergyMethodOptions::show: hbnet_bonus_ramping_function_: "quadratic"
protocols.docking.DockMCMCycle: EnergyMethodOptions::show: hbnet_max_network_size_: 0
protocols.docking.DockMCMCycle: EnergyMethodOptions::show: approximate_buried_unsat_penalty_hbond_energy_threshold_: -0.25
protocols.docking.DockMCMCycle: EnergyMethodOptions::show: approximate_buried_unsat_penalty_burial_atomic_depth_: 4.5
protocols.docking.DockMCMCycle: EnergyMethodOptions::show: approximate_buried_unsat_penalty_burial_probe_radius_: 2.3
protocols.docking.DockMCMCycle: EnergyMethodOptions::show: approximate_buried_unsat_penalty_burial_resolution_: 0.5
protocols.docking.DockMCMCycle: EnergyMethodOptions::show: approximate_buried_unsat_penalty_oversat_penalty_: 1
protocols.docking.DockMCMCycle: EnergyMethodOptions::show: approximate_buried_unsat_penalty_assume_const_backbone_:1
protocols.docking.DockMCMCycle: EnergyMethodOptions::show: approximate_buried_unsat_penalty_natural_corrections1_:0
protocols.docking.DockMCMCycle: EnergyMethodOptions::show: approximate_buried_unsat_penalty_hbond_bonus_cross_chain_:0
protocols.docking.DockMCMCycle: EnergyMethodOptions::show: approximate_buried_unsat_penalty_hbond_bonus_ser_to_helix_bb_:0
protocols.docking.DockMCMCycle: EnergyMethodOptions::show: approximate_buried_unsat_penalty_lys_ok_with_1_:0
protocols.docking.DockMCMCycle: EnergyMethodOptions::show: target_clash_pdb_:
protocols.docking.DockMCMCycle: EnergyMethodOptions::show: dump_trajectory_prefix_: traj
protocols.docking.DockMCMCycle: EnergyMethodOptions::show: dump_trajectory_gz_: FALSE
protocols.docking.DockMCMCycle: EnergyMethodOptions::show: dump_trajectory_stride_: 1
protocols.docking.DockMCMCycle: EnergyMethodOptions::show: bond_angle_central_atoms_to_score:
protocols.docking.DockMCMCycle: EnergyMethodOptions::show: bond_angle_residue_type_param_set: none
protocols.docking.DockMCMCycle: HBondOptions::show: hb_max_energy: 0
protocols.docking.DockMCMCycle: HBondOptions::show: exclude_DNA_DNA: false
protocols.docking.DockMCMCycle: HBondOptions::show: exclude_intra_res_protein_: false
protocols.docking.DockMCMCycle: HBondOptions::show: exclude_intra_res_RNA_: false
protocols.docking.DockMCMCycle: HBondOptions::show: put_intra_into_total_: false
protocols.docking.DockMCMCycle: HBondOptions::show: exclude_self_hbonds: true
protocols.docking.DockMCMCycle: HBondOptions::show: use_hb_env_dep: false
protocols.docking.DockMCMCycle: HBondOptions::show: use_hb_env_dep_DNA: true
protocols.docking.DockMCMCycle: HBondOptions::show: smooth_hb_env_dep: true
protocols.docking.DockMCMCycle: HBondOptions::show: bb_donor_acceptor_check: true
protocols.docking.DockMCMCycle: HBondOptions::show: decompose_bb_hb_into_pair_energies: false
protocols.docking.DockMCMCycle: HBondOptions::show: params_database_tag_: ref2015_params
protocols.docking.DockMCMCycle: HBondOptions::show: use_sp2_chi_penalty_: true
protocols.docking.DockMCMCycle: HBondOptions::show: sp2_BAH180_rise_: 0.75
protocols.docking.DockMCMCycle: HBondOptions::show: sp2_outer_width_: 0.357
protocols.docking.DockMCMCycle: HBondOptions::show: measure_sp3acc_BAH_from_hvy_: true
protocols.docking.DockMCMCycle: HBondOptions::show: fade_energy_: 1
protocols.docking.DockMCMCycle: HBondOptions::show: exclude_ether_oxygens_: 0
protocols.docking.DockMCMCycle: HBondOptions::show: Mbhbond: false 
protocols.docking.DockMCMCycle: HbondOptions::show: mphbond: false
protocols.docking.DockMCMCycle: HBondOptions::show: hbond_energy_shift: 0
protocols.docking.DockMCMCycle: HBondOptions::show: water_hybrid_sf: false
protocols.docking.DockMCMCycle: RNA_EnergyMethodOptions::show: syn_G_potential_bonus: 0
protocols.docking.DockMCMCycle: RNA_EnergyMethodOptions::show: torsion_potential: ps_04282011
protocols.docking.DockMCMCycle: RNA_EnergyMethodOptions::show: suiteness_bonus: Richardson
protocols.docking.DockMCMCycle: RNA_EnergyMethodOptions::show: rna_base_pair_xy_filename: scoring/rna/rna_base_pair_xy.dat
protocols.docking.DockMCMCycle: FreeDOF_Options::show: free_suite_bonus: -1
protocols.docking.DockMCMCycle: FreeDOF_Options::show: free_2HOprime_bonus: -0.5
protocols.docking.DockMCMCycle: FreeDOF_Options::show: free_sugar_bonus: -1
protocols.docking.DockMCMCycle: FreeDOF_Options::show: pack_phosphate_penalty: 0.25
protocols.docking.DockMCMCycle: FreeDOF_Options::show: free_side_chain_bonus: -0.5
protocols.docking.DockMCMCycle: 
protocols.docking.DockMCMCycle: 
protocols.docking.DockMCMCycle: ////////////////////////////////////////////////////////////////////////////////
core.pack.task: Packer task: initialize from command line() 
core.pack.pack_rotamers: built 0 rotamers at 0 positions.
core.pack.interaction_graph.interaction_graph_factory: Instantiating DensePDInteractionGraph
basic.thread_manager.RosettaThreadManager: [ WARNING ] A work vector of size zero was passed to the RosettaThreadManager!  Duly returning without doing anything.
protocols.geometry.RB_geometry: [ WARNING ] centroids_by_jump_int called but no interface detected!!
protocols.geometry.RB_geometry: [ WARNING ] calling centroids_by_jump...
core.pack.task: Packer task: initialize from command line() 
protocols.geometry.RB_geometry: [ WARNING ] centroids_by_jump_int called but no interface detected!!
protocols.geometry.RB_geometry: [ WARNING ] calling centroids_by_jump...
core.pack.task: Packer task: initialize from command line() 
protocols.geometry.RB_geometry: [ WARNING ] centroids_by_jump_int called but no interface detected!!
protocols.geometry.RB_geometry: [ WARNING ] calling centroids_by_jump...
core.pack.task: Packer task: initialize from command line() 
protocols.geometry.RB_geometry: [ WARNING ] centroids_by_jump_int called but no interface detected!!
protocols.geometry.RB_geometry: [ WARNING ] calling centroids_by_jump...
core.pack.task: Packer task: initialize from command line() 
protocols.geometry.RB_geometry: [ WARNING ] centroids_by_jump_int called but no interface detected!!
protocols.geometry.RB_geometry: [ WARNING ] calling centroids_by_jump...
core.pack.task: Packer task: initialize from command line() 
protocols.geometry.RB_geometry: [ WARNING ] centroids_by_jump_int called but no interface detected!!
protocols.geometry.RB_geometry: [ WARNING ] calling centroids_by_jump...
core.pack.task: Packer task: initialize from command line() 
protocols.geometry.RB_geometry: [ WARNING ] centroids_by_jump_int called but no interface detected!!
protocols.geometry.RB_geometry: [ WARNING ] calling centroids_by_jump...
core.pack.task: Packer task: initialize from command line() 
protocols.geometry.RB_geometry: [ WARNING ] centroids_by_jump_int called but no interface detected!!
protocols.geometry.RB_geometry: [ WARNING ] calling centroids_by_jump...
core.pack.task: Packer task: initialize from command line() 
protocols.geometry.RB_geometry: [ WARNING ] centroids_by_jump_int called but no interface detected!!
protocols.geometry.RB_geometry: [ WARNING ] calling centroids_by_jump...
core.pack.task: Packer task: initialize from command line() 
protocols.geometry.RB_geometry: [ WARNING ] centroids_by_jump_int called but no interface detected!!
protocols.geometry.RB_geometry: [ WARNING ] calling centroids_by_jump...
core.pack.task: Packer task: initialize from command line() 
protocols.geometry.RB_geometry: [ WARNING ] centroids_by_jump_int called but no interface detected!!
protocols.geometry.RB_geometry: [ WARNING ] calling centroids_by_jump...
core.pack.task: Packer task: initialize from command line() 
protocols.geometry.RB_geometry: [ WARNING ] centroids_by_jump_int called but no interface detected!!
protocols.geometry.RB_geometry: [ WARNING ] calling centroids_by_jump...
core.pack.task: Packer task: initialize from command line() 
core.pack.task: Packer task: initialize from command line() 
core.pack.pack_rotamers: built 0 rotamers at 0 positions.
core.pack.interaction_graph.interaction_graph_factory: Instantiating DensePDInteractionGraph
basic.thread_manager.RosettaThreadManager: [ WARNING ] A work vector of size zero was passed to the RosettaThreadManager!  Duly returning without doing anything.
protocols.geometry.RB_geometry: [ WARNING ] centroids_by_jump_int called but no interface detected!!
protocols.geometry.RB_geometry: [ WARNING ] calling centroids_by_jump...
core.pack.task: Packer task: initialize from command line() 
protocols.geometry.RB_geometry: [ WARNING ] centroids_by_jump_int called but no interface detected!!
protocols.geometry.RB_geometry: [ WARNING ] calling centroids_by_jump...
core.pack.task: Packer task: initialize from command line() 
protocols.geometry.RB_geometry: [ WARNING ] centroids_by_jump_int called but no interface detected!!
protocols.geometry.RB_geometry: [ WARNING ] calling centroids_by_jump...
core.pack.task: Packer task: initialize from command line() 
protocols.geometry.RB_geometry: [ WARNING ] centroids_by_jump_int called but no interface detected!!
protocols.geometry.RB_geometry: [ WARNING ] calling centroids_by_jump...
core.pack.task: Packer task: initialize from command line() 
protocols.geometry.RB_geometry: [ WARNING ] centroids_by_jump_int called but no interface detected!!
protocols.geometry.RB_geometry: [ WARNING ] calling centroids_by_jump...
core.pack.task: Packer task: initialize from command line() 
protocols.geometry.RB_geometry: [ WARNING ] centroids_by_jump_int called but no interface detected!!
protocols.geometry.RB_geometry: [ WARNING ] calling centroids_by_jump...
core.pack.task: Packer task: initialize from command line() 
protocols.geometry.RB_geometry: [ WARNING ] centroids_by_jump_int called but no interface detected!!
protocols.geometry.RB_geometry: [ WARNING ] calling centroids_by_jump...
core.pack.task: Packer task: initialize from command line() 
protocols.geometry.RB_geometry: [ WARNING ] centroids_by_jump_int called but no interface detected!!
protocols.geometry.RB_geometry: [ WARNING ] calling centroids_by_jump...
core.pack.task: Packer task: initialize from command line() 
core.pack.task: Packer task: initialize from command line() 
core.pack.pack_rotamers: built 0 rotamers at 0 positions.
core.pack.interaction_graph.interaction_graph_factory: Instantiating DensePDInteractionGraph
basic.thread_manager.RosettaThreadManager: [ WARNING ] A work vector of size zero was passed to the RosettaThreadManager!  Duly returning without doing anything.
protocols.geometry.RB_geometry: [ WARNING ] centroids_by_jump_int called but no interface detected!!
protocols.geometry.RB_geometry: [ WARNING ] calling centroids_by_jump...
core.pack.task: Packer task: initialize from command line() 
protocols.geometry.RB_geometry: [ WARNING ] centroids_by_jump_int called but no interface detected!!
protocols.geometry.RB_geometry: [ WARNING ] calling centroids_by_jump...
core.pack.task: Packer task: initialize from command line() 
protocols.geometry.RB_geometry: [ WARNING ] centroids_by_jump_int called but no interface detected!!
protocols.geometry.RB_geometry: [ WARNING ] calling centroids_by_jump...
core.pack.task: Packer task: initialize from command line() 
protocols.geometry.RB_geometry: [ WARNING ] centroids_by_jump_int called but no interface detected!!
protocols.geometry.RB_geometry: [ WARNING ] calling centroids_by_jump...
core.pack.task: Packer task: initialize from command line() 
protocols.geometry.RB_geometry: [ WARNING ] centroids_by_jump_int called but no interface detected!!
protocols.geometry.RB_geometry: [ WARNING ] calling centroids_by_jump...
core.pack.task: Packer task: initialize from command line() 
protocols.geometry.RB_geometry: [ WARNING ] centroids_by_jump_int called but no interface detected!!
protocols.geometry.RB_geometry: [ WARNING ] calling centroids_by_jump...
core.pack.task: Packer task: initialize from command line() 
protocols.geometry.RB_geometry: [ WARNING ] centroids_by_jump_int called but no interface detected!!
protocols.geometry.RB_geometry: [ WARNING ] calling centroids_by_jump...
core.pack.task: Packer task: initialize from command line() 
protocols.geometry.RB_geometry: [ WARNING ] centroids_by_jump_int called but no interface detected!!
protocols.geometry.RB_geometry: [ WARNING ] calling centroids_by_jump...
core.pack.task: Packer task: initialize from command line() 
core.pack.task: Packer task: initialize from command line() 
core.pack.pack_rotamers: built 0 rotamers at 0 positions.
core.pack.interaction_graph.interaction_graph_factory: Instantiating DensePDInteractionGraph
basic.thread_manager.RosettaThreadManager: [ WARNING ] A work vector of size zero was passed to the RosettaThreadManager!  Duly returning without doing anything.
protocols.geometry.RB_geometry: [ WARNING ] centroids_by_jump_int called but no interface detected!!
protocols.geometry.RB_geometry: [ WARNING ] calling centroids_by_jump...
core.pack.task: Packer task: initialize from command line() 
protocols.geometry.RB_geometry: [ WARNING ] centroids_by_jump_int called but no interface detected!!
protocols.geometry.RB_geometry: [ WARNING ] calling centroids_by_jump...
core.pack.task: Packer task: initialize from command line() 
protocols.geometry.RB_geometry: [ WARNING ] centroids_by_jump_int called but no interface detected!!
protocols.geometry.RB_geometry: [ WARNING ] calling centroids_by_jump...
core.pack.task: Packer task: initialize from command line() 
protocols.geometry.RB_geometry: [ WARNING ] centroids_by_jump_int called but no interface detected!!
protocols.geometry.RB_geometry: [ WARNING ] calling centroids_by_jump...
core.pack.task: Packer task: initialize from command line() 
protocols.geometry.RB_geometry: [ WARNING ] centroids_by_jump_int called but no interface detected!!
protocols.geometry.RB_geometry: [ WARNING ] calling centroids_by_jump...
core.pack.task: Packer task: initialize from command line() 
protocols.geometry.RB_geometry: [ WARNING ] centroids_by_jump_int called but no interface detected!!
protocols.geometry.RB_geometry: [ WARNING ] calling centroids_by_jump...
core.pack.task: Packer task: initialize from command line() 
protocols.geometry.RB_geometry: [ WARNING ] centroids_by_jump_int called but no interface detected!!
protocols.geometry.RB_geometry: [ WARNING ] calling centroids_by_jump...
core.pack.task: Packer task: initialize from command line() 
protocols.geometry.RB_geometry: [ WARNING ] centroids_by_jump_int called but no interface detected!!
protocols.geometry.RB_geometry: [ WARNING ] calling centroids_by_jump...
core.pack.task: Packer task: initialize from command line() 
core.pack.task: Packer task: initialize from command line() 
core.pack.pack_rotamers: built 0 rotamers at 0 positions.
core.pack.interaction_graph.interaction_graph_factory: Instantiating DensePDInteractionGraph
basic.thread_manager.RosettaThreadManager: [ WARNING ] A work vector of size zero was passed to the RosettaThreadManager!  Duly returning without doing anything.
protocols.geometry.RB_geometry: [ WARNING ] centroids_by_jump_int called but no interface detected!!
protocols.geometry.RB_geometry: [ WARNING ] calling centroids_by_jump...
core.pack.task: Packer task: initialize from command line() 
protocols.geometry.RB_geometry: [ WARNING ] centroids_by_jump_int called but no interface detected!!
protocols.geometry.RB_geometry: [ WARNING ] calling centroids_by_jump...
core.pack.task: Packer task: initialize from command line() 
protocols.geometry.RB_geometry: [ WARNING ] centroids_by_jump_int called but no interface detected!!
protocols.geometry.RB_geometry: [ WARNING ] calling centroids_by_jump...
core.pack.task: Packer task: initialize from command line() 
protocols.geometry.RB_geometry: [ WARNING ] centroids_by_jump_int called but no interface detected!!
protocols.geometry.RB_geometry: [ WARNING ] calling centroids_by_jump...
core.pack.task: Packer task: initialize from command line() 
protocols.geometry.RB_geometry: [ WARNING ] centroids_by_jump_int called but no interface detected!!
protocols.geometry.RB_geometry: [ WARNING ] calling centroids_by_jump...
core.pack.task: Packer task: initialize from command line() 
protocols.geometry.RB_geometry: [ WARNING ] centroids_by_jump_int called but no interface detected!!
protocols.geometry.RB_geometry: [ WARNING ] calling centroids_by_jump...
core.pack.task: Packer task: initialize from command line() 
protocols.geometry.RB_geometry: [ WARNING ] centroids_by_jump_int called but no interface detected!!
protocols.geometry.RB_geometry: [ WARNING ] calling centroids_by_jump...
core.pack.task: Packer task: initialize from command line() 
protocols.geometry.RB_geometry: [ WARNING ] centroids_by_jump_int called but no interface detected!!
protocols.geometry.RB_geometry: [ WARNING ] calling centroids_by_jump...
core.pack.task: Packer task: initialize from command line() 
core.pack.task: Packer task: initialize from command line() 
core.pack.pack_rotamers: built 0 rotamers at 0 positions.
core.pack.interaction_graph.interaction_graph_factory: Instantiating DensePDInteractionGraph
basic.thread_manager.RosettaThreadManager: [ WARNING ] A work vector of size zero was passed to the RosettaThreadManager!  Duly returning without doing anything.
protocols.geometry.RB_geometry: [ WARNING ] centroids_by_jump_int called but no interface detected!!
protocols.geometry.RB_geometry: [ WARNING ] calling centroids_by_jump...
core.pack.task: Packer task: initialize from command line() 
protocols.geometry.RB_geometry: [ WARNING ] centroids_by_jump_int called but no interface detected!!
protocols.geometry.RB_geometry: [ WARNING ] calling centroids_by_jump...
core.pack.task: Packer task: initialize from command line() 
protocols.geometry.RB_geometry: [ WARNING ] centroids_by_jump_int called but no interface detected!!
protocols.geometry.RB_geometry: [ WARNING ] calling centroids_by_jump...
core.pack.task: Packer task: initialize from command line() 
protocols.geometry.RB_geometry: [ WARNING ] centroids_by_jump_int called but no interface detected!!
protocols.geometry.RB_geometry: [ WARNING ] calling centroids_by_jump...
core.pack.task: Packer task: initialize from command line() 
protocols.geometry.RB_geometry: [ WARNING ] centroids_by_jump_int called but no interface detected!!
protocols.geometry.RB_geometry: [ WARNING ] calling centroids_by_jump...
core.pack.task: Packer task: initialize from command line() 
protocols.docking.DockingProtocol.metrics: unbound pose: 
protocols.docking.DockingProtocol.metrics: 
------------------------------------------------------------
 Scores                       Weight   Raw Score Wghtd.Score
------------------------------------------------------------
 fa_atr                       1.000   -6814.833   -6814.833
 fa_rep                       0.550    3983.246    2190.785
 fa_sol                       1.000    4682.917    4682.917
 fa_intra_rep                 0.005    3194.729      15.974
 fa_intra_sol_xover4          1.000     246.907     246.907
 lk_ball_wtd                  1.000    -161.300    -161.300
 fa_elec                      1.000   -1499.849   -1499.849
 ch_bond_bb_bb                0.500      -8.411      -4.206
 pro_close                    1.250     140.227     175.284
 fa_cust_pair_dist            1.000       9.279       9.279
 hbond_sr_bb                  0.500    -592.797    -296.398
 hbond_lr_bb                  1.000     -10.047     -10.047
 hbond_bb_sc                  1.000     -54.883     -54.883
 hbond_sc                     1.000     -59.088     -59.088
 dslf_fa13                    1.250     -29.686     -37.108
 rama                         0.200    -306.444     -61.289
 omega                        0.500      34.363      17.182
 fa_dun                       0.700    5585.591    3909.914
 p_aa_pp                      0.300     -77.468     -23.240
 yhh_planarity                0.625       0.000       0.000
 ref                          1.000     261.134     261.134
 rama_prepro                  0.450     786.808     354.064
---------------------------------------------------
 Total weighted score:                     2841.198
protocols.docking.DockingProtocol.metrics: bound pose: 
protocols.docking.DockingProtocol.metrics: 
------------------------------------------------------------
 Scores                       Weight   Raw Score Wghtd.Score
------------------------------------------------------------
 fa_atr                       1.000   -6814.833   -6814.833
 fa_rep                       0.550    3983.246    2190.785
 fa_sol                       1.000    4682.917    4682.917
 fa_intra_rep                 0.005    3194.729      15.974
 fa_intra_sol_xover4          1.000     246.907     246.907
 lk_ball_wtd                  1.000    -161.300    -161.300
 fa_elec                      1.000   -1499.849   -1499.849
 ch_bond_bb_bb                0.500      -8.411      -4.206
 pro_close                    1.250     140.227     175.284
 fa_cust_pair_dist            1.000       9.279       9.279
 hbond_sr_bb                  0.500    -592.797    -296.398
 hbond_lr_bb                  1.000     -10.047     -10.047
 hbond_bb_sc                  1.000     -54.883     -54.883
 hbond_sc                     1.000     -59.088     -59.088
 dslf_fa13                    1.250     -29.686     -37.108
 rama                         0.200    -306.444     -61.289
 omega                        0.500      34.363      17.182
 fa_dun                       0.700    5585.591    3909.914
 p_aa_pp                      0.300     -77.468     -23.240
 yhh_planarity                0.625       0.000       0.000
 ref                          1.000     261.134     261.134
 rama_prepro                  0.450     786.808     354.064
---------------------------------------------------
 Total weighted score:                     2841.198
protocols.docking.DockingProtocol.metrics: unbound energy: 2841.2
protocols.docking.DockingProtocol.metrics: bound energy: 2841.2
protocols.docking.DockingProtocol.metrics: interaction energy: -2.72848e-12
protocols.docking.DockingProtocol.metrics: rb_jump: 1
protocols.docking.DockingProtocol.metrics: unbound pose: 
protocols.docking.DockingProtocol.metrics: 
------------------------------------------------------------
 Scores                       Weight   Raw Score Wghtd.Score
------------------------------------------------------------
 fa_atr                       1.000   -6814.833   -6814.833
 fa_rep                       0.550    3983.246    2190.785
 fa_sol                       1.000    4682.917    4682.917
 fa_intra_rep                 0.005    3194.729      15.974
 fa_intra_sol_xover4          1.000     246.907     246.907
 lk_ball_wtd                  1.000    -161.300    -161.300
 fa_elec                      1.000   -1499.849   -1499.849
 ch_bond_bb_bb                0.500      -8.411      -4.206
 pro_close                    1.250     140.227     175.284
 fa_cust_pair_dist            1.000       9.279       9.279
 hbond_sr_bb                  0.500    -592.797    -296.398
 hbond_lr_bb                  1.000     -10.047     -10.047
 hbond_bb_sc                  1.000     -54.883     -54.883
 hbond_sc                     1.000     -59.088     -59.088
 dslf_fa13                    1.250     -29.686     -37.108
 rama                         0.200    -306.444     -61.289
 omega                        0.500      34.363      17.182
 fa_dun                       0.700    5585.591    3909.914
 p_aa_pp                      0.300     -77.468     -23.240
 yhh_planarity                0.625       0.000       0.000
 ref                          1.000     261.134     261.134
 rama_prepro                  0.450     786.808     354.064
---------------------------------------------------
 Total weighted score:                     2841.198
protocols.docking.DockingProtocol.metrics: bound pose: 
protocols.docking.DockingProtocol.metrics: 
------------------------------------------------------------
 Scores                       Weight   Raw Score Wghtd.Score
------------------------------------------------------------
 fa_atr                       1.000   -6814.833   -6814.833
 fa_rep                       0.550    3983.246    2190.785
 fa_sol                       1.000    4682.917    4682.917
 fa_intra_rep                 0.005    3194.729      15.974
 fa_intra_sol_xover4          1.000     246.907     246.907
 lk_ball_wtd                  1.000    -161.300    -161.300
 fa_elec                      1.000   -1499.849   -1499.849
 ch_bond_bb_bb                0.500      -8.411      -4.206
 pro_close                    1.250     140.227     175.284
 fa_cust_pair_dist            1.000       9.279       9.279
 hbond_sr_bb                  0.500    -592.797    -296.398
 hbond_lr_bb                  1.000     -10.047     -10.047
 hbond_bb_sc                  1.000     -54.883     -54.883
 hbond_sc                     1.000     -59.088     -59.088
 dslf_fa13                    1.250     -29.686     -37.108
 rama                         0.200    -306.444     -61.289
 omega                        0.500      34.363      17.182
 fa_dun                       0.700    5585.591    3909.914
 p_aa_pp                      0.300     -77.468     -23.240
 yhh_planarity                0.625       0.000       0.000
 ref                          1.000     261.134     261.134
 rama_prepro                  0.450     786.808     354.064
---------------------------------------------------
 Total weighted score:                     2841.198
protocols.docking.DockingProtocol.metrics: unbound energy: 2841.2
protocols.docking.DockingProtocol.metrics: bound energy: 2841.2
protocols.docking.DockingProtocol.metrics: interaction energy: -2.72848e-12
protocols.docking.DockingProtocol.metrics: rb_jump: 1
protocols.jd2.JobDistributor: complex_0009 reported success in 9 seconds
protocols.jd2.PDBJobInputter: PDBJobInputter::pose_from_job
protocols.jd2.PDBJobInputter: filling pose from PDB input/complex.pdb
core.import_pose.import_pose: File 'input/complex.pdb' automatically determined to be of type PDB
core.io.pose_from_sfr.PoseFromSFRBuilder: Adding undetected upper terminus type to residue 1156, 1156 A
core.conformation.Conformation: [ WARNING ] missing heavyatom:  OXT on residue ALA:CtermProteinFull 1156
core.conformation.Conformation: Found disulfide between residues 49 58
core.conformation.Conformation: Found disulfide between residues 71 87
core.conformation.Conformation: Found disulfide between residues 86 97
core.conformation.Conformation: Found disulfide between residues 120 165
core.conformation.Conformation: Found disulfide between residues 164 173
core.conformation.Conformation: Found disulfide between residues 196 242
core.conformation.Conformation: Found disulfide between residues 241 249
core.conformation.Conformation: Found disulfide between residues 261 275
core.conformation.Conformation: Found disulfide between residues 274 285
core.conformation.Conformation: Found disulfide between residues 312 357
core.conformation.Conformation: Found disulfide between residues 356 365
core.conformation.Conformation: Found disulfide between residues 388 434
core.conformation.Conformation: Found disulfide between residues 433 444
core.conformation.Conformation: Found disulfide between residues 457 473
core.conformation.Conformation: Found disulfide between residues 472 483
core.conformation.Conformation: Found disulfide between residues 510 555
core.conformation.Conformation: Found disulfide between residues 554 563
core.conformation.Conformation: Found disulfide between residues 627 636
core.conformation.Conformation: Found disulfide between residues 649 665
core.conformation.Conformation: Found disulfide between residues 664 675
core.conformation.Conformation: Found disulfide between residues 698 743
core.conformation.Conformation: Found disulfide between residues 742 751
core.conformation.Conformation: Found disulfide between residues 774 820
core.conformation.Conformation: Found disulfide between residues 819 827
core.conformation.Conformation: Found disulfide between residues 839 853
core.conformation.Conformation: Found disulfide between residues 852 863
core.conformation.Conformation: Found disulfide between residues 890 935
core.conformation.Conformation: Found disulfide between residues 934 943
core.conformation.Conformation: Found disulfide between residues 966 1012
core.conformation.Conformation: Found disulfide between residues 1011 1022
core.conformation.Conformation: Found disulfide between residues 1035 1051
core.conformation.Conformation: Found disulfide between residues 1050 1061
core.conformation.Conformation: Found disulfide between residues 1088 1133
core.conformation.Conformation: Found disulfide between residues 1132 1141
protocols.docking.DockingProtocol: ////////////////////////////////////////////////////////////////////////////////
protocols.docking.DockingProtocol: ///                     Rosetta 3 Docking Protocol                           ///
protocols.docking.DockingProtocol: ///                                                                          ///
protocols.docking.DockingProtocol: /// Dockable Jumps: 1                                                        ///
protocols.docking.DockingProtocol: /// Low Resolution Docking Protocol:  off                                    ///
protocols.docking.DockingProtocol: /// High Resolution Docking Protocol:  on                                    ///
protocols.docking.DockingProtocol: /// Low Resolution Filter:  off                                              ///
protocols.docking.DockingProtocol: /// High Resolution Filter:  on                                              ///
protocols.docking.DockingProtocol: ////////////////////////////////////////////////////////////////////////////////
protocols.docking.DockMCMProtocol: in DockMCMProtocol.apply
protocols.docking.DockMCMProtocol: Using the DockingTaskFactory.
protocols.docking.DockMCMCycle: Setting up defaults for DockMCMCycle: 
protocols.docking.DockMCMCycle: ////////////////////////////////////////////////////////////////////////////////
protocols.docking.DockMCMCycle: /// Dockable Jumps: 1                                                        ///
protocols.docking.DockMCMCycle: /// Translation: 0.1                                                         ///
protocols.docking.DockMCMCycle: /// Rotation: 5                                                              ///
protocols.docking.DockMCMCycle: /// Scorefunction:                                                           ///
protocols.docking.DockMCMCycle: ScoreFunction::show():
weights: (fa_atr 1) (fa_rep 0.55) (fa_sol 1) (fa_intra_rep 0.005) (fa_intra_sol_xover4 1) (lk_ball_wtd 1) (fa_elec 1) (ch_bond_bb_bb 0.5) (pro_close 1.25) (fa_cust_pair_dist 1) (hbond_sr_bb 0.5) (hbond_lr_bb 1) (hbond_bb_sc 1) (hbond_sc 1) (dslf_fa13 1.25) (rama 0.2) (omega 0.5) (fa_dun 0.7) (p_aa_pp 0.3) (yhh_planarity 0.625) (ref 1) (rama_prepro 0.45)
energy_method_options: EnergyMethodOptions::show: aa_composition_setup_files: 
protocols.docking.DockMCMCycle: EnergyMethodOptions::show: mhc_epitope_setup_files: 
protocols.docking.DockMCMCycle: EnergyMethodOptions::show: netcharge_setup_files: 
protocols.docking.DockMCMCycle: EnergyMethodOptions::show: aspartimide_penalty_value: 25
protocols.docking.DockMCMCycle: EnergyMethodOptions::show: etable_type: FA_STANDARD_DEFAULT
analytic_etable_evaluation: 1
EnergyMethodOptions::show: method_weights: ref 1.32468 3.25479 -2.14574 -2.72453 1.21829 0.79816 -0.30065 2.30374 -0.71458 1.66147 1.65735 -1.34026 -1.64321 -1.45095 -0.09474 -0.28969 1.15175 2.64269 2.26099 0.58223
EnergyMethodOptions::show: method_weights: free_res
EnergyMethodOptions::show: unfolded_energies_type: UNFOLDED_SCORE12
protocols.docking.DockMCMCycle: EnergyMethodOptions::show: split_unfolded_label_type: SPLIT_UNFOLDED_MM
protocols.docking.DockMCMCycle: EnergyMethodOptions::show: split_unfolded_value_type: SPLIT_UNFOLDED_BOLTZ
protocols.docking.DockMCMCycle: EnergyMethodOptions::show: atom_vdw_atom_type_set_name: centroid
protocols.docking.DockMCMCycle: EnergyMethodOptions::show: covalent_labeling_input: 
protocols.docking.DockMCMCycle: EnergyMethodOptions::show: covalent_labeling_fa_input: 
protocols.docking.DockMCMCycle: EnergyMethodOptions::show: hrf_dynamics_input: 
protocols.docking.DockMCMCycle: EnergyMethodOptions::show: depc_ms_input: 
protocols.docking.DockMCMCycle: EnergyMethodOptions::show: exclude_protein_protein_fa_elec: false
protocols.docking.DockMCMCycle: EnergyMethodOptions::show: exclude_RNA_RNA_fa_elec: false
protocols.docking.DockMCMCycle: EnergyMethodOptions::show: exclude_RNA_protein_fa_elec: false
protocols.docking.DockMCMCycle: EnergyMethodOptions::show: exclude_monomer_fa_elec: false
protocols.docking.DockMCMCycle: EnergyMethodOptions::show: elec_max_dis: 5.5
protocols.docking.DockMCMCycle: EnergyMethodOptions::show: elec_min_dis: 1.6
protocols.docking.DockMCMCycle: EnergyMethodOptions::show: elec_die: 10
protocols.docking.DockMCMCycle: EnergyMethodOptions::show: elec_no_dis_dep_die: false
protocols.docking.DockMCMCycle: EnergyMethodOptions::show: elec_sigmoidal_die: true
protocols.docking.DockMCMCycle: EnergyMethodOptions::show: elec_sigmoidal_D: 80
protocols.docking.DockMCMCycle: EnergyMethodOptions::show: elec_sigmoidal_D0: 6
protocols.docking.DockMCMCycle: EnergyMethodOptions::show: elec_sigmoidal_S: 0.4
protocols.docking.DockMCMCycle: EnergyMethodOptions::show: smooth_fa_elec: true
protocols.docking.DockMCMCycle: EnergyMethodOptions::show: grpelec_fade_type: false
protocols.docking.DockMCMCycle: EnergyMethodOptions::show: grpelec_fade_param1: 1
protocols.docking.DockMCMCycle: EnergyMethodOptions::show: grpelec_fade_param2: 1
protocols.docking.DockMCMCycle: EnergyMethodOptions::show: grpelec_fade_hbond: 0
protocols.docking.DockMCMCycle: EnergyMethodOptions::show: grp_cpfxn: 1
protocols.docking.DockMCMCycle: EnergyMethodOptions::show: elec_group_file: /scoring/score_functions/elec_group_def.dat
protocols.docking.DockMCMCycle: EnergyMethodOptions::show: grpelec_context_dependent: 0
protocols.docking.DockMCMCycle: EnergyMethodOptions::show: use_polarization: true
protocols.docking.DockMCMCycle: EnergyMethodOptions::show: use_gen_kirkwood: true
protocols.docking.DockMCMCycle: EnergyMethodOptions::show: protein_dielectric: 1
protocols.docking.DockMCMCycle: EnergyMethodOptions::show: water_dielectric: 78.3
protocols.docking.DockMCMCycle: EnergyMethodOptions::show: exclude_DNA_DNA: false
protocols.docking.DockMCMCycle: EnergyMethodOptions::show: exclude_intra_res_protein: false
protocols.docking.DockMCMCycle: EnergyMethodOptions::show: count_pair_hybrid: false
protocols.docking.DockMCMCycle: EnergyMethodOptions::show: count_pair_full: false
protocols.docking.DockMCMCycle: EnergyMethodOptions::show: put_intra_into_total: false
protocols.docking.DockMCMCycle: EnergyMethodOptions::show: geom_sol_interres_path_distance_cutoff: false
protocols.docking.DockMCMCycle: EnergyMethodOptions::show: geom_sol_intrares_path_distance_cutoff: true
protocols.docking.DockMCMCycle: EnergyMethodOptions::show: eval_intrares_elec_ST_only: false
protocols.docking.DockMCMCycle: EnergyMethodOptions::show: envsmooth_zero_negatives: false
protocols.docking.DockMCMCycle: EnergyMethodOptions::show: cst_max_seq_sep: 18446744073709551615
protocols.docking.DockMCMCycle: EnergyMethodOptions::show: pb_bound_tag: bound
protocols.docking.DockMCMCycle: EnergyMethodOptions::show: pb_unbound_tag: unbound
protocols.docking.DockMCMCycle: EnergyMethodOptions::show: arg_cation_pi_his_can_be_pi: 1
protocols.docking.DockMCMCycle: EnergyMethodOptions::show: ordered_wat_penalty: 1.221
protocols.docking.DockMCMCycle: EnergyMethodOptions::show: ordered_pt_wat_penalty: 2.709
protocols.docking.DockMCMCycle: EnergyMethodOptions::show: nmer_ref_seq_length_: 9
protocols.docking.DockMCMCycle: EnergyMethodOptions::show: nmer_svm_term_length_: 3
protocols.docking.DockMCMCycle: EnergyMethodOptions::show: nmer_svm_pssm_feat_: 1
protocols.docking.DockMCMCycle: EnergyMethodOptions::show: nmer_svm_scorecut_defined_: 0
protocols.docking.DockMCMCycle: EnergyMethodOptions::show: nmer_svm_scorecut_: 0
protocols.docking.DockMCMCycle: EnergyMethodOptions::show: nmer_svm_avg_rank_as_energy_: 0
protocols.docking.DockMCMCycle: EnergyMethodOptions::show: nmer_svm_aa_matrix_defined_: 0
protocols.docking.DockMCMCycle: EnergyMethodOptions::show: nmer_svm_aa_matrix_: 
protocols.docking.DockMCMCycle: EnergyMethodOptions::show: nmer_svm_list_defined_: 0
protocols.docking.DockMCMCycle: EnergyMethodOptions::show: nmer_svm_list_: 
protocols.docking.DockMCMCycle: EnergyMethodOptions::show: nmer_svm_defined_: 0
protocols.docking.DockMCMCycle: EnergyMethodOptions::show: nmer_svm_: 
protocols.docking.DockMCMCycle: EnergyMethodOptions::show: nmer_svm_rank_list_defined_: 0
protocols.docking.DockMCMCycle: EnergyMethodOptions::show: nmer_svm_rank_list_: 
protocols.docking.DockMCMCycle: EnergyMethodOptions::show: nmer_svm_rank_defined_: 0
protocols.docking.DockMCMCycle: EnergyMethodOptions::show: nmer_svm_rank_: 
protocols.docking.DockMCMCycle: EnergyMethodOptions::show: voids_penalty_energy_containing_cones_cutoff_:6
protocols.docking.DockMCMCycle: EnergyMethodOptions::show: voids_penalty_energy_cone_distance_cutoff_: 8
protocols.docking.DockMCMCycle: EnergyMethodOptions::show: voids_penalty_energy_cone_dotproduct_cutoff_: 0.1
protocols.docking.DockMCMCycle: EnergyMethodOptions::show: voids_penalty_energy_voxel_grid_padding_: 1
protocols.docking.DockMCMCycle: EnergyMethodOptions::show: voids_penalty_energy_voxel_size_: 0.5
protocols.docking.DockMCMCycle: EnergyMethodOptions::show: voids_penalty_energy_disabled_except_during_packing_: TRUE
protocols.docking.DockMCMCycle: EnergyMethodOptions::show: hbnet_bonus_ramping_function_: "quadratic"
protocols.docking.DockMCMCycle: EnergyMethodOptions::show: hbnet_max_network_size_: 0
protocols.docking.DockMCMCycle: EnergyMethodOptions::show: approximate_buried_unsat_penalty_hbond_energy_threshold_: -0.25
protocols.docking.DockMCMCycle: EnergyMethodOptions::show: approximate_buried_unsat_penalty_burial_atomic_depth_: 4.5
protocols.docking.DockMCMCycle: EnergyMethodOptions::show: approximate_buried_unsat_penalty_burial_probe_radius_: 2.3
protocols.docking.DockMCMCycle: EnergyMethodOptions::show: approximate_buried_unsat_penalty_burial_resolution_: 0.5
protocols.docking.DockMCMCycle: EnergyMethodOptions::show: approximate_buried_unsat_penalty_oversat_penalty_: 1
protocols.docking.DockMCMCycle: EnergyMethodOptions::show: approximate_buried_unsat_penalty_assume_const_backbone_:1
protocols.docking.DockMCMCycle: EnergyMethodOptions::show: approximate_buried_unsat_penalty_natural_corrections1_:0
protocols.docking.DockMCMCycle: EnergyMethodOptions::show: approximate_buried_unsat_penalty_hbond_bonus_cross_chain_:0
protocols.docking.DockMCMCycle: EnergyMethodOptions::show: approximate_buried_unsat_penalty_hbond_bonus_ser_to_helix_bb_:0
protocols.docking.DockMCMCycle: EnergyMethodOptions::show: approximate_buried_unsat_penalty_lys_ok_with_1_:0
protocols.docking.DockMCMCycle: EnergyMethodOptions::show: target_clash_pdb_:
protocols.docking.DockMCMCycle: EnergyMethodOptions::show: dump_trajectory_prefix_: traj
protocols.docking.DockMCMCycle: EnergyMethodOptions::show: dump_trajectory_gz_: FALSE
protocols.docking.DockMCMCycle: EnergyMethodOptions::show: dump_trajectory_stride_: 1
protocols.docking.DockMCMCycle: EnergyMethodOptions::show: bond_angle_central_atoms_to_score:
protocols.docking.DockMCMCycle: EnergyMethodOptions::show: bond_angle_residue_type_param_set: none
protocols.docking.DockMCMCycle: HBondOptions::show: hb_max_energy: 0
protocols.docking.DockMCMCycle: HBondOptions::show: exclude_DNA_DNA: false
protocols.docking.DockMCMCycle: HBondOptions::show: exclude_intra_res_protein_: false
protocols.docking.DockMCMCycle: HBondOptions::show: exclude_intra_res_RNA_: false
protocols.docking.DockMCMCycle: HBondOptions::show: put_intra_into_total_: false
protocols.docking.DockMCMCycle: HBondOptions::show: exclude_self_hbonds: true
protocols.docking.DockMCMCycle: HBondOptions::show: use_hb_env_dep: false
protocols.docking.DockMCMCycle: HBondOptions::show: use_hb_env_dep_DNA: true
protocols.docking.DockMCMCycle: HBondOptions::show: smooth_hb_env_dep: true
protocols.docking.DockMCMCycle: HBondOptions::show: bb_donor_acceptor_check: true
protocols.docking.DockMCMCycle: HBondOptions::show: decompose_bb_hb_into_pair_energies: false
protocols.docking.DockMCMCycle: HBondOptions::show: params_database_tag_: ref2015_params
protocols.docking.DockMCMCycle: HBondOptions::show: use_sp2_chi_penalty_: true
protocols.docking.DockMCMCycle: HBondOptions::show: sp2_BAH180_rise_: 0.75
protocols.docking.DockMCMCycle: HBondOptions::show: sp2_outer_width_: 0.357
protocols.docking.DockMCMCycle: HBondOptions::show: measure_sp3acc_BAH_from_hvy_: true
protocols.docking.DockMCMCycle: HBondOptions::show: fade_energy_: 1
protocols.docking.DockMCMCycle: HBondOptions::show: exclude_ether_oxygens_: 0
protocols.docking.DockMCMCycle: HBondOptions::show: Mbhbond: false 
protocols.docking.DockMCMCycle: HbondOptions::show: mphbond: false
protocols.docking.DockMCMCycle: HBondOptions::show: hbond_energy_shift: 0
protocols.docking.DockMCMCycle: HBondOptions::show: water_hybrid_sf: false
protocols.docking.DockMCMCycle: RNA_EnergyMethodOptions::show: syn_G_potential_bonus: 0
protocols.docking.DockMCMCycle: RNA_EnergyMethodOptions::show: torsion_potential: ps_04282011
protocols.docking.DockMCMCycle: RNA_EnergyMethodOptions::show: suiteness_bonus: Richardson
protocols.docking.DockMCMCycle: RNA_EnergyMethodOptions::show: rna_base_pair_xy_filename: scoring/rna/rna_base_pair_xy.dat
protocols.docking.DockMCMCycle: FreeDOF_Options::show: free_suite_bonus: -1
protocols.docking.DockMCMCycle: FreeDOF_Options::show: free_2HOprime_bonus: -0.5
protocols.docking.DockMCMCycle: FreeDOF_Options::show: free_sugar_bonus: -1
protocols.docking.DockMCMCycle: FreeDOF_Options::show: pack_phosphate_penalty: 0.25
protocols.docking.DockMCMCycle: FreeDOF_Options::show: free_side_chain_bonus: -0.5
protocols.docking.DockMCMCycle: 
protocols.docking.DockMCMCycle: 
protocols.docking.DockMCMCycle: /// Packing scorefunction:                                                   ///
protocols.docking.DockMCMCycle: ScoreFunction::show():
weights: (fa_atr 1) (fa_rep 0.55) (fa_sol 1) (fa_intra_rep 0.005) (fa_intra_sol_xover4 1) (lk_ball_wtd 1) (fa_elec 1) (ch_bond_bb_bb 0.5) (pro_close 1.25) (fa_cust_pair_dist 1) (hbond_sr_bb 0.5) (hbond_lr_bb 1) (hbond_bb_sc 1) (hbond_sc 1) (dslf_fa13 1.25) (rama 0.2) (omega 0.5) (fa_dun 0.7) (p_aa_pp 0.3) (yhh_planarity 0.625) (ref 1) (rama_prepro 0.45)
energy_method_options: EnergyMethodOptions::show: aa_composition_setup_files: 
protocols.docking.DockMCMCycle: EnergyMethodOptions::show: mhc_epitope_setup_files: 
protocols.docking.DockMCMCycle: EnergyMethodOptions::show: netcharge_setup_files: 
protocols.docking.DockMCMCycle: EnergyMethodOptions::show: aspartimide_penalty_value: 25
protocols.docking.DockMCMCycle: EnergyMethodOptions::show: etable_type: FA_STANDARD_DEFAULT
analytic_etable_evaluation: 1
EnergyMethodOptions::show: method_weights: ref 1.32468 3.25479 -2.14574 -2.72453 1.21829 0.79816 -0.30065 2.30374 -0.71458 1.66147 1.65735 -1.34026 -1.64321 -1.45095 -0.09474 -0.28969 1.15175 2.64269 2.26099 0.58223
EnergyMethodOptions::show: method_weights: free_res
EnergyMethodOptions::show: unfolded_energies_type: UNFOLDED_SCORE12
protocols.docking.DockMCMCycle: EnergyMethodOptions::show: split_unfolded_label_type: SPLIT_UNFOLDED_MM
protocols.docking.DockMCMCycle: EnergyMethodOptions::show: split_unfolded_value_type: SPLIT_UNFOLDED_BOLTZ
protocols.docking.DockMCMCycle: EnergyMethodOptions::show: atom_vdw_atom_type_set_name: centroid
protocols.docking.DockMCMCycle: EnergyMethodOptions::show: covalent_labeling_input: 
protocols.docking.DockMCMCycle: EnergyMethodOptions::show: covalent_labeling_fa_input: 
protocols.docking.DockMCMCycle: EnergyMethodOptions::show: hrf_dynamics_input: 
protocols.docking.DockMCMCycle: EnergyMethodOptions::show: depc_ms_input: 
protocols.docking.DockMCMCycle: EnergyMethodOptions::show: exclude_protein_protein_fa_elec: false
protocols.docking.DockMCMCycle: EnergyMethodOptions::show: exclude_RNA_RNA_fa_elec: false
protocols.docking.DockMCMCycle: EnergyMethodOptions::show: exclude_RNA_protein_fa_elec: false
protocols.docking.DockMCMCycle: EnergyMethodOptions::show: exclude_monomer_fa_elec: false
protocols.docking.DockMCMCycle: EnergyMethodOptions::show: elec_max_dis: 5.5
protocols.docking.DockMCMCycle: EnergyMethodOptions::show: elec_min_dis: 1.6
protocols.docking.DockMCMCycle: EnergyMethodOptions::show: elec_die: 10
protocols.docking.DockMCMCycle: EnergyMethodOptions::show: elec_no_dis_dep_die: false
protocols.docking.DockMCMCycle: EnergyMethodOptions::show: elec_sigmoidal_die: true
protocols.docking.DockMCMCycle: EnergyMethodOptions::show: elec_sigmoidal_D: 80
protocols.docking.DockMCMCycle: EnergyMethodOptions::show: elec_sigmoidal_D0: 6
protocols.docking.DockMCMCycle: EnergyMethodOptions::show: elec_sigmoidal_S: 0.4
protocols.docking.DockMCMCycle: EnergyMethodOptions::show: smooth_fa_elec: true
protocols.docking.DockMCMCycle: EnergyMethodOptions::show: grpelec_fade_type: false
protocols.docking.DockMCMCycle: EnergyMethodOptions::show: grpelec_fade_param1: 1
protocols.docking.DockMCMCycle: EnergyMethodOptions::show: grpelec_fade_param2: 1
protocols.docking.DockMCMCycle: EnergyMethodOptions::show: grpelec_fade_hbond: 0
protocols.docking.DockMCMCycle: EnergyMethodOptions::show: grp_cpfxn: 1
protocols.docking.DockMCMCycle: EnergyMethodOptions::show: elec_group_file: /scoring/score_functions/elec_group_def.dat
protocols.docking.DockMCMCycle: EnergyMethodOptions::show: grpelec_context_dependent: 0
protocols.docking.DockMCMCycle: EnergyMethodOptions::show: use_polarization: true
protocols.docking.DockMCMCycle: EnergyMethodOptions::show: use_gen_kirkwood: true
protocols.docking.DockMCMCycle: EnergyMethodOptions::show: protein_dielectric: 1
protocols.docking.DockMCMCycle: EnergyMethodOptions::show: water_dielectric: 78.3
protocols.docking.DockMCMCycle: EnergyMethodOptions::show: exclude_DNA_DNA: false
protocols.docking.DockMCMCycle: EnergyMethodOptions::show: exclude_intra_res_protein: false
protocols.docking.DockMCMCycle: EnergyMethodOptions::show: count_pair_hybrid: false
protocols.docking.DockMCMCycle: EnergyMethodOptions::show: count_pair_full: false
protocols.docking.DockMCMCycle: EnergyMethodOptions::show: put_intra_into_total: false
protocols.docking.DockMCMCycle: EnergyMethodOptions::show: geom_sol_interres_path_distance_cutoff: false
protocols.docking.DockMCMCycle: EnergyMethodOptions::show: geom_sol_intrares_path_distance_cutoff: true
protocols.docking.DockMCMCycle: EnergyMethodOptions::show: eval_intrares_elec_ST_only: false
protocols.docking.DockMCMCycle: EnergyMethodOptions::show: envsmooth_zero_negatives: false
protocols.docking.DockMCMCycle: EnergyMethodOptions::show: cst_max_seq_sep: 18446744073709551615
protocols.docking.DockMCMCycle: EnergyMethodOptions::show: pb_bound_tag: bound
protocols.docking.DockMCMCycle: EnergyMethodOptions::show: pb_unbound_tag: unbound
protocols.docking.DockMCMCycle: EnergyMethodOptions::show: arg_cation_pi_his_can_be_pi: 1
protocols.docking.DockMCMCycle: EnergyMethodOptions::show: ordered_wat_penalty: 1.221
protocols.docking.DockMCMCycle: EnergyMethodOptions::show: ordered_pt_wat_penalty: 2.709
protocols.docking.DockMCMCycle: EnergyMethodOptions::show: nmer_ref_seq_length_: 9
protocols.docking.DockMCMCycle: EnergyMethodOptions::show: nmer_svm_term_length_: 3
protocols.docking.DockMCMCycle: EnergyMethodOptions::show: nmer_svm_pssm_feat_: 1
protocols.docking.DockMCMCycle: EnergyMethodOptions::show: nmer_svm_scorecut_defined_: 0
protocols.docking.DockMCMCycle: EnergyMethodOptions::show: nmer_svm_scorecut_: 0
protocols.docking.DockMCMCycle: EnergyMethodOptions::show: nmer_svm_avg_rank_as_energy_: 0
protocols.docking.DockMCMCycle: EnergyMethodOptions::show: nmer_svm_aa_matrix_defined_: 0
protocols.docking.DockMCMCycle: EnergyMethodOptions::show: nmer_svm_aa_matrix_: 
protocols.docking.DockMCMCycle: EnergyMethodOptions::show: nmer_svm_list_defined_: 0
protocols.docking.DockMCMCycle: EnergyMethodOptions::show: nmer_svm_list_: 
protocols.docking.DockMCMCycle: EnergyMethodOptions::show: nmer_svm_defined_: 0
protocols.docking.DockMCMCycle: EnergyMethodOptions::show: nmer_svm_: 
protocols.docking.DockMCMCycle: EnergyMethodOptions::show: nmer_svm_rank_list_defined_: 0
protocols.docking.DockMCMCycle: EnergyMethodOptions::show: nmer_svm_rank_list_: 
protocols.docking.DockMCMCycle: EnergyMethodOptions::show: nmer_svm_rank_defined_: 0
protocols.docking.DockMCMCycle: EnergyMethodOptions::show: nmer_svm_rank_: 
protocols.docking.DockMCMCycle: EnergyMethodOptions::show: voids_penalty_energy_containing_cones_cutoff_:6
protocols.docking.DockMCMCycle: EnergyMethodOptions::show: voids_penalty_energy_cone_distance_cutoff_: 8
protocols.docking.DockMCMCycle: EnergyMethodOptions::show: voids_penalty_energy_cone_dotproduct_cutoff_: 0.1
protocols.docking.DockMCMCycle: EnergyMethodOptions::show: voids_penalty_energy_voxel_grid_padding_: 1
protocols.docking.DockMCMCycle: EnergyMethodOptions::show: voids_penalty_energy_voxel_size_: 0.5
protocols.docking.DockMCMCycle: EnergyMethodOptions::show: voids_penalty_energy_disabled_except_during_packing_: TRUE
protocols.docking.DockMCMCycle: EnergyMethodOptions::show: hbnet_bonus_ramping_function_: "quadratic"
protocols.docking.DockMCMCycle: EnergyMethodOptions::show: hbnet_max_network_size_: 0
protocols.docking.DockMCMCycle: EnergyMethodOptions::show: approximate_buried_unsat_penalty_hbond_energy_threshold_: -0.25
protocols.docking.DockMCMCycle: EnergyMethodOptions::show: approximate_buried_unsat_penalty_burial_atomic_depth_: 4.5
protocols.docking.DockMCMCycle: EnergyMethodOptions::show: approximate_buried_unsat_penalty_burial_probe_radius_: 2.3
protocols.docking.DockMCMCycle: EnergyMethodOptions::show: approximate_buried_unsat_penalty_burial_resolution_: 0.5
protocols.docking.DockMCMCycle: EnergyMethodOptions::show: approximate_buried_unsat_penalty_oversat_penalty_: 1
protocols.docking.DockMCMCycle: EnergyMethodOptions::show: approximate_buried_unsat_penalty_assume_const_backbone_:1
protocols.docking.DockMCMCycle: EnergyMethodOptions::show: approximate_buried_unsat_penalty_natural_corrections1_:0
protocols.docking.DockMCMCycle: EnergyMethodOptions::show: approximate_buried_unsat_penalty_hbond_bonus_cross_chain_:0
protocols.docking.DockMCMCycle: EnergyMethodOptions::show: approximate_buried_unsat_penalty_hbond_bonus_ser_to_helix_bb_:0
protocols.docking.DockMCMCycle: EnergyMethodOptions::show: approximate_buried_unsat_penalty_lys_ok_with_1_:0
protocols.docking.DockMCMCycle: EnergyMethodOptions::show: target_clash_pdb_:
protocols.docking.DockMCMCycle: EnergyMethodOptions::show: dump_trajectory_prefix_: traj
protocols.docking.DockMCMCycle: EnergyMethodOptions::show: dump_trajectory_gz_: FALSE
protocols.docking.DockMCMCycle: EnergyMethodOptions::show: dump_trajectory_stride_: 1
protocols.docking.DockMCMCycle: EnergyMethodOptions::show: bond_angle_central_atoms_to_score:
protocols.docking.DockMCMCycle: EnergyMethodOptions::show: bond_angle_residue_type_param_set: none
protocols.docking.DockMCMCycle: HBondOptions::show: hb_max_energy: 0
protocols.docking.DockMCMCycle: HBondOptions::show: exclude_DNA_DNA: false
protocols.docking.DockMCMCycle: HBondOptions::show: exclude_intra_res_protein_: false
protocols.docking.DockMCMCycle: HBondOptions::show: exclude_intra_res_RNA_: false
protocols.docking.DockMCMCycle: HBondOptions::show: put_intra_into_total_: false
protocols.docking.DockMCMCycle: HBondOptions::show: exclude_self_hbonds: true
protocols.docking.DockMCMCycle: HBondOptions::show: use_hb_env_dep: false
protocols.docking.DockMCMCycle: HBondOptions::show: use_hb_env_dep_DNA: true
protocols.docking.DockMCMCycle: HBondOptions::show: smooth_hb_env_dep: true
protocols.docking.DockMCMCycle: HBondOptions::show: bb_donor_acceptor_check: true
protocols.docking.DockMCMCycle: HBondOptions::show: decompose_bb_hb_into_pair_energies: false
protocols.docking.DockMCMCycle: HBondOptions::show: params_database_tag_: ref2015_params
protocols.docking.DockMCMCycle: HBondOptions::show: use_sp2_chi_penalty_: true
protocols.docking.DockMCMCycle: HBondOptions::show: sp2_BAH180_rise_: 0.75
protocols.docking.DockMCMCycle: HBondOptions::show: sp2_outer_width_: 0.357
protocols.docking.DockMCMCycle: HBondOptions::show: measure_sp3acc_BAH_from_hvy_: true
protocols.docking.DockMCMCycle: HBondOptions::show: fade_energy_: 1
protocols.docking.DockMCMCycle: HBondOptions::show: exclude_ether_oxygens_: 0
protocols.docking.DockMCMCycle: HBondOptions::show: Mbhbond: false 
protocols.docking.DockMCMCycle: HbondOptions::show: mphbond: false
protocols.docking.DockMCMCycle: HBondOptions::show: hbond_energy_shift: 0
protocols.docking.DockMCMCycle: HBondOptions::show: water_hybrid_sf: false
protocols.docking.DockMCMCycle: RNA_EnergyMethodOptions::show: syn_G_potential_bonus: 0
protocols.docking.DockMCMCycle: RNA_EnergyMethodOptions::show: torsion_potential: ps_04282011
protocols.docking.DockMCMCycle: RNA_EnergyMethodOptions::show: suiteness_bonus: Richardson
protocols.docking.DockMCMCycle: RNA_EnergyMethodOptions::show: rna_base_pair_xy_filename: scoring/rna/rna_base_pair_xy.dat
protocols.docking.DockMCMCycle: FreeDOF_Options::show: free_suite_bonus: -1
protocols.docking.DockMCMCycle: FreeDOF_Options::show: free_2HOprime_bonus: -0.5
protocols.docking.DockMCMCycle: FreeDOF_Options::show: free_sugar_bonus: -1
protocols.docking.DockMCMCycle: FreeDOF_Options::show: pack_phosphate_penalty: 0.25
protocols.docking.DockMCMCycle: FreeDOF_Options::show: free_side_chain_bonus: -0.5
protocols.docking.DockMCMCycle: 
protocols.docking.DockMCMCycle: 
protocols.docking.DockMCMCycle: ////////////////////////////////////////////////////////////////////////////////
core.pack.task: Packer task: initialize from command line() 
core.pack.pack_rotamers: built 0 rotamers at 0 positions.
core.pack.interaction_graph.interaction_graph_factory: Instantiating DensePDInteractionGraph
basic.thread_manager.RosettaThreadManager: [ WARNING ] A work vector of size zero was passed to the RosettaThreadManager!  Duly returning without doing anything.
protocols.geometry.RB_geometry: [ WARNING ] centroids_by_jump_int called but no interface detected!!
protocols.geometry.RB_geometry: [ WARNING ] calling centroids_by_jump...
core.pack.task: Packer task: initialize from command line() 
protocols.geometry.RB_geometry: [ WARNING ] centroids_by_jump_int called but no interface detected!!
protocols.geometry.RB_geometry: [ WARNING ] calling centroids_by_jump...
core.pack.task: Packer task: initialize from command line() 
protocols.geometry.RB_geometry: [ WARNING ] centroids_by_jump_int called but no interface detected!!
protocols.geometry.RB_geometry: [ WARNING ] calling centroids_by_jump...
core.pack.task: Packer task: initialize from command line() 
protocols.geometry.RB_geometry: [ WARNING ] centroids_by_jump_int called but no interface detected!!
protocols.geometry.RB_geometry: [ WARNING ] calling centroids_by_jump...
core.pack.task: Packer task: initialize from command line() 
protocols.geometry.RB_geometry: [ WARNING ] centroids_by_jump_int called but no interface detected!!
protocols.geometry.RB_geometry: [ WARNING ] calling centroids_by_jump...
core.pack.task: Packer task: initialize from command line() 
protocols.geometry.RB_geometry: [ WARNING ] centroids_by_jump_int called but no interface detected!!
protocols.geometry.RB_geometry: [ WARNING ] calling centroids_by_jump...
core.pack.task: Packer task: initialize from command line() 
protocols.geometry.RB_geometry: [ WARNING ] centroids_by_jump_int called but no interface detected!!
protocols.geometry.RB_geometry: [ WARNING ] calling centroids_by_jump...
core.pack.task: Packer task: initialize from command line() 
protocols.geometry.RB_geometry: [ WARNING ] centroids_by_jump_int called but no interface detected!!
protocols.geometry.RB_geometry: [ WARNING ] calling centroids_by_jump...
core.pack.task: Packer task: initialize from command line() 
protocols.geometry.RB_geometry: [ WARNING ] centroids_by_jump_int called but no interface detected!!
protocols.geometry.RB_geometry: [ WARNING ] calling centroids_by_jump...
core.pack.task: Packer task: initialize from command line() 
protocols.geometry.RB_geometry: [ WARNING ] centroids_by_jump_int called but no interface detected!!
protocols.geometry.RB_geometry: [ WARNING ] calling centroids_by_jump...
core.pack.task: Packer task: initialize from command line() 
protocols.geometry.RB_geometry: [ WARNING ] centroids_by_jump_int called but no interface detected!!
protocols.geometry.RB_geometry: [ WARNING ] calling centroids_by_jump...
core.pack.task: Packer task: initialize from command line() 
protocols.geometry.RB_geometry: [ WARNING ] centroids_by_jump_int called but no interface detected!!
protocols.geometry.RB_geometry: [ WARNING ] calling centroids_by_jump...
core.pack.task: Packer task: initialize from command line() 
core.pack.task: Packer task: initialize from command line() 
core.pack.pack_rotamers: built 0 rotamers at 0 positions.
core.pack.interaction_graph.interaction_graph_factory: Instantiating DensePDInteractionGraph
basic.thread_manager.RosettaThreadManager: [ WARNING ] A work vector of size zero was passed to the RosettaThreadManager!  Duly returning without doing anything.
protocols.geometry.RB_geometry: [ WARNING ] centroids_by_jump_int called but no interface detected!!
protocols.geometry.RB_geometry: [ WARNING ] calling centroids_by_jump...
core.pack.task: Packer task: initialize from command line() 
protocols.geometry.RB_geometry: [ WARNING ] centroids_by_jump_int called but no interface detected!!
protocols.geometry.RB_geometry: [ WARNING ] calling centroids_by_jump...
core.pack.task: Packer task: initialize from command line() 
protocols.geometry.RB_geometry: [ WARNING ] centroids_by_jump_int called but no interface detected!!
protocols.geometry.RB_geometry: [ WARNING ] calling centroids_by_jump...
core.pack.task: Packer task: initialize from command line() 
protocols.geometry.RB_geometry: [ WARNING ] centroids_by_jump_int called but no interface detected!!
protocols.geometry.RB_geometry: [ WARNING ] calling centroids_by_jump...
core.pack.task: Packer task: initialize from command line() 
protocols.geometry.RB_geometry: [ WARNING ] centroids_by_jump_int called but no interface detected!!
protocols.geometry.RB_geometry: [ WARNING ] calling centroids_by_jump...
core.pack.task: Packer task: initialize from command line() 
protocols.geometry.RB_geometry: [ WARNING ] centroids_by_jump_int called but no interface detected!!
protocols.geometry.RB_geometry: [ WARNING ] calling centroids_by_jump...
core.pack.task: Packer task: initialize from command line() 
protocols.geometry.RB_geometry: [ WARNING ] centroids_by_jump_int called but no interface detected!!
protocols.geometry.RB_geometry: [ WARNING ] calling centroids_by_jump...
core.pack.task: Packer task: initialize from command line() 
protocols.geometry.RB_geometry: [ WARNING ] centroids_by_jump_int called but no interface detected!!
protocols.geometry.RB_geometry: [ WARNING ] calling centroids_by_jump...
core.pack.task: Packer task: initialize from command line() 
core.pack.task: Packer task: initialize from command line() 
core.pack.pack_rotamers: built 0 rotamers at 0 positions.
core.pack.interaction_graph.interaction_graph_factory: Instantiating DensePDInteractionGraph
basic.thread_manager.RosettaThreadManager: [ WARNING ] A work vector of size zero was passed to the RosettaThreadManager!  Duly returning without doing anything.
protocols.geometry.RB_geometry: [ WARNING ] centroids_by_jump_int called but no interface detected!!
protocols.geometry.RB_geometry: [ WARNING ] calling centroids_by_jump...
core.pack.task: Packer task: initialize from command line() 
protocols.geometry.RB_geometry: [ WARNING ] centroids_by_jump_int called but no interface detected!!
protocols.geometry.RB_geometry: [ WARNING ] calling centroids_by_jump...
core.pack.task: Packer task: initialize from command line() 
protocols.geometry.RB_geometry: [ WARNING ] centroids_by_jump_int called but no interface detected!!
protocols.geometry.RB_geometry: [ WARNING ] calling centroids_by_jump...
core.pack.task: Packer task: initialize from command line() 
protocols.geometry.RB_geometry: [ WARNING ] centroids_by_jump_int called but no interface detected!!
protocols.geometry.RB_geometry: [ WARNING ] calling centroids_by_jump...
core.pack.task: Packer task: initialize from command line() 
protocols.geometry.RB_geometry: [ WARNING ] centroids_by_jump_int called but no interface detected!!
protocols.geometry.RB_geometry: [ WARNING ] calling centroids_by_jump...
core.pack.task: Packer task: initialize from command line() 
protocols.geometry.RB_geometry: [ WARNING ] centroids_by_jump_int called but no interface detected!!
protocols.geometry.RB_geometry: [ WARNING ] calling centroids_by_jump...
core.pack.task: Packer task: initialize from command line() 
protocols.geometry.RB_geometry: [ WARNING ] centroids_by_jump_int called but no interface detected!!
protocols.geometry.RB_geometry: [ WARNING ] calling centroids_by_jump...
core.pack.task: Packer task: initialize from command line() 
protocols.geometry.RB_geometry: [ WARNING ] centroids_by_jump_int called but no interface detected!!
protocols.geometry.RB_geometry: [ WARNING ] calling centroids_by_jump...
core.pack.task: Packer task: initialize from command line() 
core.pack.task: Packer task: initialize from command line() 
core.pack.pack_rotamers: built 0 rotamers at 0 positions.
core.pack.interaction_graph.interaction_graph_factory: Instantiating DensePDInteractionGraph
basic.thread_manager.RosettaThreadManager: [ WARNING ] A work vector of size zero was passed to the RosettaThreadManager!  Duly returning without doing anything.
protocols.geometry.RB_geometry: [ WARNING ] centroids_by_jump_int called but no interface detected!!
protocols.geometry.RB_geometry: [ WARNING ] calling centroids_by_jump...
core.pack.task: Packer task: initialize from command line() 
protocols.geometry.RB_geometry: [ WARNING ] centroids_by_jump_int called but no interface detected!!
protocols.geometry.RB_geometry: [ WARNING ] calling centroids_by_jump...
core.pack.task: Packer task: initialize from command line() 
protocols.geometry.RB_geometry: [ WARNING ] centroids_by_jump_int called but no interface detected!!
protocols.geometry.RB_geometry: [ WARNING ] calling centroids_by_jump...
core.pack.task: Packer task: initialize from command line() 
protocols.geometry.RB_geometry: [ WARNING ] centroids_by_jump_int called but no interface detected!!
protocols.geometry.RB_geometry: [ WARNING ] calling centroids_by_jump...
core.pack.task: Packer task: initialize from command line() 
protocols.geometry.RB_geometry: [ WARNING ] centroids_by_jump_int called but no interface detected!!
protocols.geometry.RB_geometry: [ WARNING ] calling centroids_by_jump...
core.pack.task: Packer task: initialize from command line() 
protocols.geometry.RB_geometry: [ WARNING ] centroids_by_jump_int called but no interface detected!!
protocols.geometry.RB_geometry: [ WARNING ] calling centroids_by_jump...
core.pack.task: Packer task: initialize from command line() 
protocols.geometry.RB_geometry: [ WARNING ] centroids_by_jump_int called but no interface detected!!
protocols.geometry.RB_geometry: [ WARNING ] calling centroids_by_jump...
core.pack.task: Packer task: initialize from command line() 
protocols.geometry.RB_geometry: [ WARNING ] centroids_by_jump_int called but no interface detected!!
protocols.geometry.RB_geometry: [ WARNING ] calling centroids_by_jump...
core.pack.task: Packer task: initialize from command line() 
core.pack.task: Packer task: initialize from command line() 
core.pack.pack_rotamers: built 0 rotamers at 0 positions.
core.pack.interaction_graph.interaction_graph_factory: Instantiating DensePDInteractionGraph
basic.thread_manager.RosettaThreadManager: [ WARNING ] A work vector of size zero was passed to the RosettaThreadManager!  Duly returning without doing anything.
protocols.geometry.RB_geometry: [ WARNING ] centroids_by_jump_int called but no interface detected!!
protocols.geometry.RB_geometry: [ WARNING ] calling centroids_by_jump...
core.pack.task: Packer task: initialize from command line() 
protocols.geometry.RB_geometry: [ WARNING ] centroids_by_jump_int called but no interface detected!!
protocols.geometry.RB_geometry: [ WARNING ] calling centroids_by_jump...
core.pack.task: Packer task: initialize from command line() 
protocols.geometry.RB_geometry: [ WARNING ] centroids_by_jump_int called but no interface detected!!
protocols.geometry.RB_geometry: [ WARNING ] calling centroids_by_jump...
core.pack.task: Packer task: initialize from command line() 
protocols.geometry.RB_geometry: [ WARNING ] centroids_by_jump_int called but no interface detected!!
protocols.geometry.RB_geometry: [ WARNING ] calling centroids_by_jump...
core.pack.task: Packer task: initialize from command line() 
protocols.geometry.RB_geometry: [ WARNING ] centroids_by_jump_int called but no interface detected!!
protocols.geometry.RB_geometry: [ WARNING ] calling centroids_by_jump...
core.pack.task: Packer task: initialize from command line() 
protocols.geometry.RB_geometry: [ WARNING ] centroids_by_jump_int called but no interface detected!!
protocols.geometry.RB_geometry: [ WARNING ] calling centroids_by_jump...
core.pack.task: Packer task: initialize from command line() 
protocols.geometry.RB_geometry: [ WARNING ] centroids_by_jump_int called but no interface detected!!
protocols.geometry.RB_geometry: [ WARNING ] calling centroids_by_jump...
core.pack.task: Packer task: initialize from command line() 
protocols.geometry.RB_geometry: [ WARNING ] centroids_by_jump_int called but no interface detected!!
protocols.geometry.RB_geometry: [ WARNING ] calling centroids_by_jump...
core.pack.task: Packer task: initialize from command line() 
core.pack.task: Packer task: initialize from command line() 
core.pack.pack_rotamers: built 0 rotamers at 0 positions.
core.pack.interaction_graph.interaction_graph_factory: Instantiating DensePDInteractionGraph
basic.thread_manager.RosettaThreadManager: [ WARNING ] A work vector of size zero was passed to the RosettaThreadManager!  Duly returning without doing anything.
protocols.geometry.RB_geometry: [ WARNING ] centroids_by_jump_int called but no interface detected!!
protocols.geometry.RB_geometry: [ WARNING ] calling centroids_by_jump...
core.pack.task: Packer task: initialize from command line() 
protocols.geometry.RB_geometry: [ WARNING ] centroids_by_jump_int called but no interface detected!!
protocols.geometry.RB_geometry: [ WARNING ] calling centroids_by_jump...
core.pack.task: Packer task: initialize from command line() 
protocols.geometry.RB_geometry: [ WARNING ] centroids_by_jump_int called but no interface detected!!
protocols.geometry.RB_geometry: [ WARNING ] calling centroids_by_jump...
core.pack.task: Packer task: initialize from command line() 
protocols.geometry.RB_geometry: [ WARNING ] centroids_by_jump_int called but no interface detected!!
protocols.geometry.RB_geometry: [ WARNING ] calling centroids_by_jump...
core.pack.task: Packer task: initialize from command line() 
protocols.geometry.RB_geometry: [ WARNING ] centroids_by_jump_int called but no interface detected!!
protocols.geometry.RB_geometry: [ WARNING ] calling centroids_by_jump...
core.pack.task: Packer task: initialize from command line() 
protocols.docking.DockingProtocol.metrics: unbound pose: 
protocols.docking.DockingProtocol.metrics: 
------------------------------------------------------------
 Scores                       Weight   Raw Score Wghtd.Score
------------------------------------------------------------
 fa_atr                       1.000   -6814.833   -6814.833
 fa_rep                       0.550    3983.246    2190.785
 fa_sol                       1.000    4682.917    4682.917
 fa_intra_rep                 0.005    3194.729      15.974
 fa_intra_sol_xover4          1.000     246.907     246.907
 lk_ball_wtd                  1.000    -161.300    -161.300
 fa_elec                      1.000   -1499.849   -1499.849
 ch_bond_bb_bb                0.500      -8.411      -4.206
 pro_close                    1.250     140.227     175.284
 fa_cust_pair_dist            1.000       9.279       9.279
 hbond_sr_bb                  0.500    -592.797    -296.398
 hbond_lr_bb                  1.000     -10.047     -10.047
 hbond_bb_sc                  1.000     -54.883     -54.883
 hbond_sc                     1.000     -59.088     -59.088
 dslf_fa13                    1.250     -29.686     -37.108
 rama                         0.200    -306.444     -61.289
 omega                        0.500      34.363      17.182
 fa_dun                       0.700    5585.591    3909.914
 p_aa_pp                      0.300     -77.468     -23.240
 yhh_planarity                0.625       0.000       0.000
 ref                          1.000     261.134     261.134
 rama_prepro                  0.450     786.808     354.064
---------------------------------------------------
 Total weighted score:                     2841.198
protocols.docking.DockingProtocol.metrics: bound pose: 
protocols.docking.DockingProtocol.metrics: 
------------------------------------------------------------
 Scores                       Weight   Raw Score Wghtd.Score
------------------------------------------------------------
 fa_atr                       1.000   -6814.833   -6814.833
 fa_rep                       0.550    3983.246    2190.785
 fa_sol                       1.000    4682.917    4682.917
 fa_intra_rep                 0.005    3194.729      15.974
 fa_intra_sol_xover4          1.000     246.907     246.907
 lk_ball_wtd                  1.000    -161.300    -161.300
 fa_elec                      1.000   -1499.849   -1499.849
 ch_bond_bb_bb                0.500      -8.411      -4.206
 pro_close                    1.250     140.227     175.284
 fa_cust_pair_dist            1.000       9.279       9.279
 hbond_sr_bb                  0.500    -592.797    -296.398
 hbond_lr_bb                  1.000     -10.047     -10.047
 hbond_bb_sc                  1.000     -54.883     -54.883
 hbond_sc                     1.000     -59.088     -59.088
 dslf_fa13                    1.250     -29.686     -37.108
 rama                         0.200    -306.444     -61.289
 omega                        0.500      34.363      17.182
 fa_dun                       0.700    5585.591    3909.914
 p_aa_pp                      0.300     -77.468     -23.240
 yhh_planarity                0.625       0.000       0.000
 ref                          1.000     261.134     261.134
 rama_prepro                  0.450     786.808     354.064
---------------------------------------------------
 Total weighted score:                     2841.198
protocols.docking.DockingProtocol.metrics: unbound energy: 2841.2
protocols.docking.DockingProtocol.metrics: bound energy: 2841.2
protocols.docking.DockingProtocol.metrics: interaction energy: -2.72848e-12
protocols.docking.DockingProtocol.metrics: rb_jump: 1
protocols.docking.DockingProtocol.metrics: unbound pose: 
protocols.docking.DockingProtocol.metrics: 
------------------------------------------------------------
 Scores                       Weight   Raw Score Wghtd.Score
------------------------------------------------------------
 fa_atr                       1.000   -6814.833   -6814.833
 fa_rep                       0.550    3983.246    2190.785
 fa_sol                       1.000    4682.917    4682.917
 fa_intra_rep                 0.005    3194.729      15.974
 fa_intra_sol_xover4          1.000     246.907     246.907
 lk_ball_wtd                  1.000    -161.300    -161.300
 fa_elec                      1.000   -1499.849   -1499.849
 ch_bond_bb_bb                0.500      -8.411      -4.206
 pro_close                    1.250     140.227     175.284
 fa_cust_pair_dist            1.000       9.279       9.279
 hbond_sr_bb                  0.500    -592.797    -296.398
 hbond_lr_bb                  1.000     -10.047     -10.047
 hbond_bb_sc                  1.000     -54.883     -54.883
 hbond_sc                     1.000     -59.088     -59.088
 dslf_fa13                    1.250     -29.686     -37.108
 rama                         0.200    -306.444     -61.289
 omega                        0.500      34.363      17.182
 fa_dun                       0.700    5585.591    3909.914
 p_aa_pp                      0.300     -77.468     -23.240
 yhh_planarity                0.625       0.000       0.000
 ref                          1.000     261.134     261.134
 rama_prepro                  0.450     786.808     354.064
---------------------------------------------------
 Total weighted score:                     2841.198
protocols.docking.DockingProtocol.metrics: bound pose: 
protocols.docking.DockingProtocol.metrics: 
------------------------------------------------------------
 Scores                       Weight   Raw Score Wghtd.Score
------------------------------------------------------------
 fa_atr                       1.000   -6814.833   -6814.833
 fa_rep                       0.550    3983.246    2190.785
 fa_sol                       1.000    4682.917    4682.917
 fa_intra_rep                 0.005    3194.729      15.974
 fa_intra_sol_xover4          1.000     246.907     246.907
 lk_ball_wtd                  1.000    -161.300    -161.300
 fa_elec                      1.000   -1499.849   -1499.849
 ch_bond_bb_bb                0.500      -8.411      -4.206
 pro_close                    1.250     140.227     175.284
 fa_cust_pair_dist            1.000       9.279       9.279
 hbond_sr_bb                  0.500    -592.797    -296.398
 hbond_lr_bb                  1.000     -10.047     -10.047
 hbond_bb_sc                  1.000     -54.883     -54.883
 hbond_sc                     1.000     -59.088     -59.088
 dslf_fa13                    1.250     -29.686     -37.108
 rama                         0.200    -306.444     -61.289
 omega                        0.500      34.363      17.182
 fa_dun                       0.700    5585.591    3909.914
 p_aa_pp                      0.300     -77.468     -23.240
 yhh_planarity                0.625       0.000       0.000
 ref                          1.000     261.134     261.134
 rama_prepro                  0.450     786.808     354.064
---------------------------------------------------
 Total weighted score:                     2841.198
protocols.docking.DockingProtocol.metrics: unbound energy: 2841.2
protocols.docking.DockingProtocol.metrics: bound energy: 2841.2
protocols.docking.DockingProtocol.metrics: interaction energy: -2.72848e-12
protocols.docking.DockingProtocol.metrics: rb_jump: 1
protocols.jd2.JobDistributor: complex_0010 reported success in 9 seconds
protocols.jd2.JobDistributor: no more batches to process... 
protocols.jd2.JobDistributor: 10 jobs considered, 10 jobs attempted in 91 seconds
protocols.jd2.JobDistributor: [ WARNING ] The following options have been set, but have not yet been used:
	-docking:dock_pert 3 8

